EVTM,NAME,QUALIFIER,PARTNO,LOCATION,CONN_NAME,LOCPAGE,ZONE,CONN_CELL,CONN_PAGE,HCCF_CELL,HCCF_PAGE,ITEMID_,FREQUENCY
EVK,4R44E Automatic Transmission,3.0L,7000,"Under center of vehicle, behind engine,LH side of automatic transm",C158,003,F9,,,,,,
EVK,5R55E Automatic Transmission,4.0L,7000,"Under center of vehicle, behind engine,LH side of automatic transmission",C158,004,D10,,,,,,
EVK,A/C Clutch Diode,3.0L,14A604,"Lower RH front of engine, taped in harness,near A/C compressor assembly",,002,F3,,,,,,
EVK,A/C Clutch Diode,4.0L,14A604,"Top LH front of engine, taped in harness,near A/C compressor assembly",,001,A5,,,,,,
EVK,A/C Clutch Field Coil,3.0L,19703,"Lower RH front of engine, part of A/C compressor assembly",C160,002,F4,,,,,,
EVK,A/C Clutch Field Coil,4.0L,19703,"Top LH front of engine, part of A/C compressor assembly",C160,001,A4,,,,,,
EVK,A/C WOT Cutout Relay,,N/A,In engine compartment relay box,C171,001,B10,,,,,,
EVK,A/C-Heater Control Assembly,,19980,Top center of I/P,C287,005,A7,,,,,,
EVK,A/C-Heater Control Illumination,,18541,"Behind top center of I/P, part of A/C-heater control assembly",C241,005,A6,,,,,,
EVK,Air Bag Diagnostic Monitor,,14B056,"Behind LH side of I/P, near top of cowl panel",C233,006,B1,,,,,,
EVK,Air Bag Diagnostic Monitor,,14B056,"Behind LH side of I/P, near top of cowl panel",C232,006,B1,,,,,,
EVK,Air Bag Safing Sensor,,14B007,Behind LH cowl panel,C263,008,E1,,,,,,
EVK,Ashtray Lamp,,13A726,"Behind lower center of I/P, in ashtray",C220,006,B10,,,,,,
EVK,Auxiliary A/C System Refrigerant Valve Solenoid,,19E653,"Behind LH ""B"" pillar, near auxiliary blower motor",C323,007,F4,,,,,,
EVK,Auxiliary Blower Motor,,18527,"Behind LH ""B"" pillar",C324,007,F3,,,,,,
EVK,Auxiliary Blower Motor Relay,,9845,"Behind LH ""B"" pillar, near auxiliary blower motor",C330,009,F2,,,,,,
EVK,Auxiliary Blower Motor Resistor Assembly,,19A706,"Behind LH ""B"" pillar, above auxiliary blower motor",C325,007,F6,,,,,,
EVK,Backup Lamps Relay,,13A435,"LH rear of cargo area, part of trailer tow relay module",C412,009,A7,,,,,,
EVK,Battery,,N/A,RH side of engine,,,,,,,,,
EVK,Blower Motor,,18527,Top RH side of safety wall,C272,001,B1,,,,,,
EVK,Blower Motor Resistor Assembly,,19A706,"Top RH side of safety wall, near blower motor",C273,001,A2,,,,,,
EVK,Blower Motor Switch,,18578,Top center of I/P,C270,005,A5,,,,,,
EVK,Brake Fluid Level Switch,,2K478,"LH rear of engine compartment, on brake master cylinder",C165,001,A9,,,,,,
EVK,Brake On/Off (BOO) Switch,,13480,"Behind LH side of I/P, on brake pedal support",C252,006,A3,,,,,,
EVK,Brake Warning Resistor/Diode Assembly,,14A601,"Behind LH side of I/P, taped to main harness, near G200",,,,,,,,,
EVK,Button Connectors,,14A568,In front of sliding door,C807,007,A7,,,,,,
EVK,Button Connectors,,14A568,In front of sliding door,C810,007,A7,,,,,,
EVK,Button Connectors,,14A658,"Rear of RH ""B"" pillar",C332,007,A5,,,,,,
EVK,Button Connectors,,14A658,"Rear of RH ""B"" pillar",C331,007,A5,,,,,,
EVK,Button Connectors,,14A658,"Rear of RH ""B"" pillar",C806,007,A5,,,,,,
EVK,Button Connectors,,14A658,"Rear of RH ""B"" pillar",C805,007,A5,,,,,,
EVK,Button Connectors,,14A568,In front of sliding door,C808,007,A7,,,,,,
EVK,Button Connectors,,14A568,In front of sliding door,C809,007,A7,,,,,,
EVK,Camshaft Position (CMP) Sensor,3.0L,N/A,Top rear of engine,C110,003,C10,,,,,,
EVK,Camshaft Position (CMP) Sensor,4.0L,N/A,Top rear of engine,C110,004,A10,,,,,,
EVK,Cargo Lamp,,13K706,Center rear of roof,C475,009,A9,,,,,,
EVK,Center Radiator Primary Crash Sensor,,N/A,"Center front of vehicle, on upper radiator support",C107,001,F6,,,,,,
EVK,CKP Shield,,N/A,Near CKP Sensor,,,,,,,,,
EVK,Clockspring Assembly,,14A644,"Top of steering column, below steering wheel",C229,006,F4,,,,,,
EVK,Clockspring Assembly,,14A644,"Top of steering column, below steering wheel",C296,006,F4,,,,,,
EVK,Clockspring Assembly,,14A644,"Top of steering column, below steering wheel",C228,008,F3,,,,,,
EVK,Clockspring Assembly,,14A644,"Top of steering column, below steering wheel",2001,008,F3,,,,,,
EVK,Clutch Cycling Pressure Switch,,19E561,"RH rear of engine compartment, on A/C accumulator",C167,001,B1,,,,,,
EVK,CMP Shield,,N/A,Near CMP Sensor,,,,,,,,,
EVK,Courtesy Lamp Relay,,13A775,"LH rear corner of cargo area, front of LH ""D"" pillar, above rear lamps grommet",C478,009,B10,,,,,,
EVK,Crankshaft Position (CKP) Sensor,3.0L,6C315,"Lower RH front of engine, near pulley",C146,003,A1,,,,,,
EVK,Crankshaft Position (CKP) Sensor,4.0L,6C315,"Lower RH front of engine, near pulley",C146,004,A1,,,,,,
EVK,Data Link Connector (DLC),,14489,Center of I/P,C198,006,F6,,,023,009,,
EVK,Daytime Running Lamps (DRL) Module,,15A270,"Front of LH fender apron, forward of starter relay",C170,002,F9,,,,,,
EVK,Differential Pressure Feedback EGR (DPFE) Sensor,3.0L,N/A,Top LH front of engine,C148,003,F8,,,,,,
EVK,Differential Pressure Feedback EGR (DPFE) Sensor,4.0L,N/A,Top LH front of engine,C148,004,F7,,,,,,
EVK,Differential Speed Sensor (DSS),,9E761,Top of rear axle,C456,008,F9,,,,,,
EVK,Digital Transmission Range (DTR) Sensor,3.0L,7A247,LH side of automatic transmission,C163,003,D10,,,,,,
EVK,Digital Transmission Range (DTR) Sensor,4.0L,7A247,LH side of automatic transmission,C163,004,E10,,,,,,
EVK,Dome and Reading Lamps,,13A701,Center front of roof,C907,009,A3,,,,,,
EVK,Dome and Reading Lamps,,13A701,Center front of roof,C904,009,A3,,,,,,
EVK,Dome and Reading Lamps,,13A701,Center front of roof,C903,009,A3,,,,,,
EVK,Dome Lamp,,13778,Center front of roof,C907,009,A4,,,,,,
EVK,Dome Lamp,,13778,Center front of roof,C904,009,A4,,,,,,
EVK,Door Lock/Unlock Control Relay,,14A093,"In bottom of RH ""B"" pillar",C333,007,A8,,,,,,
EVK,Drivers Air Bag,,043B13,In center of steering wheel,C2001,,,,,,,,
EVK,DSS Test Connector,,14A624,"LH rear of engine compartment, on safety wall",C137,002,A5,,,,,,
EVK,EGR Vacuum Regulator (EVR) Solenoid,3.0L,N/A,Near fuel injector #3,C142,003,B10,,,,,,
EVK,EGR Vacuum Regulator (EVR) Solenoid,4.0L,N/A,Near fuel injector #3,C142,004,F6,,,,,,
EVK,Electronic 4 Wheel Drive Module,,7E453,Under RH side of LH front seat,C306,008,F4,,,,,,
EVK,Electronic Flasher,,13350,"Behind LH side of I/P,on front of fuse panel",C217,005,F4,,,,,,
EVK,Enable PSOM Programming Connector,,14A459,Behind RH cowl panel,C226,005,D10,,,,,,
EVK,Engine Compartment Relay Box,,N/A,"LH rear of engine compartment, rear of starter relay",C171,001,A10,,,013,014,,
EVK,Engine Coolant Temperature (ECT) Sensor,3.0L,12A648,"Top center front of engine, above water pump pulley",C177,003,C1,,,,,,
EVK,Engine Coolant Temperature (ECT) Sensor,4.0L,12A648,Top LH front of engine,C177,004,D1,,,,,,
EVK,Engine Coolant Temperature Sender,3.0L,10884,Top center front of engine,C193,003,A2,,,,,,
EVK,Engine Coolant Temperature Sender,4.0L,10884,Top RH front of engine,C193,004,B1,,,,,,
EVK,Engine Oil Pressure Switch,3.0L,9278,"Top RH rear of engine, behind valve cover",C174,003,A10,,,,,,
EVK,Engine Oil Pressure Switch,4.0L,9278,"Lower LH front of engine, above engine oil pan",C174,004,E1,,,,,,
EVK,Evaporative Emissions (EVAP) Canister Purge Solenoid,,9C915,"LH side of engine, near throttle body",C166,002,D1,,,,,,
EVK,Front Auxiliary Blower Motor Switch,,18578,Top center of I/P,C278,005,A4,,,,,,
EVK,Front Axle Speed Sensor,,7F293,Mounted on top LH side transfer case,C136,008,C10,,,,,,
EVK,Front Heated Oxygen Sensor (HO2S),3.0L,9F472,"Lower RH rear of engine, on exhaust manifold",C187,003,A7,,,,,,
EVK,Front Heated Oxygen Sensor (HO2S),4.0L,9F472,"Lower RH rear of engine, on exhaust manifold",C187,004,A8,,,,,,
EVK,Fuel Injector #1,3.0L,9F593,Top of respective cylinders,C178,003,A3,,,,,,
EVK,Fuel Injector #1,4.0L,9F593,Top of respective cylinders,C178,004,A2,,,,,,
EVK,Fuel Injector #2,3.0L,9F593,Top of respective cylinders,C179,003,A5,,,,,,
EVK,Fuel Injector #2,4.0L,9F593,Top of respective cylinders,C179,004,A7,,,,,,
EVK,Fuel Injector #3,3.0L,9F593,Top of respective cylinders,C180,003,A8,,,,,,
EVK,Fuel Injector #3,4.0L,9F593,Top of respective cylinders,C180,004,A9,,,,,,
EVK,Fuel Injector #4,3.0L,9F593,Top of respective cylinders,C181,003,F5,,,,,,
EVK,Fuel Injector #4,4.0L,9F593,Top of respective cylinders,C181,004,F5,,,,,,
EVK,Fuel Injector #5,3.0L,9F593,Top of respective cylinders,C182,003,F6,,,,,,
EVK,Fuel Injector #5,4.0L,9F593,Top of respective cylinders,C182,004,F9,,,,,,
EVK,Fuel Injector #6,3.0L,9F593,Top of respective cylinders,C183,003,E10,,,,,,
EVK,Fuel Injector #6,4.0L,9F593,Top of respective cylinders,C183,004,B10,,,,,,
EVK,Fuel Pump Relay,,N/A,In engine compartment relay box,C171,001,B10,,,,,,
EVK,Fuel Pump/Fuel Gauge Sender,,9H307,"Below rear of vehicle, top of fuel tank",C457,008,F8,,,,,,
EVK,Fuse Link A,,14526,"Center of LH fender apron, at starter relay",,002,F7,,,,,,
EVK,Fuse Link B,,14526,"Center of LH fender apron, at starter relay",,002,F7,,,,,,
EVK,Fuse Link C,,14526,"Center of LH fender apron, at starter relay",,002,D10,,,,,,
EVK,Fuse Link D,,14526,"Center of LH fender apron, at starter relay",,002,F7,,,,,,
EVK,Fuse Link E,,14526,"Center of LH fender apron, at starter relay",,002,D10,,,,,,
EVK,Fuse Link F,,14526,"Center of LH fender apron, at starter relay",,002,D10,,,,,,
EVK,Fuse Link G,,14526,"RH rear of engine compartment, taped to engine control sensor harness,",C100,002,A4,,,,,,
EVK,Fuse Link K,,14526,"Center of LH fender apron, at starter relay",,002,C10,,,,,,
EVK,Fuse Panel,,14A068,"Behind LH side of I/P, left of steering column",C221,005,E1,,,,,,
EVK,Generator/Voltage Regulator,,10300,Top RH front of engine,C154,001,F5,,,,,,
EVK,Generator/Voltage Regulator,,10300,Top RH front of engine,C153,001,F5,,,,,,
EVK,Generator/Voltage Regulator,,10300,Top RH front of engine,C125,001,F5,,,,,,
EVK,Glove Box Lamp And Switch,,15A563,"Behind RH side of I/P, in glove box",C281,006,E10,,,,,,
EVK,Heater Control Assembly,,18549,Top center of I/P,C287,005,A7,,,,,,
EVK,High Mount Stop Lamp,,N/A,"Rear center of vehicle, above defrost grid",C405,007,B10,,,,,,
EVK,High Pitch Horn,,13833,"Lower RH front of engine compartment, behind lower radiator support",C155,001,F4,,,,,,
EVK,High Pressure Cutoff Switch,3.0L,N/A,At T/O to a/c clutch field coil,C108,001,D1,,,,,,
EVK,High Pressure Cutoff Switch,4.0L,N/A,150mm from T/O to a/c clutch field coil,C108,001,A6,,,,,,
EVK,Horn Relay,,14N089,"Behind lower LH side of I/P, right of steering column",C225,006,A7,,,,,,
EVK,Horn Switch,,13A805,In steering wheel,C228,,,,,,,,
EVK,Idle Air Control (IAC) Valve,3.0L,9F715,"Top LH front of engine, LH side of airintake assembly",C190,003,F4,,,,,,
EVK,Idle Air Control (IAC) Valve,4.0L,9F715,"Top LH front of engine, LH side of air intake assembly",C190,004,F8,,,,,,
EVK,Ignition Coil,3.0L,12029,Top RH rear of engine,C143,003,A6,,,,,,
EVK,Ignition Coil,4.0L,12029,"Top RH side of engine, RH side of valve cover",C143,004,A6,,,,,,
EVK,Ignition Switch,,11572,Top RH side of steering column,C284,006,A5,,,,,,
EVK,Illuminated Entry Timer,,13C718,"Center rear of LH ""B"" pillar",C283,009,E1,,,,,,
EVK,In-Line Circuit Breaker,,14526,"Behind LH side of I/P, near LH side of fuse panel",C237,006,E1,,,,,,
EVK,In-Line Circuit Breaker,,14526,"Behind LH side of I/P, near LH side of fuse panel",C218,006,E1,,,,,,
EVK,In-Line Fuse,,14A094,"Behind left side of I/P, taped to main harness near fuse panel",C248,006,C1,,,,,,
EVK,Inertia Fuel Shut-Off Switch,,9341,Behind center of RH cowl panel,C285,005,F10,,,,,,
EVK,Instrument Cluster,,10849,Top LH side of I/P,C250,005,D1,,,,,,
EVK,Instrument Cluster,,10849,Top LH side of I/P,C249,005,D1,,,,,,
EVK,Instrument Cluster,,12A697,Top LH side of I/P,C251,005,C1,,,,,,
EVK,Instrument Panel Cigar Lighter,,14K006,"Lower center of I/P, below LH side of radio",C216,005,F8,,,,,,
EVK,Instrument Panel Cigar Lighter,,14K006,"Lower center of I/P, below LH side of radio",C214,005,F8,,,,,,
EVK,Instrument Panel Cigar Lighter Lamp,,N/A,"Behind lower center of I/P, on instrument panel cigar lighter",C219,006,F8,,,,,,
EVK,Intake Air Temperature (IAT) Sensor,3.0L,12A697,"Top LH side of engine, behind idle air control (IAC) valve",C161,003,B1,,,,,,
EVK,Intake Air Temperature (IAT) Sensor,4.0L,12A697,"Top LH side of engine, behind idle air control (IAC) valve",C161,,,,,,,,
EVK,Key Warning Switch,,11A127,"RH top of steering column, part of ignition switch assembly",C296,006,F4,,,,,,
EVK,Left Backup Lamp,,13404,Left rear of vehicle,C469,009,F8,,,,,,
EVK,Left Courtesy Lamp Switch,,13713,Lower rear of LH front door jamb,C244,009,E1,,,,,,
EVK,Left Door Handle Switch,,13752,"In top rear of LH front door, on top of latch assembly",C504,008,C1,,,,,,
EVK,Left Front Door Ajar Switch,,14A018,"In top rear of LH front door, on side of latch assembly",C280,008,D1,,,,,,
EVK,Left Front Door Lock Motor,,218A42,In rear of LH front door,C506,007,D1,,,,,,
EVK,Left Front Park/Turn Lamp,,13465,LH front corner of vehicle,C138,002,F10,,,,,,
EVK,Left Front Speaker,,18808,Top LH side of I/P,C223,005,A1,,,,,,
EVK,Left Headlamp,,13505,LH front of vehicle,C141,002,F8,,,,,,
EVK,Left Instrument Panel Courtesy Lamp,,13707,Lower LH side of I/P,C246,006,D1,,,,,,
EVK,Left License Lamp,,13550,Center of liftgate,C473,009,F9,,,,,,
EVK,Left Power Mirror,,17683,Top front of LH front door,C502,007,B1,,,,,,
EVK,Left Power Window Motor,,23394,In lower front of LH front door,C507,007,F2,,,,,,
EVK,Left Rear Seat Speaker,,18971,"LH side of cargo area, at ""C"" pillar",C320,007,A1,,,,,,
EVK,Left Rear Seat Speaker,,18971/19B140,"LH front of cargo area, at ""B"" pillar",C320,007,F7,,,,,,
EVK,Left Rear Stop/Side Marker/Turn Lamp,,13405,LH rear corner of vehicle,C467,009,F7,,,,,,
EVK,Left Vanity Mirror Lamp And Switch,,04104,LH side of windshield header,C905,009,B1,,,,,,
EVK,License Lamp,,13550,RH side of RH rear door,C463,007,D10,,,,,,
EVK,Liftgate Ajar Switch,,10C842,"In lower center of liftgate, on liftgate latch assembly",C458,008,F10,,,,,,
EVK,Liftgate Door Lock Motor,,N/A,Bottom center of liftgate,C415,007,F10,,,,,,
EVK,Liftgate Washer Pump Motor,,17664,"RH rear corner of cargo area, on front of ""D"" pillar, in liftgate washer fluidreservoir",C460,008,D10,,,,,,
EVK,Liftgate Wiper Motor,,17404,"In center of liftgate, below liftgate window",C461,008,C10,,,,,,
EVK,Liftgate Wiper/Washer Switch,,17A406,"LH center of I/P, RH side of instrument cluster",C293,005,A2,,,,,,
EVK,Low Pitch Horn,,13832,"Lower RH front of engine compartment, behind radiator support",C156,001,F3,,,,,,
EVK,Main Light Switch,,11654,"Top LH side of I/P, LH side of instrument cluster",C295,006,A2,,,,,,
EVK,Mass Air Flow (MAF) Sensor,,12B579,"RH rear of engine compartment, on air intake assembly",C192,002,A1,,,,,,
EVK,Master Window/Door Lock Switch,,14529,"In center of LH front door, on armrest",C508,007,D1,,,,,,
EVK,Multi-Function Switch,,13K359,Top LH side of steering column,C231,005,F5,,,,,,
EVK,Multi-Function Switch,,13K359,Top LH side of steering column,C268,005,F5,,,,,,
EVK,Octane Adjust,,14A464,"Top LH rear of engine compartment, taped to engine control sensor harness",C173,001,A8,,,,,,
EVK,Output Shaft Speed (OSS) Sensor,,7H103,Mounted on transmission,C114,004,D10,,,030,006,,
EVK,Overdrive Drum Speed (ODS) Sensor,,7M183,Mounted on transmission,C113,004,E10,,,030,006,,
EVK,Park Brake Switch,,15852,"Between front seats, on park brake support",C309,008,A3,,,,,,
EVK,PCM Inline Fuse,,N/A,LH rear of engine compartment,C112,001,C10,,,,,,
EVK,PCM Power Relay,,N/A,In engine compartment relay box,C171,001,B10,,,,,,
EVK,PCM Power Relay Diode,,N/A,In engine compartment relay box,C171,001,B10,,,,,,
EVK,Power Door Lock Module,,14677,"LH front of cargo area, behind LH ""B"" pillar",C326,007,F3,,,,,,
EVK,Power Mirror Switch,,17B676,"In top front of LH front door, on armrest",C550,007,C1,,,,,,
EVK,Powertrain Control Module (PCM),3.0L,12A650,"Top LH side of safety wall, LH side of brake master cylinder",C172,002,A7,,,,,,
EVK,Powertrain Control Module (PCM),4.0L,12A650,"Top LH side of safety wall, LH sideof brake master cylinder",C172,002,A7,,,,,,
EVK,Pressure Differential Warning Switch,,N/A,"LH rear of engine compartment, below brake fluid reservoir",C164,002,B10,,,,,,
EVK,Purge Flow Sensor,,N/A,Top center front of engine,C120,002,C1,,,,,,
EVK,RABS Proportioning Valve Switch Assembly,,2B373,"LH rear of engine compartment, below master cylinder",C159,001,F10,,,,,,
EVK,RABS Test Connector,,14489/14A459,"Behind LH side of I/P, taped to main harness near C296",C297,006,A6,,,,,,
EVK,Radio,,19B159/19B131,Center of I/P,C258,005,A5,,,,,,
EVK,Radio,,19B159/19B159,Center of I/P,C257,005,A6,,,,,,
EVK,Radio,,19B159/19B131,Center of I/P,C254,005,A5,,,,,,
EVK,Radio Amplifier,,N/A,Center of I/P near radio,C256,006,A9,,,,,,
EVK,Radio Amplifier,,N/A,Center of I/P near radio,C253,006,A9,,,,,,
EVK,Radio Noise Capacitor,3.0L,18832,"Top LH rear of engine, near ignition coil",C195,003,A9,,,,,,
EVK,Radio Noise Capacitor,4.0L,18832,"Top RH side of engine, near ignition coil",C195,004,A5,,,,,,
EVK,Radio Remote,,N/A,Center of I/P near radio,C255,006,A9,,,,,,
EVK,Rear Anti-Lock Brake System (RABS) Module,,2C018,"Behind lower center of I/P, below ashtray",C279,006,F7,,,,,,
EVK,Rear Auxiliary Blower Motor Switch,,18578,"Behind LH ""B"" pillar, in trim panel,near bottom of window",C310,007,F5,,,,,,
EVK,Rear Auxiliary Blower Motor Switch Illumination,,18541,"Behind LH ""B"" pillar, on rear auxiliary blower motor switch",C315,009,D1,,,,,,
EVK,Rear Axle Speed Sensor,,7F293,Mounted on top RH side of transfer case,C169,008,B10,,,,,,
EVK,Rear Cigar Lighter,,N/A,LH front of cargo area in trim panel near rear astray,C327,007,F7,,,,,,
EVK,Rear Cigar Lighter,,N/A,LH front of cargo area in trim panel near rear astray,C316,007,F7,,,,,,
EVK,Rear Cigar Lighter Illumination,,N/A,LH front of cargo area in trim panel near rear astray,C314,009,F4,,,,,,
EVK,Rear Door Latch Ajar Switch,,43286,In top part of RH rear door,C474,008,D10,,,,,,
EVK,Rear Heated Oxygen Sensor (HO2S),3.0L,9F472,"Lower RH rear of engine, on exhaust manifold",C157,003,C10,,,,,,
EVK,Rear Heated Oxygen Sensor (HO2S),4.0L,9F472,"Lower RH rear of engine, on exhaust manifold",C157,004,C10,,,,,,
EVK,Rear Window Defrost Control,,19A328,"LH center of I/P, RH side of instrument cluster",C299,005,A3,,,,,,
EVK,Rear Window Defrost Grid,,42006,On liftgate window,C479,007,B10,,,,,,
EVK,Rear Window Defrost Grid,,42006,On liftgate window,C477,007,B10,,,,,,
EVK,Remote Headphone Jumper,Without Remote Headphones,19A017,"LH side of cargo area, behind trim panel",C322,008,A5,,,,,,
EVK,Remote Headphone Module,With Remote Headphones,19A164,"LH side of cargo area, behind trim panel",C322,008,A5,,,,,,
EVK,RH Kick Panel Crash Sensor,,N/A,Behind RH cowl panel,C242,008,A4,,,,,,
EVK,Right Backup Lamp,,13405,Right rear of vehicle,C470,009,D10,,,,,,
EVK,Right Courtesy Lamp Switch,,13713,Front of RH front door jamb,C245,006,F9,,,,,,
EVK,Right Door Handle Switch,,13752,"In top rear of RH front door, on top of latch assembly",C604,008,A7,,,,,,
EVK,Right Front Door Ajar Switch,,14A018,"In top rear of RH front door, on side of latch assembly",C282,008,A7,,,,,,
EVK,Right Front Door Lock Motor,,218A42,In rear of RH front door,C606,007,A6,,,,,,
EVK,Right Front Park/Turn Lamp,,N/A,RH front corner of vehicle,C139,002,E1,,,,,,
EVK,Right Front Speaker,,18808,Top RH side of I/P,C224,005,A9,,,,,,
EVK,Right Headlamp,,13006,RH front of vehicle,C140,002,E1,,,,,,
EVK,Right Instrument Panel Courtesy Lamp,,13707,Lower RH side of I/P,C247,006,C10,,,,,,
EVK,Right License Lamp,,13550,Center of liftgate,C476,009,E10,,,,,,
EVK,Right Power Mirror,,17683,Top front of RH front door,C602,007,A4,,,,,,
EVK,Right Power Window Motor,,23394,In lower front of RH front door,C607,007,A3,,,,,,
EVK,Right Rear Door Ajar Switch,,10C842,In lower LH corner of RH rear door,C464,008,E10,,,,,,
EVK,Right Rear Door Lock Motor,,N/A,RH rear bottom of door,C465,009,E10,,,,,,
EVK,Right Rear Seat Speaker,,18971/19B135,"RH side of cargo area, at ""C"" pillar",C319,007,B10,,,,,,
EVK,Right Rear Stop/Side Marker/Turn Lamp,,13404,RH rear corner of vehicle,C468,009,C10,,,,,,
EVK,Right Vanity Mirror Lamp And Switch,,04104,RH side of windshield header,C906,009,A5,,,,,,
EVK,Right Window/Door Lock Switch,,14529,"Center of RH front door, on armrest",C608,007,A5,,,,,,
EVK,Running Lamps Relay,,13A435,"LH rear of cargo area, part of trailer tow relay module",C413,009,A7,,,,,,
EVK,Seat Belt Buckle Switch,,611A72,In drivers seat belt buckle assembly,C311,008,F6,,,,,,
EVK,Shift Lock Actuator,,3E723,On lower part of steering column,C264,006,A4,,,,,,
EVK,Sliding Door Ajar Relay,,14B193,"Behind lower LH side of I/P, right of steering column",C265,006,A8,,,,,,
EVK,Sliding Door Courtesy Lamp Switch,,13A786/13713,"Lower rear of RH ""B"" pillar, at front of sliding door step well",C312,009,F6,,,,,,
EVK,Sliding Door Lock Motor,,N/A,"In front of sliding door, below window",C804,007,A8,,,,,,
EVK,Speed Control Disable Switch,,N/A,"Behind LH side of I/P, near BOO switch",C201,,,,,,,,
EVK,Speed Control Servo/Amplifier Assembly,,9C735,LH rear corner of engine compartment,C197,001,D10,,,,,,
EVK,Speed Control Switch Assembly,,9C888,In steering wheel near clockspring assembly,C228,,,,,,,,
EVK,Starter Motor/Solenoid,3.0L,11002,Lower LH rear of engine,,,,,,,,,
EVK,Starter Motor/Solenoid,4.0L,11002,Lower LH rear of engine,,,,,,,,,
EVK,Starter Relay,,11450,Center of LH fender apron,C111,002,B10,,,,,,
EVK,Stepwell Lamp,,13776,"In bottom rear of RH ""B"" pillar, at front of sliding door stepwell",C313,009,F5,,,,,,
EVK,Tach Test Connector,,14489,"LH rear of engine compartment, taped to engine control sensor harness",C145,002,A6,,,,,,
EVK,Throttle Position (TP) Sensor,3.0L,9B989,"Top center front of engine, on throttle body",C149,003,D1,,,,,,
EVK,Throttle Position (TP) Sensor,4.0L,9B989,"Top LH front of engine, on throttle body",C149,004,F3,,,,,,
EVK,Transfer Case Clutch Solenoid,,76361,Top RH side of transfer case,C147,008,A9,,,,,,
EVK,Transmission Control Switch (TCS),,N/A,On end of transmission selector lever,C269,005,F6,,,,,,
EVK,Warning Chime Module,,10D840,"Behind LH side of I/P, near top of cowl panel",C236,006,D1,,,,,,
EVK,Windshield Washer Pump Motor,,17664,"Lower LH front of engine compartment,in windshield washer fluid reservoir",C144,001,F8,,,,,,
EVK,Windshield Wiper Motor,,17504,Top center of safety wall,C152,001,A7,,,,,,
EVK,Windshield Wiper Motor,,17504,Top center of safety wall,C151,001,A7,,,,,,
EVK,Wiper Control Module,,17D539,"Behind lower LH side of I/P, right of steering column",C222,005,F6,,,,,,
