CELLID_,PAGEID_,EVTM,CELLTYPE,CELL,PAGE,TITLE,SUBTITLE,QUALIFIER,QUALIF_2,QUALIF_3,QUALIF_4,QUALIF_5,QUALIF_6,QUALIF_7,FILENAME,TABLE,HCCF_CELL,HCCF_PAGE
0.0,0.0,EX1,IDX,001,001,Table of Contents/Index,Table of Contents/Index,Table of Contents/Index,,,,,,,,,,
0.0,0.0,EX1,TXT,002,001,How To Use This Manual,,,,,,,,,EX100201.htm,,,
0.0,0.0,EX1,SCH,010,001,Grounds,,,,,,,,,EX101001.gif,,,
0.0,0.0,EX1,SCH,010,002,Grounds,,,,,,,,,EX101002.gif,,,
0.0,0.0,EX1,SCH,010,003,Grounds,,,,,,,,,EX101003.gif,,,
0.0,0.0,EX1,SCH,010,004,Grounds,,,,,,,,,EX101004.gif,,,
0.0,0.0,EX1,SCH,010,005,Grounds,,,,,,,,,EX101005.gif,,,
0.0,0.0,EX1,SCH,010,006,Grounds,,,,,,,,,EX101006.gif,,,
0.0,0.0,EX1,SCH,010,007,Grounds,,,,,,,,,EX101007.gif,,,
0.0,0.0,EX1,SCH,010,008,Grounds,,,,,,,,,EX101008.gif,,,
0.0,0.0,EX1,SCH,010,009,Grounds,,,,,,,,,EX101009.gif,,,
0.0,0.0,EX1,SCH,010,010,Grounds,,,,,,,,,EX101010.gif,,,
0.0,0.0,EX1,SCH,010,011,Grounds,,,,,,,,,EX101011.gif,,,
0.0,0.0,EX1,TXT,011,001,Circuit Protection/Fuse Panel,,,Circuit Protection/Fuse Panel,,,,,,EX101101.htm,,,
0.0,0.0,EX1,SCH,012,001,Charging System,,,,,,,,,EX101201.gif,,,
0.0,0.0,EX1,SCH,013,001,Power Distribution,,,,,,,,,EX101301.gif,,,
0.0,0.0,EX1,SCH,013,002,Power Distribution,,,,,,,,,EX101302.gif,,,
0.0,0.0,EX1,SCH,013,003,Power Distribution,,,,,,,,,EX101303.gif,,,
0.0,0.0,EX1,SCH,013,004,Power Distribution,,,,,,,,,EX101304.gif,,,
0.0,0.0,EX1,SCH,013,005,Power Distribution,,,,,,,,,EX101305.gif,,,
0.0,0.0,EX1,SCH,013,006,Power Distribution,,,,,,,,,EX101306.gif,,,
0.0,0.0,EX1,SCH,013,007,Power Distribution,,,,,,,,,EX101307.gif,,,
0.0,0.0,EX1,SCH,013,008,Power Distribution,,,,,,,,,EX101308.gif,,,
0.0,0.0,EX1,SCH,013,009,Power Distribution,,,,,,,,,EX101309.gif,,,
0.0,0.0,EX1,SCH,013,010,Power Distribution,,,,,,,,,EX101310.gif,,,
0.0,0.0,EX1,SCH,013,011,Power Distribution,,,,,,,,,EX101311.gif,,,
0.0,0.0,EX1,SCH,013,012,Power Distribution,,,,,,,,,EX101312.gif,,,
0.0,0.0,EX1,SCH,013,013,Power Distribution,,5.4L,,,,,,,EX101313.gif,,,
0.0,0.0,EX1,SCH,013,014,Power Distribution,,,,,,,,,EX101314.gif,,,
0.0,0.0,EX1,SCH,013,015,Power Distribution,,,,,,,,,EX101315.gif,,,
0.0,0.0,EX1,SCH,013,016,Power Distribution,,,,,,,,,EX101316.gif,,,
0.0,0.0,EX1,SCH,013,017,Power Distribution,,,,,,,,,EX101317.gif,,,
0.0,0.0,EX1,SCH,014,001,Multiplex Communication Network,,,,,,,,,EX101401.gif,,,
0.0,0.0,EX1,SCH,014,002,Multiplex Communication Network,,,,,,,,,EX101402.gif,,,
0.0,0.0,EX1,SCH,020,001,Starting System,,,,,,,,,EX102001.gif,,,
0.0,0.0,EX1,SCH,021,001,Ignition System,,,,,,,,,EX102101.gif,,,
0.0,0.0,EX1,SCH,021,002,Ignition System,,4.2L Only,,,,,,,EX102102.gif,,,
0.0,0.0,EX1,SCH,021,003,Ignition System,,4.6L Only,,,,,,,EX102103.gif,,,
0.0,0.0,EX1,SCH,021,004,Ignition System,,5.4L Gasoline and 54L NGV,,,,,,,EX102104.gif,,,
0.0,0.0,EX1,SCH,022,001,Engine Controls,5.4L Bi-Fuel,,,,,,,,EX102201.gif,,,
0.0,0.0,EX1,SCH,022,002,Engine Controls,5.4L Bi-Fuel,,,,,,,,EX102202.gif,,,
0.0,0.0,EX1,SCH,022,003,Engine Controls,5.4L Bi-Fuel,,,,,,,,EX102203.gif,,,
0.0,0.0,EX1,SCH,022,004,Engine Controls,5.4L Bi-Fuel,,,,,,,,EX102204.gif,,,
0.0,0.0,EX1,SCH,022,005,Engine Controls,5.4L Bi-Fuel,,,,,,,,EX102205.gif,,,
0.0,0.0,EX1,SCH,022,006,Engine Controls,5.4L Bi-Fuel,,,,,,,,EX102206.gif,,,
0.0,0.0,EX1,SCH,022,007,Engine Controls,5.4L Bi-Fuel,,,,,,,,EX102207.gif,,,
0.0,0.0,EX1,SCH,022,008,Engine Controls,5.4L Bi-Fuel,,,,,,,,EX102208.gif,,,
0.0,0.0,EX1,SCH,022,009,Engine Controls,5.4L Bi-Fuel,,,,,,,,EX102209.gif,,,
0.0,0.0,EX1,SCH,022,010,Engine Controls,5.4L Bi-Fuel,,,,,,,,EX102210.gif,,,
0.0,0.0,EX1,SCH,022,011,Engine Controls,5.4L Bi-Fuel,,,,,,,,EX102211.gif,,,
0.0,0.0,EX1,SCH,022,012,Engine Controls,5.4L Bi-Fuel,,,,,,,,EX102212.gif,,,
0.0,0.0,EX1,SCH,022,013,Engine Controls,5.4L Bi-Fuel,,,,,,,,EX102213.gif,,,
0.0,0.0,EX1,SCH,022,014,Engine Controls,5.4L Bi-Fuel,,,,,,,,EX102214.gif,,,
0.0,0.0,EX1,SCH,022,022,Engine Controls,5.4L Bi-Fuel,,,,,,,,EX102222.gif,,,
0.0,0.0,EX1,SCH,023,001,Engine Controls,4.2L,,,,,,,,EX102301.gif,,,
0.0,0.0,EX1,SCH,023,002,Engine Controls,4.2L,,,,,,,,EX102302.gif,,,
0.0,0.0,EX1,SCH,023,003,Engine Controls,4.2L,,,,,,,,EX102303.gif,,,
0.0,0.0,EX1,SCH,023,004,Engine Controls,4.2L,,,,,,,,EX102304.gif,,,
0.0,0.0,EX1,SCH,023,005,Engine Controls,4.2L,,,,,,,,EX102305.gif,,,
0.0,0.0,EX1,SCH,023,006,Engine Controls,4.2L,,,,,,,,EX102306.gif,,,
0.0,0.0,EX1,SCH,023,007,Engine Controls,4.2L,,,,,,,,EX102307.gif,,,
0.0,0.0,EX1,SCH,023,008,Engine Controls,4.2L,,,,,,,,EX102308.gif,,,
0.0,0.0,EX1,SCH,024,001,Engine Controls,4.6L,,,,,,,,EX102401.gif,,,
0.0,0.0,EX1,SCH,024,002,Engine Controls,4.6L,,,,,,,,EX102402.gif,,,
0.0,0.0,EX1,SCH,024,003,Engine Controls,4.6L,,,,,,,,EX102403.gif,,,
0.0,0.0,EX1,SCH,024,004,Engine Controls,4.6L,,,,,,,,EX102404.gif,,,
0.0,0.0,EX1,SCH,024,005,Engine Controls,4.6L,,,,,,,,EX102405.gif,,,
0.0,0.0,EX1,SCH,024,006,Engine Controls,4.6L,,,,,,,,EX102406.gif,,,
0.0,0.0,EX1,SCH,024,007,Engine Controls,4.6L,,,,,,,,EX102407.gif,,,
0.0,0.0,EX1,SCH,024,008,Engine Controls,4.6L,,,,,,,,EX102408.gif,,,
0.0,0.0,EX1,SCH,025,001,Engine Controls,5.4L,,,,,,,,EX102501.gif,,,
0.0,0.0,EX1,SCH,025,002,Engine Controls,5.4L,,,,,,,,EX102502.gif,,,
0.0,0.0,EX1,SCH,025,003,Engine Controls,5.4L,,,,,,,,EX102503.gif,,,
0.0,0.0,EX1,SCH,025,004,Engine Controls,5.4L,,,,,,,,EX102504.gif,,,
0.0,0.0,EX1,SCH,025,005,Engine Controls,5.4L,,,,,,,,EX102505.gif,,,
0.0,0.0,EX1,SCH,025,006,Engine Controls,5.4L,,,,,,,,EX102506.gif,,,
0.0,0.0,EX1,SCH,025,007,Engine Controls,5.4L,,,,,,,,EX102507.gif,,,
0.0,0.0,EX1,SCH,025,008,Engine Controls,5.4L,,,,,,,,EX102508.gif,,,
0.0,0.0,EX1,SCH,026,001,Engine Controls,5.4L NGV,,,,,,,,EX102601.gif,,,
0.0,0.0,EX1,SCH,026,002,Engine Controls,5.4L NGV,,,,,,,,EX102602.gif,,,
0.0,0.0,EX1,SCH,026,003,Engine Controls,5.4L NGV,,,,,,,,EX102603.gif,,,
0.0,0.0,EX1,SCH,026,004,Engine Controls,5.4L NGV,,,,,,,,EX102604.gif,,,
0.0,0.0,EX1,SCH,026,005,Engine Controls,5.4L NGV,,,,,,,,EX102605.gif,,,
0.0,0.0,EX1,SCH,026,006,Engine Controls,5.4L NGV,,,,,,,,EX102606.gif,,,
0.0,0.0,EX1,SCH,026,007,Engine Controls,5.4L NGV,,,,,,,,EX102607.gif,,,
0.0,0.0,EX1,SCH,026,008,Engine Controls,5.4L NGV,,,,,,,,EX102608.gif,,,
0.0,0.0,EX1,SCH,026,009,Engine Controls,5.4L NGV,,,,,,,,EX102609.gif,,,
0.0,0.0,EX1,SCH,027,001,Engine Controls,5.4L Lightning,,,,,,,,EX102701.gif,,,
0.0,0.0,EX1,SCH,027,002,Engine Controls,5.4L Lightning,,,,,,,,EX102702.gif,,,
0.0,0.0,EX1,SCH,027,003,Engine Controls,5.4L Lightning,,,,,,,,EX102703.gif,,,
0.0,0.0,EX1,SCH,027,004,Engine Controls,5.4L Lightning,,,,,,,,EX102704.gif,,,
0.0,0.0,EX1,SCH,027,005,Engine Controls,5.4L Lightning,,,,,,,,EX102705.gif,,,
0.0,0.0,EX1,SCH,027,006,Engine Controls,5.4L Lightning,,,,,,,,EX102706.gif,,,
0.0,0.0,EX1,SCH,027,007,Engine Controls,5.4L Lightning,,,,,,,,EX102707.gif,,,
0.0,0.0,EX1,SCH,027,008,Engine Controls,5.4L Lightning,,,,,,,,EX102708.gif,,,
0.0,0.0,EX1,SCH,027,009,Engine Controls,5.4L Lightning,,,,,,,,EX102709.gif,,,
0.0,0.0,EX1,SCH,027,010,Engine Controls,5.4L Lightning,,,,,,,,EX102710.gif,,,
0.0,0.0,EX1,SCH,029,001,Transmission Controls,4R70W,,,,,,,,EX102901.gif,,,
0.0,0.0,EX1,SCH,029,002,Transmission Controls,4R70W,,,,,,,,EX102902.gif,,,
0.0,0.0,EX1,SCH,029,003,Transmission Controls,4R70W,,,,,,,,EX102903.gif,,,
0.0,0.0,EX1,SCH,029,004,Transmission Controls,4R70W,,,,,,,,EX102904.gif,,,
0.0,0.0,EX1,SCH,030,001,Transmission Controls,4R100,,,,,,,,EX103001.gif,,,
0.0,0.0,EX1,SCH,030,002,Transmission Controls,4R100,,,,,,,,EX103002.gif,,,
0.0,0.0,EX1,SCH,030,003,Transmission Controls,4R100,,,,,,,,EX103003.gif,,,
0.0,0.0,EX1,SCH,030,004,Transmission Controls,4R100,,,,,,,,EX103004.gif,,,
0.0,0.0,EX1,SCH,031,001,Speed Control,,,,,,,,,EX103101.gif,,,
0.0,0.0,EX1,SCH,031,002,Speed Control,,,,,,,,,EX103102.gif,,,
0.0,0.0,EX1,SCH,031,003,Speed Control,,,,,,,,,EX103103.gif,,,
0.0,0.0,EX1,SCH,034,001,Electric Shift Control,,Electronic Shift on the Fly,,,,,,,EX103401.gif,,,
0.0,0.0,EX1,SCH,034,002,Electric Shift Control,,Electronic Shift on the Fly,,,,,,,EX103402.gif,,,
0.0,0.0,EX1,SCH,034,003,Electric Shift Control,,Electronic Shift on the Fly,,,,,,,EX103403.gif,,,
0.0,0.0,EX1,SCH,034,004,Electric Shift Control,,Mechanical Shift on the Fly,,,,,,,EX103404.gif,,,
0.0,0.0,EX1,SCH,037,001,Shift Lock,,,,,,,,,EX103701.gif,,,
0.0,0.0,EX1,SCH,041,001,Rear Air Suspension (RAS),,,,,,,,,EX104101.gif,,,
0.0,0.0,EX1,SCH,041,002,Rear Air Suspension (RAS),,,,,,,,,EX104102.gif,,,
0.0,0.0,EX1,SCH,042,001,Anti-Lock Brake System (ABS),,RABS,,,,,,,EX104201.gif,,,
0.0,0.0,EX1,SCH,042,002,Anti-Lock Brake System (ABS),,RABS,,,,,,,EX104202.gif,,,
0.0,0.0,EX1,SCH,042,003,Anti-Lock Brake System (ABS),,4WABS,,,,,,,EX104203.gif,,,
0.0,0.0,EX1,SCH,042,004,Anti-Lock Brake System (ABS),,4WABS,,,,,,,EX104204.gif,,,
0.0,0.0,EX1,SCH,044,001,Horn/Cigar Lighter,,,,,,,,,EX104401.gif,,,
0.0,0.0,EX1,SCH,044,002,Horn/Cigar Lighter,,,,,,,,,EX104402.gif,,,
0.0,0.0,EX1,SCH,046,001,Air Bags,,,,,,,,,EX104601.gif,,,
0.0,0.0,EX1,SCH,046,002,Air Bags,,,,,,,,,EX104602.gif,,,
0.0,0.0,EX1,SCH,053,001,Heater,,,,,,,,,EX105301.gif,,,
0.0,0.0,EX1,SCH,054,001,Air Conditioner/Heater,,,,,,,,,EX105401.gif,,,
0.0,0.0,EX1,SCH,054,002,Air Conditioner/Heater,,,,,,,,,EX105402.gif,,,
0.0,0.0,EX1,SCH,054,003,Air Conditioner/Heater,,,,,,,,,EX105403.gif,,,
0.0,0.0,EX1,SCH,059,001,Multifunction Electronic Control Modules,,,,,,,,,EX105901.gif,,,
0.0,0.0,EX1,SCH,059,002,Multifunction Electronic Control Modules,,,,,,,,,EX105902.gif,,,
0.0,0.0,EX1,SCH,059,003,Multifunction Electronic Control Modules,,,,,,,,,EX105903.gif,,,
0.0,0.0,EX1,SCH,059,004,Multifunction Electronic Control Modules,,,,,,,,,EX105904.gif,,,
0.0,0.0,EX1,SCH,062,001,Instrument Cluster,,,,,,,,,EX106201.gif,,,
0.0,0.0,EX1,SCH,062,002,Instrument Cluster,,,,,,,,,EX106202.gif,,,
0.0,0.0,EX1,SCH,062,003,Instrument Cluster,,,,,,,,,EX106203.gif,,,
0.0,0.0,EX1,SCH,062,004,Instrument Cluster,,,,,,,,,EX106204.gif,,,
0.0,0.0,EX1,SCH,062,005,Instrument Cluster,,,,,,,,,EX106205.gif,,,
0.0,0.0,EX1,SCH,066,001,Warning Chime,,,,,,,,,EX106601.gif,,,
0.0,0.0,EX1,SCH,071,001,Instrument Illumination,,,,,,,,,EX107101.gif,,,
0.0,0.0,EX1,SCH,071,002,Instrument Illumination,,,,,,,,,EX107102.gif,,,
0.0,0.0,EX1,SCH,081,001,Interval Wiper/Washer,,,,,,,,,EX108101.gif,,,
0.0,0.0,EX1,SCH,081,002,Interval Wiper/Washer,,,,,,,,,EX108102.gif,,,
0.0,0.0,EX1,SCH,085,001,Headlamps,,,,,,,,,EX108501.gif,,,
0.0,0.0,EX1,SCH,085,002,Headlamps,,,,,,,,,EX108502.gif,,,
0.0,0.0,EX1,SCH,086,001,Fog Lamps,,,,,,,,,EX108601.gif,,,
0.0,0.0,EX1,SCH,086,002,Fog Lamps,,,,,,,,,EX108602.gif,,,
0.0,0.0,EX1,SCH,087,001,Autolamps,,,,,,,,,EX108701.gif,,,
0.0,0.0,EX1,SCH,087,002,Autolamps,,,,,,,,,EX108702.gif,,,
0.0,0.0,EX1,SCH,087,003,Autolamps,,,,,,,,,EX108703.gif,,,
0.0,0.0,EX1,SCH,087,004,Autolamps,,,,,,,,,EX108704.gif,,,
0.0,0.0,EX1,SCH,089,001,Courtesy Lamps,,,,,,,,,EX108901.gif,,,
0.0,0.0,EX1,SCH,089,002,Courtesy Lamps,,,,,,,,,EX108902.gif,,,
0.0,0.0,EX1,SCH,090,001,Turn/Stop/Hazard Lamps,,,,,,,,,EX109001.gif,,,
0.0,0.0,EX1,SCH,090,002,Turn/Stop/Hazard Lamps,,,,,,,,,EX109002.gif,,,
0.0,0.0,EX1,SCH,090,003,Turn/Stop/Hazard Lamps,,,,,,,,,EX109003.gif,,,
0.0,0.0,EX1,SCH,090,004,Turn/Stop/Hazard Lamps,,,,,,,,,EX109004.gif,,,
0.0,0.0,EX1,SCH,092,001,Exterior Lamps,,,,,,,,,EX109201.gif,,,
0.0,0.0,EX1,SCH,092,002,Exterior Lamps,,,,,,,,,EX109202.gif,,,
0.0,0.0,EX1,SCH,093,001,Reversing Lamps,,,,,,,,,EX109301.gif,,,
0.0,0.0,EX1,SCH,095,001,Trailer/Camper Adapter,,,,,,,,,EX109501.gif,,,
0.0,0.0,EX1,SCH,095,002,Trailer/Camper Adapter,,,,,,,,,EX109502.gif,,,
0.0,0.0,EX1,SCH,095,003,Trailer/Camper Adapter,,,,,,,,,EX109503.gif,,,
0.0,0.0,EX1,SCH,097,001,Daytime Running Lamps,,,,,,,,,EX109701.gif,,,
0.0,0.0,EX1,SCH,097,002,Daytime Running Lamps,,,,,,,,,EX109702.gif,,,
0.0,0.0,EX1,SCH,100,001,Power Windows,,,,,,,,,EX110001.gif,,,
0.0,0.0,EX1,SCH,100,002,Power Windows,,,,,,,,,EX110002.gif,,,
0.0,0.0,EX1,SCH,110,001,Power Door Locks,,W/O Remote Anti-Theft Personality (RAP) Module,,,,,,,EX111001.gif,,,
0.0,0.0,EX1,SCH,110,002,Power Door Locks,,W/Remote Anti-Theft Personality (RAP) Module,,,,,,,EX111002.gif,,,
0.0,0.0,EX1,SCH,110,003,Power Door Locks,,,,,,,,,EX111003.gif,,,
0.0,0.0,EX1,SCH,112,001,Anti-theft,,,,,,,,,EX111201.gif,,,
0.0,0.0,EX1,SCH,117,001,Remote Control Alarm and Lock System,,,,,,,,,EX111701.gif,,,
0.0,0.0,EX1,SCH,117,002,Remote Control Alarm and Lock System,,,,,,,,,EX111702.gif,,,
0.0,0.0,EX1,SCH,120,001,Power Seats,,,,,,,,,EX112001.gif,,,
0.0,0.0,EX1,SCH,124,001,Power Mirrors,,,,,,,,,EX112401.gif,,,
0.0,0.0,EX1,SCH,130,001,Radio,,AM/FM W/Cassette,,,,,,,EX113001.gif,,,
0.0,0.0,EX1,SCH,130,002,Radio,,Premium Sound,,,,,,,EX113002.gif,,,
0.0,0.0,EX1,SCH,130,003,Radio,,Premium Sound,,,,,,,EX113003.gif,,,
0.0,0.0,EX1,SCH,130,004,Radio,,CD Changer,,,,,,,EX113004.gif,,,
0.0,0.0,EX1,TST,149,001,Component Testing,Main Light Switch,,,,,,,,EX114901.gif,,,
0.0,0.0,EX1,TST,149,002,Component Testing,Main Light Switch,,,,,,,,EX114902.gif,,,
0.0,0.0,EX1,TST,149,003,Component Testing,Ignition Switch,,,,,,,,EX114903.gif,,,
0.0,0.0,EX1,TST,149,004,Component Testing,Ignition Switch,,,,,,,,EX114904.gif,,,
0.0,0.0,EX1,TST,149,005,Component Testing,Wiper/Washer Switch,,,,,,,,EX114905.gif,,,
0.0,0.0,EX1,TST,149,006,Component Testing,Multifunction Switch,,,,,,,,EX114906.gif,,,
0.0,0.0,EX1,TST,149,007,Component Testing,Power Window Switches,,,,,,,,EX114907.gif,,,
0.0,0.0,EX1,TST,149,008,Component Testing,Power Window Switches,,,,,,,,EX114908.gif,,,
0.0,0.0,EX1,TST,149,009,Component Testing,Power Window Switches,,,,,,,,EX114909.gif,,,
0.0,0.0,EX1,TST,149,010,Component Testing,Power Seat Switch,,,,,,,,EX114910.gif,,,
0.0,0.0,EX1,TST,149,011,Component Testing,Power Seat Switch,,,,,,,,EX114911.gif,,,
0.0,0.0,EX1,TST,149,012,Component Testing,Power Door Lock Switches,W/O RAP,,,,,,,EX114912.gif,,,
0.0,0.0,EX1,TST,149,013,Component Testing,Power Door Lock Switches,W/O RAP,,,,,,,EX114913.gif,,,
0.0,0.0,EX1,TST,149,014,Component Testing,Power Door Lock Switches,W/RAP,,,,,,,EX114914.gif,,,
0.0,0.0,EX1,TST,149,015,Component Testing,Power Door Lock Switches,W/RAP,,,,,,,EX114915.gif,,,
0.0,0.0,EX1,TST,149,016,Component Testing,Exterior Rear View Mirror Switch,,,,,,,,EX114916.gif,,,
0.0,0.0,EX1,TST,149,017,Component Testing,Exterior Rear View Mirror Switch,,,,,,,,EX114917.gif,,,
0.0,0.0,EX1,TST,149,018,Component Testing,Mini ISO and Micro ISO Relay,,,,,,,,EX114918.gif,,,
0.0,0.0,EX1,TST,149,019,Component Testing,Mini ISO and Micro ISO Relay,,,,,,,,EX114919.gif,,,
0.0,0.0,EX1,CON,150,001,Connector Faces/Pinout Charts,C146,4 Wheel Anti-lock Brake System (4WABS) Module,4.2L,4.6L,5.4L,5.4L NGV,,,EX1cf001.gif,,042,006
0.0,0.0,EX1,CON,150,002,Connector Faces/Pinout Charts,C147,4 Wheel Anti-lock Brake System (4WABS) Module,4.2L,4.6L,5.4L,5.4L NGV,,,EX1cf002.gif,,042,006
0.0,0.0,EX1,CON,150,003,Connector Faces/Pinout Charts,C230,4 Wheel Drive Mode Switch,,,,,,,EX1cf003.gif,,034,006
0.0,0.0,EX1,CON,150,004,Connector Faces/Pinout Charts,C193,4R100 Transmission,4X2,4X4,,,,,EX1cf004.gif,,030,005
0.0,0.0,EX1,CON,150,005,Connector Faces/Pinout Charts,C183,4R70W Transmission,4X2,4X4,,,,,EX1cf005.gif,,029,005
0.0,0.0,EX1,CON,150,006,Connector Faces/Pinout Charts,C189,4x4 Low and High Indicator Switch,4R70W,4R100,M5R2,,,,EX1cf006.gif,,034,006
0.0,0.0,EX1,CON,150,007,Connector Faces/Pinout Charts,C234,Air Bag Sliding Contact,,,,,,,EX1cf007.gif,,031,004
0.0,0.0,EX1,CON,150,008,Connector Faces/Pinout Charts,C216,Autolamp Module,,,,,,,EX1cf008.gif,,087,005
0.0,0.0,EX1,CON,150,009,Connector Faces/Pinout Charts,N/A,Battery Junction Relay Box,,,,,,,EX1cf009.gif,,013,020
0.0,0.0,EX1,CON,150,010,Connector Faces/Pinout Charts,C4001,Bi-Fuel Control Module,,,,,,,EX1cf010.gif,,022,018
0.0,0.0,EX1,CON,150,011,Connector Faces/Pinout Charts,C229,Blend Door Actuator,W/ AC,,,,,,EX1cf011.gif,,054,005
0.0,0.0,EX1,CON,150,012,Connector Faces/Pinout Charts,C229,Blend Door Actuator,W/O AC,,,,,,EX1cf012.gif,,053,003
0.0,0.0,EX1,CON,150,013,Connector Faces/Pinout Charts,N/A,Blower/Flasher Relay Block,,,,,,,EX1cf013.gif,,013,020
0.0,0.0,EX1,CON,150,014,Connector Faces/Pinout Charts,C190,Blower Motor,W/ AC,,,,,,EX1cf014.gif,,054,005
0.0,0.0,EX1,CON,150,015,Connector Faces/Pinout Charts,C190,Blower Motor,W/O AC,,,,,,EX1cf015.gif,,053,003
0.0,0.0,EX1,CON,150,016,Connector Faces/Pinout Charts,C191,Blower Motor Resistor,W/O AC,,,,,,EX1cf016.gif,,053,003
0.0,0.0,EX1,CON,150,017,Connector Faces/Pinout Charts,C191,Blower Motor Resistor,W/ AC,,,,,,EX1cf017.gif,,054,005
0.0,0.0,EX1,CON,150,018,Connector Faces/Pinout Charts,C252,Brake Pedal Position (BPP) Switch,,,,,,,EX1cf018.gif,,090,005
0.0,0.0,EX1,CON,150,019,Connector Faces/Pinout Charts,C266,CD Changer,,,,,,,EX1cf019.gif,,130,006
0.0,0.0,EX1,CON,150,020,Connector Faces/Pinout Charts,C242,Central Junction Box,,,,,,,EX1cf020.gif,,013,021
0.0,0.0,EX1,CON,150,021,Connector Faces/Pinout Charts,C243,Central Junction Box,,,,,,,EX1cf021.gif,,013,022
0.0,0.0,EX1,CON,150,022,Connector Faces/Pinout Charts,C239,Central Timer Module (CTM),,,,,,,EX1cf022.gif,,059,005
0.0,0.0,EX1,CON,150,023,Connector Faces/Pinout Charts,C231,Clutch Pedal Postion (CPP) Switch,Manual,,,,,,EX1cf023.gif,,020,002
0.0,0.0,EX1,CON,150,024,Connector Faces/Pinout Charts,C231,Clutch Pedal Postion (CPP) Switch Jumper,Automatic,,,,,,EX1cf024.gif,,020,002
0.0,0.0,EX1,CON,150,025,Connector Faces/Pinout Charts,C4060,Cold Start Heater Relay,,,,,,,EX1cf025.gif,,022,021
0.0,0.0,EX1,CON,150,026,Connector Faces/Pinout Charts,C4025,Compuvalve Module,,,,,,,EX1cf026.gif,,022,019
0.0,0.0,EX1,CON,150,027,Connector Faces/Pinout Charts,C4025,Compuvalve Module,,,,,,,EX1cf027.gif,,022,020
0.0,0.0,EX1,CON,150,028,Connector Faces/Pinout Charts,C4044,CTO Module,,,,,,,EX1cf028.gif,,022,023
0.0,0.0,EX1,CON,150,029,Connector Faces/Pinout Charts,C228,Data Link Connector (DLC),,,,,,,EX1cf029.gif,,014,002
0.0,0.0,EX1,CON,150,030,Connector Faces/Pinout Charts,N/A,Daytime Running Lamps (DRL) Relay Block,,,,,,,EX1cf030.gif,,013,020
0.0,0.0,EX1,CON,150,031,Connector Faces/Pinout Charts,C182,Digital Transmission Range (DTR) Sensor,4R100 (4X2),4R100 (4X4),,,,,EX1cf031.gif,,030,005
0.0,0.0,EX1,CON,150,032,Connector Faces/Pinout Charts,C182,Digital Transmission Range (DTR) Sensor,4R70W (4X2),4R70W (4X4),,,,,EX1cf032.gif,,029,005
0.0,0.0,EX1,CON,150,033,Connector Faces/Pinout Charts,C511,Exterior Rear View Mirror Switch,,,,,,,EX1cf033.gif,,124,002
0.0,0.0,EX1,CON,150,034,Connector Faces/Pinout Charts,C415,Fuel Pump Assembly,5.4L Lightning,Except 5.4L Lightning,CNG,LPG,,,EX1cf034.gif,,027,014
0.0,0.0,EX1,CON,150,035,Connector Faces/Pinout Charts,C217,Function Selector Switch Assembly,W/ AC,,,,,,EX1cf035.gif,,054,004
0.0,0.0,EX1,CON,150,036,Connector Faces/Pinout Charts,C218,Function Selector Switch Assembly,W/ AC,,,,,,EX1cf036.gif,,054,004
0.0,0.0,EX1,CON,150,037,Connector Faces/Pinout Charts,C219,Function Selector Switch Assembly,W/ AC,,,,,,EX1cf037.gif,,054,004
0.0,0.0,EX1,CON,150,038,Connector Faces/Pinout Charts,C220,Function Selector Switch Assembly,W/ AC,,,,,,EX1cf038.gif,,054,004
0.0,0.0,EX1,CON,150,039,Connector Faces/Pinout Charts,C217,Function Selector Switch Assembly,W/O AC,,,,,,EX1cf039.gif,,053,002
0.0,0.0,EX1,CON,150,040,Connector Faces/Pinout Charts,C218,Function Selector Switch Assembly,W/O AC,,,,,,EX1cf040.gif,,053,002
0.0,0.0,EX1,CON,150,041,Connector Faces/Pinout Charts,C219,Function Selector Switch Assembly,W/O AC,,,,,,EX1cf041.gif,,053,002
0.0,0.0,EX1,CON,150,042,Connector Faces/Pinout Charts,C220,Function Selector Switch Assembly,W/O AC,,,,,,EX1cf042.gif,,053,002
0.0,0.0,EX1,CON,150,043,Connector Faces/Pinout Charts,C240,Generic Electronic Module (GEM),,,,,,,EX1cf043.gif,,059,006
0.0,0.0,EX1,CON,150,044,Connector Faces/Pinout Charts,C241,Generic Electronic Module (GEM),,,,,,,EX1cf044.gif,,059,007
0.0,0.0,EX1,CON,150,045,Connector Faces/Pinout Charts,C267,Generic Electronic Module (GEM),,,,,,,EX1cf045.gif,,059,006
0.0,0.0,EX1,CON,150,046,Connector Faces/Pinout Charts,C239,Generic Electronic Module (GEM),,,,,,,EX1cf046.gif,,059,005
0.0,0.0,EX1,CON,150,047,Connector Faces/Pinout Charts,C250,Ignition Switch,,,,,,,EX1cf047.gif,,013,018
0.0,0.0,EX1,CON,150,048,Connector Faces/Pinout Charts,C119,In-Line,4.2L,4.6L,5.4L,5.4L NGV,,,EX1cf048.gif,,150,001
0.0,0.0,EX1,CON,150,049,Connector Faces/Pinout Charts,C120,In-Line,4.2L,4.6L,5.4L,5.4L NGV,,,EX1cf049.gif,,150,002
0.0,0.0,EX1,CON,150,050,Connector Faces/Pinout Charts,C148,In-Line,4.2L,4.6L,5.4L,5.4L NGV,,,EX1cf050.gif,,150,003
0.0,0.0,EX1,CON,150,051,Connector Faces/Pinout Charts,C150,In-Line,4.2L,4.6L,5.4L,,,,EX1cf051.gif,,150,004
0.0,0.0,EX1,CON,150,052,Connector Faces/Pinout Charts,C150,In-Line,5.4L NGV,,,,,,EX1cf052.gif,,150,004
0.0,0.0,EX1,CON,150,053,Connector Faces/Pinout Charts,C150,In-Line,5.4L Lightning,,,,,,EX1cf053.gif,,150,003
0.0,0.0,EX1,CON,150,054,Connector Faces/Pinout Charts,C158,In-Line,,,,,,,EX1cf054.gif,,150,005
0.0,0.0,EX1,CON,150,055,Connector Faces/Pinout Charts,C159,In-Line,,,,,,,EX1cf055.gif,,150,006
0.0,0.0,EX1,CON,150,056,Connector Faces/Pinout Charts,C160,In-Line,4.2L,4.6L,5.4L,5.4L NGV,,,EX1cf056.gif,,150,007
0.0,0.0,EX1,CON,150,057,Connector Faces/Pinout Charts,C172,In-Line,4.2L,4.6L,5.4L,5.4L NGV,,,EX1cf057.gif,,150,008
0.0,0.0,EX1,CON,150,058,Connector Faces/Pinout Charts,C200,In-Line,,,,,,,EX1cf058.gif,,150,009
0.0,0.0,EX1,CON,150,059,Connector Faces/Pinout Charts,C203,In-Line,,,,,,,EX1cf059.gif,,150,009
0.0,0.0,EX1,CON,150,060,Connector Faces/Pinout Charts,C206,In-Line,,,,,,,EX1cf060.gif,,150,010
0.0,0.0,EX1,CON,150,061,Connector Faces/Pinout Charts,C210,In-Line,,,,,,,EX1cf061.gif,,150,010
0.0,0.0,EX1,CON,150,062,Connector Faces/Pinout Charts,C214,In-Line,,,,,,,EX1cf062.gif,,150,011
0.0,0.0,EX1,CON,150,063,Connector Faces/Pinout Charts,C232,In-Line,,,,,,,EX1cf063.gif,,150,011
0.0,0.0,EX1,CON,150,064,Connector Faces/Pinout Charts,C247,In-Line,,,,,,,EX1cf064.gif,,150,012
0.0,0.0,EX1,CON,150,065,Connector Faces/Pinout Charts,C248,In-Line,,,,,,,EX1cf065.gif,,150,012
0.0,0.0,EX1,CON,150,066,Connector Faces/Pinout Charts,C253,In-Line,,,,,,,EX1cf066.gif,,150,013
0.0,0.0,EX1,CON,150,067,Connector Faces/Pinout Charts,C265,In-Line,,,,,,,EX1cf067.gif,,150,013
0.0,0.0,EX1,CON,150,068,Connector Faces/Pinout Charts,C278,In-Line,,,,,,,EX1cf068.gif,,150,014
0.0,0.0,EX1,CON,150,069,Connector Faces/Pinout Charts,C316,In-Line,,,,,,,EX1cf069.gif,,150,014
0.0,0.0,EX1,CON,150,070,Connector Faces/Pinout Charts,C403,In-Line,,,,,,,EX1cf070.gif,,150,015
0.0,0.0,EX1,CON,150,071,Connector Faces/Pinout Charts,C411,In-Line,,,,,,,EX1cf071.gif,,150,015
0.0,0.0,EX1,CON,150,072,Connector Faces/Pinout Charts,C4003,In-Line,,,,,,,EX1cf072.gif,,150,016
0.0,0.0,EX1,CON,150,073,Connector Faces/Pinout Charts,C4013,In-Line,,,,,,,EX1cf073.gif,,150,016
0.0,0.0,EX1,CON,150,074,Connector Faces/Pinout Charts,C4030,In-Line,,,,,,,EX1cf074.gif,,150,017
0.0,0.0,EX1,CON,150,075,Connector Faces/Pinout Charts,C4035,In-Line,,,,,,,EX1cf075.gif,,150,018
0.0,0.0,EX1,CON,150,076,Connector Faces/Pinout Charts,C4037,In-Line,,,,,,,EX1cf076.gif,,150,018
0.0,0.0,EX1,CON,150,077,Connector Faces/Pinout Charts,C4303,In-Line,CNG,LPG,,,,,EX1cf077.gif,,150,017
0.0,0.0,EX1,CON,150,078,Connector Faces/Pinout Charts,C4202,In-Line,,,,,,,EX1cf078.gif,,150,019
0.0,0.0,EX1,CON,150,079,Connector Faces/Pinout Charts,C236,Instrument Cluster,,,,,,,EX1cf079.gif,,062,006
0.0,0.0,EX1,CON,150,080,Connector Faces/Pinout Charts,C237,Instrument Cluster,,,,,,,EX1cf080.gif,,062,006
0.0,0.0,EX1,CON,150,081,Connector Faces/Pinout Charts,C507,Left Exterior Rear View Mirror,,,,,,,EX1cf081.gif,,124,002
0.0,0.0,EX1,CON,150,082,Connector Faces/Pinout Charts,C508,Left Power Door Lock Switch,W/ RAP,,,,,,EX1cf082.gif,,110,004
0.0,0.0,EX1,CON,150,083,Connector Faces/Pinout Charts,C508,Left Power Door Lock Switch,W/O RAP,,,,,,EX1cf083.gif,,110,005
0.0,0.0,EX1,CON,150,084,Connector Faces/Pinout Charts,C509,Left Power Window Switch,,,,,,,EX1cf084.gif,,100,003
0.0,0.0,EX1,CON,150,085,Connector Faces/Pinout Charts,C510,Left Power Window Switch,,,,,,,EX1cf085.gif,,100,003
0.0,0.0,EX1,CON,150,086,Connector Faces/Pinout Charts,N/A,Lock Relay Block,,,,,,,EX1cf086.gif,,013,020
0.0,0.0,EX1,CON,150,087,Connector Faces/Pinout Charts,C244,Main Light Switch,,,,,,,EX1cf087.gif,,013,018
0.0,0.0,EX1,CON,150,088,Connector Faces/Pinout Charts,C245,Main Light Switch,,,,,,,EX1cf088.gif,,013,019
0.0,0.0,EX1,CON,150,089,Connector Faces/Pinout Charts,C246,Main Light Switch,,,,,,,EX1cf089.gif,,013,019
0.0,0.0,EX1,CON,150,090,Connector Faces/Pinout Charts,C141,Mass Air Flow (MAF) Sensor,4.2L,,,,,,EX1cf090.gif,,023,011
0.0,0.0,EX1,CON,150,091,Connector Faces/Pinout Charts,C141,Mass Air Flow (MAF) Sensor,4.6L,,,,,,EX1cf091.gif,,024,011
0.0,0.0,EX1,CON,150,092,Connector Faces/Pinout Charts,C141,Mass Air Flow (MAF) Sensor,5.4L,,,,,,EX1cf092.gif,,025,011
0.0,0.0,EX1,CON,150,093,Connector Faces/Pinout Charts,C141,Mass Air Flow (MAF) Sensor,5.4L NGV,,,,,,EX1cf093.gif,,026,014
0.0,0.0,EX1,CON,150,094,Connector Faces/Pinout Charts,C141,Mass Air Flow (MAF) Sensor,5.4L Lightning,,,,,,EX1cf094.gif,,027,013
0.0,0.0,EX1,CON,150,095,Connector Faces/Pinout Charts,C141,Mass Air Flow (MAF) Sensor,5.4L Bi-Fuel,,,,,,EX1cf095.gif,,023,011
0.0,0.0,EX1,CON,150,096,Connector Faces/Pinout Charts,C259,Multifunction Switch,,,,,,,EX1cf096.gif,,085,003
0.0,0.0,EX1,CON,150,097,Connector Faces/Pinout Charts,C258,Multifunction Switch,,,,,,,EX1cf097.gif,,090,005
0.0,0.0,EX1,CON,150,098,Connector Faces/Pinout Charts,C197,NGV Module,,,,,,,EX1cf098.gif,,026,013
0.0,0.0,EX1,CON,150,099,Connector Faces/Pinout Charts,C197,NGV Module,,,,,,,EX1cf099.gif,,026,014
0.0,0.0,EX1,CON,150,100,Connector Faces/Pinout Charts,C196,NGV Timer Jumper,,,,,,,EX1cf100.gif,,026,012
0.0,0.0,EX1,CON,150,101,Connector Faces/Pinout Charts,C187,Output Shaft Speed (OSS) Sensor,4R70W (4X2),4R70W (4X4),,,,,EX1cf101.gif,,029,006
0.0,0.0,EX1,CON,150,102,Connector Faces/Pinout Charts,C187,Output Shaft Speed (OSS) Sensor,4R100 (4X2),4R100 (4X4),,,,,EX1cf102.gif,,030,006
0.0,0.0,EX1,CON,150,103,Connector Faces/Pinout Charts,C297,Passive Anti-theft System (PATS) Transceiver Module,,,,,,,EX1cf103.gif,,112,002
0.0,0.0,EX1,CON,150,104,Connector Faces/Pinout Charts,C311,Power Seat Control Switch,,,,,,,EX1cf104.gif,,120,002
0.0,0.0,EX1,CON,150,105,Connector Faces/Pinout Charts,C308,Power Seat Motor Assembly,,,,,,,EX1cf105.gif,,120,002
0.0,0.0,EX1,CON,150,106,Connector Faces/Pinout Charts,C174,Powertrain Control Module (PCM),4.2L,,,,,,EX1cf106.gif,,023,009
0.0,0.0,EX1,CON,150,107,Connector Faces/Pinout Charts,C174,Powertrain Control Module (PCM),4.2L,,,,,,EX1cf107.gif,,023,010
0.0,0.0,EX1,CON,150,108,Connector Faces/Pinout Charts,C174,Powertrain Control Module (PCM),4.2L,,,,,,EX1cf108.gif,,023,011
0.0,0.0,EX1,CON,150,109,Connector Faces/Pinout Charts,C174,Powertrain Control Module (PCM),4.6L,,,,,,EX1cf109.gif,,024,009
0.0,0.0,EX1,CON,150,110,Connector Faces/Pinout Charts,C174,Powertrain Control Module (PCM),4.6L,,,,,,EX1cf110.gif,,024,010
0.0,0.0,EX1,CON,150,111,Connector Faces/Pinout Charts,C174,Powertrain Control Module (PCM),4.6L,,,,,,EX1cf111.gif,,024,011
0.0,0.0,EX1,CON,150,112,Connector Faces/Pinout Charts,C174,Powertrain Control Module (PCM),5.4L,,,,,,EX1cf112.gif,,025,009
0.0,0.0,EX1,CON,150,113,Connector Faces/Pinout Charts,C174,Powertrain Control Module (PCM),5.4L,,,,,,EX1cf113.gif,,025,010
0.0,0.0,EX1,CON,150,114,Connector Faces/Pinout Charts,C174,Powertrain Control Module (PCM),5.4L,,,,,,EX1cf114.gif,,025,011
0.0,0.0,EX1,CON,150,115,Connector Faces/Pinout Charts,C174,Powertrain Control Module (PCM),5.4L NGV,,,,,,EX1cf115.gif,,026,010
0.0,0.0,EX1,CON,150,116,Connector Faces/Pinout Charts,C174,Powertrain Control Module (PCM),5.4L NGV,,,,,,EX1cf116.gif,,026,011
0.0,0.0,EX1,CON,150,117,Connector Faces/Pinout Charts,C174,Powertrain Control Module (PCM),5.4L NGV,,,,,,EX1cf117.gif,,026,012
0.0,0.0,EX1,CON,150,118,Connector Faces/Pinout Charts,C174,Powertrain Control Module (PCM),5.4L Lightning,,,,,,EX1cf118.gif,,027,010
0.0,0.0,EX1,CON,150,119,Connector Faces/Pinout Charts,C174,Powertrain Control Module (PCM),5.4L Lightning,,,,,,EX1cf119.gif,,027,011
0.0,0.0,EX1,CON,150,120,Connector Faces/Pinout Charts,C174,Powertrain Control Module (PCM),5.4L Lightning,,,,,,EX1cf120.gif,,027,012
0.0,0.0,EX1,CON,150,121,Connector Faces/Pinout Charts,C174,Powertrain Control Module (PCM),5.4L Bi-Fuel,,,,,,EX1cf121.gif,,022,015
0.0,0.0,EX1,CON,150,122,Connector Faces/Pinout Charts,C174,Powertrain Control Module (PCM),5.4L Bi-Fuel,,,,,,EX1cf122.gif,,022,016
0.0,0.0,EX1,CON,150,123,Connector Faces/Pinout Charts,C174,Powertrain Control Module (PCM),5.4L Bi-Fuel,,,,,,EX1cf123.gif,,022,017
0.0,0.0,EX1,CON,150,124,Connector Faces/Pinout Charts,C224,Radio,,,,,,,EX1cf124.gif,,130,005
0.0,0.0,EX1,CON,150,125,Connector Faces/Pinout Charts,C225,Radio,,,,,,,EX1cf125.gif,,130,005
0.0,0.0,EX1,CON,150,126,Connector Faces/Pinout Charts,C285,Rear Air Suspension (RAS) Data Link Connector,,,,,,,EX1cf126.gif,,041,004
0.0,0.0,EX1,CON,150,127,Connector Faces/Pinout Charts,C276,Rear Air Suspension (RAS) Module,,,,,,,EX1cf127.gif,,041,003
0.0,0.0,EX1,CON,150,128,Connector Faces/Pinout Charts,C277,Rear Air Suspension (RAS) Module,,,,,,,EX1cf128.gif,,041,003
0.0,0.0,EX1,CON,150,129,Connector Faces/Pinout Charts,C222,Rear Anti-lock Brake System (RABS) Module,,,,,,,EX1cf129.gif,,042,005
0.0,0.0,EX1,CON,150,130,Connector Faces/Pinout Charts,C256,Remote Anti-theft Personality (RAP) Module,,,,,,,EX1cf130.gif,,117,003
0.0,0.0,EX1,CON,150,131,Connector Faces/Pinout Charts,C257,Remote Anti-theft Personality (RAP) Module,,,,,,,EX1cf131.gif,,117,004
0.0,0.0,EX1,CON,150,132,Connector Faces/Pinout Charts,C208,Restraints Control Module,,,,,,,EX1cf132.gif,,046,003
0.0,0.0,EX1,CON,150,133,Connector Faces/Pinout Charts,C607,Right Exterior Rear View Mirror,,,,,,,EX1cf133.gif,,124,003
0.0,0.0,EX1,CON,150,134,Connector Faces/Pinout Charts,C608,Right Power Door Lock Switch,W/ RAP,,,,,,EX1cf134.gif,,110,006
0.0,0.0,EX1,CON,150,135,Connector Faces/Pinout Charts,C608,Right Power Door Lock Switch,W/O RAP,,,,,,EX1cf135.gif,,110,004
0.0,0.0,EX1,CON,150,136,Connector Faces/Pinout Charts,C609,Right Power Window Switch,,,,,,,EX1cf136.gif,,100,004
0.0,0.0,EX1,CON,150,137,Connector Faces/Pinout Charts,N/A,RPO Relay Block,,,,,,,EX1cf137.gif,,013,020
0.0,0.0,EX1,CON,150,138,Connector Faces/Pinout Charts,C157,Speed Control Servo,4.2L,4.6L,5.4L,5.4L NGV,,,EX1cf138.gif,,031,004
0.0,0.0,EX1,CON,150,139,Connector Faces/Pinout Charts,C410,Trailer Tow,Heavy Duty,,,,,,EX1cf139.gif,,095,004
0.0,0.0,EX1,CON,150,140,Connector Faces/Pinout Charts,C201,Transfer Case Assembly,Electronic,,,,,,EX1cf140.gif,,034,005
0.0,0.0,EX1,CON,150,141,Connector Faces/Pinout Charts,C260,Transfer Case Assembly,Mechanical,,,,,,EX1cf141.gif,,034,006
0.0,0.0,EX1,CON,150,142,Connector Faces/Pinout Charts,C221,Transfer Case Shift Relay Module,,,,,,,EX1cf142.gif,,034,005
0.0,0.0,EX1,CON,150,143,Connector Faces/Pinout Charts,C192,Turbine Shaft Speed (TSS) Sensor,4X2,4X4,,,,,EX1cf143.gif,,030,006
0.0,0.0,EX1,CON,150,144,Connector Faces/Pinout Charts,C165,Windshield Wiper Motor,4.2L,4.6L,5.4L,5.4L NGV,,,EX1cf144.gif,,081,003
0.0,0.0,EX1,LOC,151,001,Component Location Views,4.2L Engine,,,,,,,,EX115101.gif,,,
0.0,0.0,EX1,LOC,151,002,Component Location Views,4.2L Engine,,,,,,,,EX115102.gif,,,
0.0,0.0,EX1,LOC,151,003,Component Location Views,4.2L Engine,,,,,,,,EX115103.gif,,,
0.0,0.0,EX1,LOC,151,004,Component Location Views,4.6L Engine,,,,,,,,EX115104.gif,,,
0.0,0.0,EX1,LOC,151,005,Component Location Views,4.6L Engine,,,,,,,,EX115105.gif,,,
0.0,0.0,EX1,LOC,151,006,Component Location Views,5.4L Engine,NGV Similar,,,,,,,EX115106.gif,,,
0.0,0.0,EX1,LOC,151,007,Component Location Views,5.4L Engine,NGV Similar,,,,,,,EX115107.gif,,,
0.0,0.0,EX1,LOC,151,008,Component Location Views,Transmissions,,,,,,,,EX115108.gif,,,
0.0,0.0,EX1,LOC,151,009,Component Location Views,Transmissions,,,,,,,,EX115109.gif,,,
0.0,0.0,EX1,LOC,151,010,Component Location Views,Instrument Panel,,,,,,,,EX115110.gif,,,
0.0,0.0,EX1,LOC,151,011,Component Location Views,Instrument Panel,,,,,,,,EX115111.gif,,,
0.0,0.0,EX1,LOC,151,012,Component Location Views,Instrument Panel,,,,,,,,EX115112.gif,,,
0.0,0.0,EX1,LOC,151,013,Component Location Views,Power Seat,,,,,,,,EX115113.gif,,,
0.0,0.0,EX1,LOC,151,014,Component Location Views,Body,,,,,,,,EX115114.gif,,,
0.0,0.0,EX1,LOC,151,015,Component Location Views,Body,,,,,,,,EX115115.gif,,,
0.0,0.0,EX1,LOC,151,016,Component Location Views,5.4L Engine,NGV Only,,,,,,,EX115116.gif,,,
0.0,0.0,EX1,LOC,151,017,Component Location Views,Body,NGV Only,,,,,,,EX115117.gif,,,
0.0,0.0,EX1,LOC,151,018,Component Location Views,5.4L Engine,CNG,LPG,,,,,,EX115118.gif,,,
0.0,0.0,EX1,LOC,151,019,Component Location Views,Body,CNG,,,,,,,EX115119.gif,,,
0.0,0.0,EX1,LOC,151,020,Component Location Views,Body,LPG,,,,,,,EX115120.gif,,,
0.0,0.0,EX1,LOC,151,021,Component Location Views,5.4L Lightning Engine,,,,,,,,EX115121.gif,,,
0.0,0.0,EX1,IDX,152,001,Location Index,Component,,,,,,,,,,,
0.0,0.0,EX1,IDX,152,002,Location Index,Connector,,,,,,,,,,,
0.0,0.0,EX1,IDX,152,003,Location Index,Ground,,,,,,,,,,,
0.0,0.0,EX1,IDX,152,004,Location Index,Harness Causal Part Number,,,,,,,,,,,
0.0,0.0,EX1,IDX,152,005,Location Index,Splice,,,,,,,,,,,
0.0,0.0,EX1,COD,160,001,Vehicle Repair Location Codes,,,,,,,,,EX116001.gif,,,
