EVTM,NAME,QUALIFIER,LOCATION,LOCPAGE,ZONE,CONN_CELL,CONN_PAGE,HCCF_CELL,HCCF_PAGE,COLOR,TERMINAL,ITEMID_,SORT,FREQUENCY
EVY,C100,,On EGR valve position sensor,001,A3,,,,,BK,3,,,
EVY,C101,,Top LH side of engine,003,A3,,,150,001,BK,12,,,
EVY,C102,,On throttle position (TP) sensor,003,A5,,,,,GY,3,,,
EVY,C103,,On engine coolant temperature (ECT) sensor,001,A2,,,,,GY,2,,,
EVY,C104,,LH front of engine compartment,003,F9,,,150,001,BK,12,,,
EVY,C105,,LH front of engine compartment,003,F9,,,150,002,GY,12,,,
EVY,C106,,On EGR control solenoid,002,A6,,,,,BK,2,,,
EVY,C107,,On EGR vent solenoid,002,A7,,,,,BK,2,,,
EVY,C108,,Top RH side of engine,003,A2,,,,,BR,2,,,
EVY,C109,,LH front of engine compartment,003,E10,,,,,,5,,,
EVY,C110,,On mass air flow (MAF) sensor,003,B1,,,,,GY,3,,,
EVY,C111,,RH front of engine compartment,001,D1,,,,,,5,,,
EVY,C112,,On intake air temperature (IAT) sensor,003,C1,,,,,BK,2,,,
EVY,C113,,LH side of engine compartment,001,B10,,,023,011,BK,25,,,
EVY,C114,,On fuel injector No. 1,001,A4,,,,,GY,2,,,
EVY,C115,,On fuel injector No. 2,001,A4,,,,,GY,2,,,
EVY,C116,,On fuel injector No. 3,001,A4,,,,,GY,2,,,
EVY,C117,,On fuel injector No. 4,001,A4,,,,,GY,2,,,
EVY,C118,,On ignition control module (ICM),002,A10,,,021,002,GY,6,,,
EVY,C119,,On A/C condenser fan switch,002,F6,,,,,GY,2,,,
EVY,C120,,On ignition control module (ICM),002,A10,,,021,002,GY,3,,,
EVY,C122,,On A/C pressure cutoff switch,003,F8,,,,,N,3,,,
EVY,C123,,On idle switch,002,A5,,,,,GY,1,,,
EVY,C124,,On idle air control (IAC) valve,003,A7,,,,,GY,2,,,
EVY,C125,,On canister purge (CANP) solenoid,001,A7,,,,,BK,2,,,
EVY,C126,,On power steering pressure (PSP) switch,002,D1,,,,,W,1,,,
EVY,C127,,LH front of engine compartment,003,F9,,,,,GY,2,,,
EVY,C128,,LH front of engine compartment,003,F9,,,,,N,4,,,
EVY,C129,,On transmission range (TR) switch,003,F7,,,093,002,W,4,,,
EVY,C130,,On starter motor/solenoid,002,A1,,,,,BK,1,,,
EVY,C131,,On starter motor/solenoid,002,A1,,,,,BK,1,,,
EVY,C132,,On generator/voltage regulator,001,B1,,,,,GY,2,,,
EVY,C133,,On cooling fan relay,001,E10,,,,,N,4,,,
EVY,C134,,LH front of engine compartment,002,D10,,,,,GY,4,,,
EVY,C135,,On cooling fan motor,001,F6,,,,,BK,2,,,
EVY,C136,,"Lower RH front of engine, to oxygen sensor (O2S)",003,F4,,,,,BK,1,,,
EVY,C137,,On horn,001,F4,,,,,BK,1,,,
EVY,C138,,On anti-lock brake (ABS) hydraulic actuator unit,003,B10,,,042,005,GY,8,,,
EVY,C139,,On anti-lock brake (ABS) hydraulic actuator unit,003,B10,,,042,005,GY,2,,,
EVY,C140,,On ABS main relay,001,A9,,,042,005,W,8,,,
EVY,C141,,"RH side of engine compartment, to right front brake sensor",002,C1,,,,,BK,2,,,
EVY,C142,,"LH side of engine compartment, to left front brake sensor",002,C10,,,,,BK,2,,,
EVY,C143,,LH front of engine compartment,003,F9,,,,,BL,3,,,
EVY,C144,,"LH rear of engine compartment, to left forward crash sensor",001,A10,,,,,O,1,,,
EVY,C145,,"LH rear of engine compartment, to left forward crash sensor",001,A10,,,,,BL,1,,,
EVY,C146,,"RH side of engine compartment, to center forward crash sensor",002,B1,,,,,O,1,,,
EVY,C147,,"RH side of engine compartment, to center forward crash sensor",002,B1,,,,,BL,1,,,
EVY,C148,,"RH rear of engine compartment, to right forward crash sensor",001,A1,,,,,O,1,,,
EVY,C149,,"RH rear of engine compartment, to right forward crash sensor",001,A1,,,,,BL,1,,,
EVY,C150,,On A/C relay,001,A5,,,,,N,4,,,
EVY,C151,,To A/C compressor clutch,003,F3,,,,,W,1,,,
EVY,C152,,On condenser fan relay,003,A1,,,,,BL,4,,,
EVY,C153,,On condenser fan motor,001,F5,,,,,BK,2,,,
EVY,C154,,On blower motor relay,001,F9,,,,,BK,4,,,
EVY,C155,,On engine coolant temperature sender,002,A9,,,,,BK,1,,,
EVY,C156,,On engine oil pressure switch,002,A2,,,,,BK,1,,,
EVY,C157,,On parking lamps relay,003,D1,,,,,N,4,,,
EVY,C158,,On windshield washer pump,003,D10,,,,,N,2,,,
EVY,C159,,On headlamps relay,002,E10,,,,,BL,4,,,
EVY,C160,,On LH headlamp,001,F7,,,,,BK,3,,,
EVY,C161,,On RH headlamp,001,F3,,,,,BK,3,,,
EVY,C165,,On left front turn signal lamp,001,F8,,,,,GY,2,,,
EVY,C166,,On right front turn signal lamp,001,E1,,,,,BK,2,,,
EVY,C167,,On right front parking lamp,002,F3,,,,,GY,2,,,
EVY,C168,,On left front parking lamp,002,F8,,,,,GY,2,,,
EVY,C169,,On right front side marker lamp,001,C1,,,,,BL,2,,,
EVY,C170,,On left front side marker lamp,001,D10,,,,,BL,2,,,
EVY,C171,,On backup lamp switch,002,A3,,,,,BK,2,,,
EVY,C172,,On crankshaft position (CKP) sensor,002,F2,,,,,BK,3,,,
EVY,C173,,On daytime running lamps (DRL) resistor,001,A6,,,,,,3,,,
EVY,C175,,On kick down solenoid,003,F6,,,,,BL,1,,,
EVY,C176,,LH front of engine compartment,003,F9,,,,,O,1,,,
EVY,C178,,On park/neutral position switch,002,A4,,,,,BK,2,,,
EVY,C179,,On windshield wiper motor,001,A8,,,,,BK,4,,,
EVY,C180,,On brake fluid level switch,003,A9,,,,,BK,2,,,
EVY,C181,,On generator/voltage regulator,001,B1,,,,,,1,,,
EVY,C182,,On battery,001,B10,,,,,,1,,,
EVY,C183,,On battery,001,B10,,,,,,1,,,
EVY,C184,,On engine compartment fuse box,001,C10,,,,,,1,,,
EVY,C186,,"LR of engine compartment, on EGR boost sensor",003,A6,,,,,GY,3,,,
EVY,C188,,On rear heated oxygen sensor (HO2S),002,B1,,,,,BK,4,,,
EVY,C200,,On powertrain control module (PCM),004,E1,,,023,008,Y,26,,,
EVY,C201,,On powertrain control module (PCM),004,E1,,,023,009,Y,22,,,
EVY,C202,,On ignition switch,005,C10,,,149,002,BK,6,,,
EVY,C203,,On fuel pump relay,004,A1,,,023,012,N,6,,,
EVY,C204,,On main relay,005,A1,,,,,N,4,,,
EVY,C205,2 DOOR,Behind LH side of I/P,007,B1,,,150,002,N,24,,,
EVY,C206,2 DOOR,Behind LH side of I/P,007,B1,,,,,W,6,,,
EVY,C207,,Behind LH side of I/P,005,A3,,,,,W,6,,,
EVY,C208,,Behind LH side of I/P,004,A3,,,,,,6,,,
EVY,C209,,On instrument cluster,004,A4,,,060,005,W,14,,,
EVY,C210,,On instrument cluster,004,A4,,,060,005,BK,14,,,
EVY,C211,,On brake on/off (BOO) switch,005,F7,,,090,004,N,2,,,
EVY,C212,,On clutch pedal position (CPP) switch #2,005,F9,,,,,W,3,,,
EVY,C213,2 DOOR,Behind LH side of I/P,007,D1,,,150,003,W,10,,,
EVY,C214,,Behind LH side of I/P,004,D1,,,150,003,GN,16,,,
EVY,C215,,On horn relay,004,B1,,,,,BK,4,,,
EVY,C216,,Behind RH side of I/P,005,A8,,,,,W,6,,,
EVY,C217,,Behind RH side of I/P,004,A8,,,,,BL,3,,,
EVY,C218,,On cigar lighter,005,A6,,,,,W,2,,,
EVY,C219,,On anti-lock brake (ABS) control module,005,E1,,,042,006,W,8,,,
EVY,C220,,On anti-lock brake (ABS) control module,005,E1,,,042,007,W,12,,,
EVY,C221,,On air bag diagnostic module,004,F7,,,046,004,BK,12,,,
EVY,C222,,On air bag diagnostic module,004,F7,,,046,004,GY,12,,,
EVY,C223,,"Behind I/P, at RH cowl",004,D10,,,,,BL,4,,,
EVY,C224,,Behind front of console,004,F6,,,,,BL,4,,,
EVY,C225,,Behind RH side of I/P,004,C10,,,,,BL,4,,,
EVY,C226,,On heater-A/C control unit,004,F8,,,149,006,W,6,,,
EVY,C227,,On heater-A/C control unit,004,F8,,,149,006,N,6,,,
EVY,C228,,On rear window defroster/fog lamp switch,004,A7,,,149,007,W,8,,,
EVY,C229,,On A/C evaporative de-icing switch,004,A6,,,,,BK,1,,,
EVY,C230,,On A/C evaporative de-icing switch,004,A6,,,,,BK,1,,,
EVY,C231,,On blower motor,004,E10,,,,,N,2,,,
EVY,C232,,On blower motor resistors,004,F9,,,,,N,3,,,
EVY,C233,,On warning chime module,004,A2,,,066,003,W,14,,,
EVY,C234,,On clutch pedal position (CPP) switch #1,005,F5,,,,,W,2,,,
EVY,C235,,On key warning switch,005,D10,,,,,BK,2,,,
EVY,C236,2 DOOR,"Behind I/P, at RH cowl",007,A4,,,,,N,4,,,
EVY,C237,,"Underside of steering column, to multi-function switch",004,A5,,,149,003,BL,21,,,
EVY,C238,,On radio,004,F4,,,130,002,GY,8,,,
EVY,C239,,On radio,004,F4,,,130,002,BK,8,,,
EVY,C240,,On instrument panel dimming rheostat,005,A4,,,071,003,W,6,,,
EVY,C241,,Behind center of I/P,004,D1,,,150,004,W,12,,,
EVY,C242,,On flasher module,005,A2,,,090,003,BK,8,,,
EVY,C243,,On kick down switch,005,E10,,,,,,2,,,
EVY,C244,2 DOOR,In LH door jamb grommet,007,A2,,,150,004,W,22,,,
EVY,C245,2 DOOR,In RH door jamb grommet,007,A6,,,150,005,W,22,,,
EVY,C246,,"Underside of steering column, to clockspring assembly",005,B10,,,,,BL,3,,,
EVY,C248,,"Behind center of I/P, to air bag safing sensor",005,A5,,,,,BL,4,,,
EVY,C250,,Behind RH side of I/P to passengers air bag,004,A8,,,,,O,3,,,
EVY,C252,,"Behind center of I/P, to air bag safing sensor",005,A5,,,,,O,1,,,
EVY,C255,,On clockspring assembly,,,,,,,,1,,,
EVY,C256,,On drivers air bag,,,,,,,,2,,,
EVY,C257,,On powertrain control module (PCM),004,E1,,,023,010,Y,16,,,
EVY,C258,,On daytime running lamps (DRL) relay,004,C1,,,097,002,BK,6,,,
EVY,C259,,Behind lower center of I/P,004,F3,,,023,012,BK,16,,,
EVY,C300,2 DOOR,Below front of console,006,B1,,,,,W,4,,,
EVY,C301,2 DOOR,On parking brake switch,006,E1,,,,,N,1,,,
EVY,C302,2 DOOR,On left front door switch,007,F3,,,,,BK,1,,,
EVY,C303,2 DOOR,On right front door switch,007,A9,,,,,BK,1,,,
EVY,C304,2 DOOR,"Below drivers seat, to seat belt switch",006,D1,,,,,W,2,,,
EVY,C305,2 DOOR,On transmission range (TR) illumination,006,A2,,,,,W,4,,,
EVY,C306,2 DOOR,On dome lamp,007,F5,,,,,N,2,,,
EVY,C307,2 DOOR,Below front of console,006,B1,,,,,W,2,,,
EVY,C400,2 DOOR,On fuel pump/fuel gauge sender,007,F6,,,,,W,4,,,
EVY,C401,2 DOOR,On inertia fuel shutoff (IFS) switch,006,F6,,,,,GY,3,,,
EVY,C402,2 DOOR,"LH rear of passengers compartment, to left rear brake sensor",006,F3,,,,,W,2,,,
EVY,C403,2 DOOR,"RH rear of passengers compartment, to right rear brake sensor",006,A6,,,,,W,2,,,
EVY,C404,2 DOOR,On rear window defroster relay,006,A8,,,,,N,4,,,
EVY,C406,2 DOOR,RH rear of passengers compartment,006,A10,,,150,005,W,12,,,
EVY,C407,2 DOOR,On RH side of rear window defroster,007,A8,,,,,N,1,,,
EVY,C408,2 DOOR,On LH side of rear window defroster,007,F8,,,,,N,1,,,
EVY,C410,2 DOOR,In liftgate,007,B10,,,150,006,W,6,,,
EVY,C412,2 DOOR,On luggage compartment switch assembly,007,D10,,,,,BK,1,,,
EVY,C413,2 DOOR,On luggage compartment switch assembly,007,D10,,,,,BK,1,,,
EVY,C414,2 DOOR,On liftgate switch,007,F9,,,,,N,1,,,
EVY,C415,2 DOOR,On left rear lamp,007,F7,,,090,003,N,6,,,
EVY,C416,2 DOOR,On right rear lamp,007,E10,,,090,004,N,6,,,
EVY,C417,2 DOOR,On high mount stop lamp,006,B10,,,,,GY,2,,,
EVY,C418,2 DOOR,"In liftgate, to license lamps",006,E10,,,,,W,2,,,
EVY,C419,2 DOOR,"In liftgate, to license lamps",006,F7,,,,,W,2,,,
EVY,C420,2 DOOR,On right rear speaker,006,A5,,,,,N,2,,,
EVY,C421,2 DOOR,On left rear speaker,006,F5,,,,,N,2,,,
EVY,C500,2 DOOR,On left front door speaker,007,E1,,,,,N,2,,,
EVY,C600,2 DOOR,On right front door speaker,007,A7,,,,,N,2,,,
EVY,C300,4 DOOR,Below front of console,008,B1,,,,,W,4,,,
EVY,C301,4 DOOR,On parking brake switch,008,E1,,,,,N,1,,,
EVY,C304,4 DOOR,"Below drivers seat, to seat belt switch",008,D1,,,,,W,2,,,
EVY,C305,4 DOOR,On transmission range (TR) illumination,008,A2,,,,,W,4,,,
EVY,C307,4 DOOR,Below front of console,008,B1,,,,,W,2,,,
EVY,C401,4 DOOR,On inertia fuel shutoff (IFS) switch,008,F6,,,,,GY,3,,,
EVY,C402,4 DOOR,"LH rear of passengers compartment, to left rear brake sensor",008,F3,,,,,W,2,,,
EVY,C403,4 DOOR,"RH rear of passengers compartment, to right rear brake sensor",008,A6,,,,,W,2,,,
EVY,C404,4 DOOR,On rear window defroster relay,008,A8,,,,,N,4,,,
EVY,C406,4 DOOR,RH rear of passengers compartment,008,B10,,,150,005,W,12,,,
EVY,C417,4 DOOR,On high mount stop lamp,008,E10,,,,,GY,2,,,
EVY,C418,4 DOOR,"In liftgate, to license lamps",008,C10,,,,,W,2,,,
EVY,C419,4 DOOR,"In liftgate, to license lamps",008,F7,,,,,W,2,,,
EVY,C420,4 DOOR,On right rear speaker,008,A5,,,,,N,2,,,
EVY,C421,4 DOOR,On left rear speaker,008,F5,,,,,N,2,,,
EVY,C206,4 DOOR,Behind LH side of I/P,009,B1,,,,,W,6,,,
EVY,C302,4 DOOR,On left front door switch,009,F3,,,,,BK,1,,,
EVY,C303,4 DOOR,On right front door switch,009,A9,,,,,BK,1,,,
EVY,C306,4 DOOR,On dome lamp,009,F5,,,,,N,2,,,
EVY,C400,4 DOOR,On fuel pump/fuel gauge sender,009,F9,,,,,W,4,,,
EVY,C407,4 DOOR,On RH side of rear window defroster,009,A10,,,,,N,1,,,
EVY,C408,4 DOOR,On LH side of rear window defroster,009,F6,,,,,N,1,,,
EVY,C410,4 DOOR,In liftgate,009,B10,,,150,006,W,6,,,
EVY,C412,4 DOOR,On luggage compartment switch assembly,009,D10,,,,,BK,1,,,
EVY,C413,4 DOOR,On luggage compartment switch assembly,009,D10,,,,,BK,1,,,
EVY,C414,4 DOOR,On liftgate switch,009,E10,,,,,N,1,,,
EVY,C415,4 DOOR,On left rear lamp,009,F7,,,090,003,N,6,,,
EVY,C416,4 DOOR,On right rear lamp,009,C10,,,090,004,N,6,,,
EVY,C500,4 DOOR,On left front door speaker,009,E1,,,,,N,2,,,
EVY,C600,4 DOOR,On right front door speaker,009,A7,,,,,N,2,,,
EVY,C244,4 DOOR,In LH door jamb grommet,009,A2,,,150,004,W,22,,,
EVY,C245,4 DOOR,In RH door jamb grommet,009,A6,,,150,005,W,22,,,
EVY,C236,4 DOOR,"Behind I/P, at RH cowl",009,A4,,,,,N,4,,,
EVY,C205,4 DOOR,Behind LH side of I/P,009,B1,,,150,002,N,24,,,
EVY,C213,4 DOOR,Behind LH side of I/P,009,D1,,,150,003,W,10,,,
