EVTM,CELL,PAGE,NAME,QUALIFIER,REFCELL,REFPAGE,CARROT,PAGEID1,PAGEID2,ITEMID_,CELLID2
EVC,010,001,Data Link Connector (DLC),,023,012,,,,,
EVC,010,001,I/P Dimming Switch,,071,001,,,,,
EVC,010,001,Instrument Cluster,,060,003,,,,,
EVC,010,001,Main Light Switch,,087,001,,,,,
EVC,010,001,Message Center,,069,001,,,,,
EVC,010,001,Message Center Switch Assembly,,069,002,,,,,
EVC,010,001,Passengers Door Ajar Switch,,112,002,,,,,
EVC,010,001,Passengers Door Disarm Switch,,112,002,,,,,
EVC,010,001,Steering Column/Ignition/Lighting (SCIL) Module,,058,004,,,,,
EVC,010,001,Variable Load Control Module (VLCM),,033,001,,,,,
EVC,010,002,Drivers Door Ajar Switch,,112,003,,,,,
EVC,010,002,Drivers Door Disarm Switch,,112,002,,,,,
EVC,010,002,Drivers Door Module (DDM),,057,002,,,,,
EVC,010,002,Drivers Seat Belt Switch,,123,003,,,,,
EVC,010,002,Drivers Seat Module (DSM),,123,001,,,,,
EVC,010,002,Fuel Pump/Fuel Gauge Sender,,023,003,,,,,
EVC,010,002,Left Seat Forward/Rearward Dump Switch,,123,003,,,,,
EVC,010,002,Power Mirror Adjust Switch,,124,001,,,,,
EVC,010,002,Trunk Lid Release Switch,,113,002,,,,,
EVC,010,003,Engine Compartment Fuse Box,,029,001,,,,,
EVC,010,003,Engine Coolant Level Sensor,,069,001,,,,,
EVC,010,003,Fuel Pump Relay,,023,002,,,,,
EVC,010,003,Intake Manifold Runner Control (IMRC) Module,,023,009,,,,,
EVC,010,003,Left Ballast Lo Beam Headlamp,,058,003,,,,,
EVC,010,003,Left Ballast Lo Beam Headlamp,,087,003,,,,,
EVC,010,003,Left Front Air Spring Solenoid,,041,003,,,,,
EVC,010,003,Left Front Park/Turn Lamp,,058,005,,,,,
EVC,010,003,Left Front Park/Turn Lamp,,090,001,,,,,
EVC,010,003,Left Hi Beam Headlamp,,087,002,,,,,
EVC,010,003,PCM Power Relay,,023,001,,,,,
EVC,010,003,S102,,010,004,A,,,,
EVC,010,003,S200,,010,009,E,,,,
EVC,010,003,Speed Control Module,,031,002,,,,,
EVC,010,003,Windshield Wiper Motor,,081,001,,,,,
EVC,010,004,Anti-Lock Brake Control Module,,042,003,,,,,
EVC,010,004,Anti-Theft Hood Switch,,112,002,,,,,
EVC,010,004,Brake Fluid Level Switch,,060,002,,,,,
EVC,010,004,Electric Air Management (EAM) Pump Motor,,023,010,,,,,
EVC,010,004,Electric Air Management (EAM) Relay,,023,010,,,,,
EVC,010,004,EVAC/Fill Connector,,042,002,,,,,
EVC,010,004,G103,,010,003,A,,,,
EVC,010,004,Left Cornering Lamp,,091,001,,,,,
EVC,010,004,Left Front Side Marker Lamp,,092,001,,,,,
EVC,010,005,Air Suspension Compressor Motor/Vent Solenoid,,041,001,,,,,
EVC,010,005,Air Suspension Compressor Relay,,041,001,,,,,
EVC,010,005,Dual Note Horns,,044,001,,,,,
EVC,010,005,Electric Cooling Fan,,033,001,,,,,
EVC,010,005,Right Cornering Lamp,,091,001,,,,,
EVC,010,005,Right Front Air Spring Solenoid,,041,003,,,,,
EVC,010,005,Right Front Side Marker Lamp,,092,001,,,,,
EVC,010,005,Right Hi Beam Headlamp,,087,002,,,,,
EVC,010,005,S172,,010,006,B,,,,
EVC,010,005,Variable Load Control Module (VLCM),,033,001,,,,,
EVC,010,006,A/C Clutch Coil,,055,002,,,,,
EVC,010,006,G104,,010,005,B,,,,
EVC,010,006,Right Ballast Lo Beam Headlamp,,058,002,,,,,
EVC,010,006,Right Front Park/Turn Lamp,,090,001,,,,,
EVC,010,006,Washer Fluid Level Switch,,069,003,,,,,
EVC,010,006,Washer Pump Motor,,081,001,,,,,
EVC,010,007,Air Suspension/EVO Steering Module,,041,001,,,,,
EVC,010,007,Air Suspension/EVO Steering Module,,041,003,,,,,
EVC,010,007,Air Suspension/EVO Test Connector,,041,003,,,,,
EVC,010,007,Engine Oil Temperature And Low Engine Oil Level Sensor,,069,001,,,,,
EVC,010,007,Passengers Seat Module (PSM),,123,004,,,,,
EVC,010,007,Powertrain Control Module (PCM),,023,010,,,,,
EVC,010,007,Right Seat Forward/Rearward Dump Switch,,123,005,,,,,
EVC,010,007,Steering Wheel Rotation Sensor,,043,001,,,,,
EVC,010,007,Vehicle Speed Sensor (VSS),,064,001,,,,,
EVC,010,008,Cellular Telephone Transceiver,,135,001,,,,,
EVC,010,008,Compact Disc Changer,,130,006,,,,,
EVC,010,008,Radio,Premium Sound,130,001,,,,,
EVC,010,008,Radio,JBL,130,003,,,,,
EVC,010,008,Radio,JBL,130,007,,,,,
EVC,010,008,Radio Amplifier,Premium Sound,130,002,,,,,
EVC,010,008,Radio Amplifier,JBL,130,004,,,,,
EVC,010,009,C118,,010,003,E,,,,
EVC,010,009,Camshaft Position (CMP) Sensor Shield,,021,002,,,,,
EVC,010,009,Crankshaft Position (CKP) Sensor Shield,,021,002,,,,,
EVC,010,009,Mass Air Flow (MAF) Sensor,,023,002,,,,,
EVC,010,009,Powertrain Control Module (PCM),,021,002,,,,,
EVC,010,009,Powertrain Control Module (PCM),,023,001,,,,,
EVC,010,010,C308,,010,011,C,,,,
EVC,010,010,Drivers Door Module (DDM),,057,002,,,,,
EVC,010,010,Drivers Power Window Switch,,100,002,,,,,
EVC,010,010,Drivers Seat Module (DSM),,123,001,,,,,
EVC,010,010,Left Door Courtesy Lamp,,089,001,,,,,
EVC,010,010,Left Door Handle Illumination,,071,004,,,,,
EVC,010,010,Left Door Lock Switch,,110,001,,,,,
EVC,010,010,Left Door Lock Switch,,111,002,,,,,
EVC,010,010,Left Door Lock Switch,,112,003,,,,,
EVC,010,010,Left Heated Seat Module,,119,001,,,,,
EVC,010,010,Left Lumbar Switch,,122,001,,,,,
EVC,010,010,Left Power/Heated/Memory Mirror,,124,004,,,,,
EVC,010,010,Power Mirror Adjust Switch,,124,001,,,,,
EVC,010,010,PRNDL/Transmission Control Illumination,,060,001,,,,,
EVC,010,010,S2005,,010,014,F,,,,
EVC,010,011,Compass Module,,069,002,,,,,
EVC,010,011,Dome/Map Lamp Assembly,With Moonroof,089,001,,,,,
EVC,010,011,Electronic Day/Night Mirror,,125,001,,,,,
EVC,010,011,Left Rear Reading Lamp,,089,001,,,,,
EVC,010,011,Left Vanity Mirror Lamp,,089,003,,,,,
EVC,010,011,Moonroof Control Unit,,101,001,,,,,
EVC,010,011,Right Vanity Mirror Lamp,,089,002,,,,,
EVC,010,011,S300,,010,010,C,,,,
EVC,010,012,C211,,010,013,D,,,,
EVC,010,012,Passengers Power Window Switch,,100,002,,,,,
EVC,010,012,Passengers Seat Module (PSM),,123,004,,,,,
EVC,010,012,Right Door Courtesy Lamp,,089,002,,,,,
EVC,010,012,Right Door Handle Illumination,,071,004,,,,,
EVC,010,012,Right Door Lock Switch,,110,001,,,,,
EVC,010,012,Right Heated Seat Module,,119,002,,,,,
EVC,010,012,Right Lumbar Switch,,122,002,,,,,
EVC,010,012,Right Power/Heated/Memory Mirror,,124,005,,,,,
EVC,010,012,Right Rear Air Spring Solenoid,,041,003,,,,,
EVC,010,012,Right Rear Reading Lamp,,089,002,,,,,
EVC,010,013,Air Bag Diagnostic Monitor,,046,001,,,,,
EVC,010,013,Ashtray Illumination,,071,003,,,,,
EVC,010,013,Blower Motor Relay,,055,001,,,,,
EVC,010,013,Blower Motor Speed Controller,,055,001,,,,,
EVC,010,013,Cigar Lighter,,044,002,,,,,
EVC,010,013,Day/Night Sensor/Amplifier,,087,001,,,,,
EVC,010,013,Horns/Cigar Lighter,,044,002,,,,,
EVC,010,013,Message Center,,069,003,,,,,
EVC,010,013,Radio,Premium Sound,130,001,,,,,
EVC,010,013,Radio,JBL,130,003,,,,,
EVC,010,013,Radio,JBL,130,007,,,,,
EVC,010,013,Rear Window Defrost Control,,056,001,,,,,
EVC,010,013,Right Heated Seat Control Switch,,119,002,,,,,
EVC,010,013,Right I/P Courtesy Lamp,,089,001,,,,,
EVC,010,013,S302,,010,012,D,,,,
EVC,010,013,Steering Column/Ignition/Lighting (SCIL) Module,,058,006,,,,,
EVC,010,014,Brake Shifter Interlock,,037,001,,,,,
EVC,010,014,C214,,010,010,F,,,,
EVC,010,014,Clockspring Assembly,M,071,003,,,,,
EVC,010,014,Data Link Connector (DLC),,023,012,,,,,
EVC,010,014,Electronic Automatic Temperature Control (EATC) Module,,055,003,,,,,
EVC,010,014,I/P Warning Indicator Display,,065,001,,,,,
EVC,010,014,Instrument Cluster,,060,002,,,,,
EVC,010,014,Interval Wiper/Washer Module,,081,001,,,,,
EVC,010,014,Left Heated Seat Control Switch,,119,001,,,,,
EVC,010,014,Left I/P Courtesy Lamp,,089,001,,,,,
EVC,010,014,Main Light Switch,,087,001,,,,,
EVC,010,014,Main Light Switch Illumination,,071,001,,,,,
EVC,010,014,Message Center Switch Assembly,,069,002,,,,,
EVC,010,014,Tele Relay,,077,002,,,,,
EVC,010,014,Tilt Relay,,077,001,,,,,
EVC,010,014,Tilt/Tele Common Relay,,077,001,,,,,
EVC,010,015,Air Suspension Switch,,041,001,,,,,
EVC,010,015,Fuel Filler Door Release Solenoid,,116,001,,,,,
EVC,010,015,Hi Mount Stop Lamps,,090,002,,,,,
EVC,010,015,Left Backup Lamp,,093,001,,,,,
EVC,010,015,Left Rear Air Spring Solenoid,,041,003,,,,,
EVC,010,015,Left Rear Park/Stop/Turn Lamp,,090,002,,,,,
EVC,010,015,Left Rear Side Marker Lamp,,092,002,,,,,
EVC,010,015,License Lamp,,092,002,,,,,
EVC,010,015,Neon Ballast,,090,002,,,,,
EVC,010,015,Right Backup Lamp,,093,001,,,,,
EVC,010,015,Right Rear Park/Stop/Turn Lamp,,090,002,,,,,
EVC,010,015,Right Rear Side Marker Lamp,,092,002,,,,,
EVC,010,015,Trunk Lid Release Solenoid,,113,001,,,,,
EVC,012,001,Engine Compartment Fuse Box,,013,001,,,,,
EVC,012,001,Grounds,,010,001,,,,,
EVC,012,001,I/P Fuse Panel,,013,013,,,,,
EVC,012,001,I/P Fuse Panel,,013,015,,,,,
EVC,012,001,Ignition Switch,,013,013,,,,,
EVC,012,001,Ignition Switch,,149,004,,,,,
EVC,012,001,Instrument Cluster,,060,002,,,,,
EVC,012,001,Starter Motor/Solenoid,,020,001,,,,,
EVC,013,001,Air Suspension/EVO Steering Module,,041,001,,,,,
EVC,013,001,Daytime Running Lamps (DRL) Module,,097,001,,,,,
EVC,013,001,Generator/Voltage Regulator,,012,001,,,,,
EVC,013,001,Grounds,,010,001,,,,,
EVC,013,001,Hi Beam Relay,,087,002,,,,,
EVC,013,001,Starter Motor/Solenoid,,020,001,,,,,
EVC,013,002,Air Bag Diagnostic Monitor,,046,001,,,,,
EVC,013,002,Compact Disc Changer,,130,006,,,,,
EVC,013,002,Engine Compartment Fuse Box,,013,003,A,,,,
EVC,013,002,Horn Relay,,044,001,,,,,
EVC,013,002,Radio Amplifier,Premium Sound,130,002,,,,,
EVC,013,002,Radio Amplifier,JBL,130,004,,,,,
EVC,013,003,Air Suspension Compressor Relay,,041,001,,,,,
EVC,013,003,Delayed Accessory Relay #1,,013,018,,,,,
EVC,013,003,Engine Compartment Fuse Box,,013,002,,,,,
EVC,013,003,Steering Column/Ignition/Lighting (SCIL) Module,,058,003,,,,,
EVC,013,003,Tele Relay,,077,002,,,,,
EVC,013,003,Tilt Relay,,077,001,,,,,
EVC,013,003,Tilt/Tele Common Relay,,077,001,,,,,
EVC,013,004,Electric Air Management (EAM) Relay,,023,010,,,,,
EVC,013,004,Electric Air Management (EAM) Solenoid,,023,010,,,,,
EVC,013,004,Engine Compartment Fuse Box,,013,005,B,,,,
EVC,013,004,Fuel Pump Relay,,023,002,,,,,
EVC,013,004,Passengers Seat Module (PSM),,123,004,,,,,
EVC,013,004,PCM Power Relay,,023,001,,,,,
EVC,013,004,PCM Power Relay,,029,001,,,,,
EVC,013,004,Power Distribution,,013,009,,,,,
EVC,013,004,Powertrain Control Module (PCM),,023,001,,,,,
EVC,013,004,Right Lumbar Switch,,122,002,,,,,
EVC,013,005,Anti-Lock Brake Control Module,,042,001,,,,,
EVC,013,005,Drivers Seat Module (DSM),,123,001,,,,,
EVC,013,005,Engine Compartment Fuse Box,,013,004,B,,,,
EVC,013,005,EVAC/Fill Connector,,042,002,,,,,
EVC,013,005,Left Lumbar Switch,,122,001,,,,,
EVC,013,005,Power Distribution,,013,009,,,,,
EVC,013,006,Engine Compartment Fuse Box,,013,007,C,,,,
EVC,013,006,Main Light Switch,,087,001,,,,,
EVC,013,006,Steering Column/Ignition/Lighting (SCIL) Module,,058,002,,,,,
EVC,013,007,Engine Compartment Fuse Box,,013,006,C,,,,
EVC,013,007,Fuel Filler Door Release Switch,,116,001,,,,,
EVC,013,007,Power Distribution,,013,010,,,,,
EVC,013,007,Power Distribution,,013,011,,,,,
EVC,013,007,Rear Window Defrost Control,,056,001,,,,,
EVC,013,007,Trunk Lid Relay,,113,001,,,,,
EVC,013,007,Variable Load Control Module (VLCM),,033,001,,,,,
EVC,013,008,Blower Motor Relay,,055,001,,,,,
EVC,013,008,C299,,013,013,A,,,,
EVC,013,008,C299,,013,013,B,,,,
EVC,013,008,Delayed Accessory Relay #2,,013,018,,,,,
EVC,013,008,Power Distribution,,013,012,,,,,
EVC,013,008,Starter Relay,,020,001,,,,,
EVC,013,009,Drivers Seat Module (DSM),,123,001,,,,,
EVC,013,009,Left Heated Seat Module,,119,001,,,,,
EVC,013,009,Left Seat Switch,,123,001,,,,,
EVC,013,009,Passengers Seat Module (PSM),,123,004,,,,,
EVC,013,009,Right Heated Seat Module,,119,002,,,,,
EVC,013,009,Right Seat Switch,,123,004,,,,,
EVC,013,010,Cellular Telephone Transceiver,,135,001,,,,,
EVC,013,010,Cigar Lighter,,044,002,,,,,
EVC,013,010,Electronic Automatic Temperature Control (EATC) Module,,055,002,,,,,
EVC,013,010,Horns/Cigar Lighter,,044,002,,,,,
EVC,013,010,Instrument Cluster,,060,001,,,,,
EVC,013,010,Message Center,,069,002,,,,,
EVC,013,010,Radio,Premium Sound,130,001,,,,,
EVC,013,011,Brake On/Off (BOO) Switch,,090,001,,,,,
EVC,013,011,Brake Pressure Switch,,031,002,,,,,
EVC,013,011,Data Link Connector (DLC),,023,012,,,,,
EVC,013,011,Day/Night Sensor/Amplifier,,087,001,,,,,
EVC,013,011,I/P Warning Indicator Display,,065,001,,,,,
EVC,013,011,Instrument Cluster,,060,003,,,,,
EVC,013,011,Steering Column/Ignition/Lighting (SCIL) Module,,058,001,,,,,
EVC,013,011,Steering Column/Ignition/Lighting (SCIL) Module,,058,004,,,,,
EVC,013,012,Drivers Door Module (DDM),,057,001,,,,,
EVC,013,012,Drivers Seat Memory Switch,,123,008,,,,,
EVC,013,012,Keyless Entry Keypad Switch Assembly,,111,002,,,,,
EVC,013,012,Left Door Lock Switch,,110,001,,,,,
EVC,013,012,Power Mirror Adjust Switch,,124,001,,,,,
EVC,013,012,Right Door Lock Switch,,110,001,,,,,
EVC,013,013,C285,,013,008,A,,,,
EVC,013,013,C285,,013,008,B,,,,
EVC,013,013,Power Distribution,,013,011,,,,,
EVC,013,013,Power Distribution,,013,014,,,,,
EVC,013,013,Power Distribution,,013,015,,,,,
EVC,013,013,Power Distribution,,013,016,,,,,
EVC,013,013,Power Distribution,,013,017,,,,,
EVC,013,013,Steering Column/Ignition/Lighting (SCIL) Module,,058,001,,,,,
EVC,013,014,Air Bag Diagnostic Monitor,,046,001,,,,,
EVC,013,014,Blower Motor Relay,,055,001,,,,,
EVC,013,014,Electronic Automatic Temperature Control (EATC) Module,,055,001,,,,,
EVC,013,014,EVAC/Fill Connector,,042,002,,,,,
EVC,013,014,Starter Relay,,020,001,,,,,
EVC,013,014,Steering Column/Ignition/Lighting (SCIL) Module,,058,001,,,,,
EVC,013,015,Air Suspension/EVO Steering Module,,043,001,,,,,
EVC,013,015,I/P Warning Indicator Display,,065,002,,,,,
EVC,013,015,Instrument Cluster,,060,001,,,,,
EVC,013,015,Instrument Cluster,,060,002,,,,,
EVC,013,015,PRNDL/Transmission Control Illumination,,060,001,,,,,
EVC,013,015,Rear Window Defrost Control,,056,001,,,,,
EVC,013,015,Steering Wheel Rotation Sensor,,043,001,,,,,
EVC,013,016,A/C Cycling Switch,,055,002,,,,,
EVC,013,016,Daytime Running Lamps (DRL) Module,,097,001,,,,,
EVC,013,016,Digital Transmission Range (DTR) Sensor,,029,002,,,,,
EVC,013,016,Intake Manifold Runner Control (IMRC) Module,,023,009,,,,,
EVC,013,016,Left Heated Seat Control Switch,,119,001,,,,,
EVC,013,016,Right Heated Seat Control Switch,,119,002,,,,,
EVC,013,016,Speed Control Module,,031,002,,,,,
EVC,013,017,Coil Per Plug (CPP) #1,,021,001,,,,,
EVC,013,017,Coil Per Plug (CPP) #2,,021,001,,,,,
EVC,013,017,Coil Per Plug (CPP) #3,,021,001,,,,,
EVC,013,017,Coil Per Plug (CPP) #4,,021,001,,,,,
EVC,013,017,Coil Per Plug (CPP) #5,,021,001,,,,,
EVC,013,017,Coil Per Plug (CPP) #6,,021,001,,,,,
EVC,013,017,Coil Per Plug (CPP) #7,,021,001,,,,,
EVC,013,017,Coil Per Plug (CPP) #8,,021,001,,,,,
EVC,013,017,I/P Fuse Panel,,013,013,,,,,
EVC,013,017,Left Radio Noise Capacitor,,021,001,,,,,
EVC,013,017,PCM Power Relay,,021,002,,,,,
EVC,013,017,Right Radio Noise Capacitor,,021,001,,,,,
EVC,013,018,Drivers Door Module (DDM),,057,001,,,,,
EVC,013,018,Drivers Power Window Switch,,100,002,,,,,
EVC,013,018,Passengers Power Window Switch,,100,002,,,,,
EVC,013,018,Power Distribution,,013,012,,,,,
EVC,013,018,Power Distribution,,013,019,,,,,
EVC,013,018,Power Distribution,,013,020,,,,,
EVC,013,018,Steering Column/Ignition/Lighting (SCIL) Module,,058,004,,,,,
EVC,013,019,Cellular Telephone Transceiver,,135,001,,,,,
EVC,013,019,Compass Module,,069,002,,,,,
EVC,013,019,Electronic Day/Night Mirror,,125,001,,,,,
EVC,013,019,Message Center,,069,002,,,,,
EVC,013,019,Passengers Seat Module (PSM),,123,006,,,,,
EVC,013,019,Radio,Premium Sound,130,001,,,,,
EVC,013,020,Interval Wiper/Washer Module,,081,001,,,,,
EVC,013,020,Moonroof Control Unit,,101,001,,,,,
EVC,013,020,Windshield Wiper Motor,,081,001,,,,,
EVC,014,001,Anti-Lock Brake Control Module,,042,002,,,,,
EVC,014,001,Cellular Telephone Transceiver,,135,001,,,,,
EVC,014,001,Data Link Connector (DLC),,023,012,,,,,
EVC,014,001,Drivers Door Module (DDM),,057,001,,,,,
EVC,014,001,Drivers Seat Module (DSM),,123,001,,,,,
EVC,014,001,Electronic Automatic Temperature Control (EATC) Module,,055,003,,,,,
EVC,014,001,EVAC/Fill Connector,,042,002,,,,,
EVC,014,001,Instrument Cluster,,060,003,,,,,
EVC,014,001,Message Center,,069,002,,,,,
EVC,014,001,Powertrain Control Module (PCM),,023,011,,,,,
EVC,014,001,Steering Column/Ignition/Lighting (SCIL) Module,,058,004,,,,,
EVC,014,001,Variable Load Control Module (VLCM),,033,001,,,,,
EVC,014,002,Anti-Lock Brake Control Module,,042,002,,,,,
EVC,014,002,Cellular Telephone Transceiver,,135,001,,,,,
EVC,014,002,Data Link Connector (DLC),,023,012,,,,,
EVC,014,002,Drivers Door Module (DDM),,057,001,,,,,
EVC,014,002,Drivers Seat Module (DSM),,123,001,,,,,
EVC,014,002,Electronic Automatic Temperature Control (EATC) Module,,055,002,,,,,
EVC,014,002,Instrument Cluster,,060,003,,,,,
EVC,014,002,Message Center,,069,002,,,,,
EVC,014,002,Powertrain Control Module (PCM),,023,011,,,,,
EVC,014,002,Steering Column/Ignition/Lighting (SCIL) Module,,058,004,,,,,
EVC,014,002,Variable Load Control Module (VLCM),,033,001,,,,,
EVC,020,001,Digital Transmission Range (DTR) Sensor,,029,002,,,,,
EVC,020,001,Engine Compartment Fuse Box,,013,008,,,,,
EVC,020,001,Grounds,,010,001,,,,,
EVC,020,001,I/P Fuse Panel,,013,013,,,,,
EVC,020,001,I/P Fuse Panel,,013,014,,,,,
EVC,020,001,Ignition Switch,,013,013,,,,,
EVC,020,001,Power Distribution,,013,001,,,,,
EVC,020,001,Power Distribution,,013,008,,,,,
EVC,020,001,Steering Column/Ignition/Lighting (SCIL) Module,,058,005,,,,,
EVC,021,001,C291,,021,002,C,,,,
EVC,021,001,Electronic Engine Controls,,023,001,,,,,
EVC,021,001,Engine Compartment Fuse Box,,013,004,,,,,
EVC,021,001,Engine Compartment Fuse Box,,021,002,A,,,,
EVC,021,001,I/P Fuse Panel,,013,013,,,,,
EVC,021,001,I/P Fuse Panel,,013,017,,,,,
EVC,021,001,Powertrain Control Module (PCM),,023,004,,,,,
EVC,021,001,S123,,021,002,B,,,,
EVC,021,002,C1014,,021,001,B,,,,
EVC,021,002,C1014,,021,001,A,,,,
EVC,021,002,C122,,021,001,C,,,,
EVC,021,002,Electronic Engine Controls,,023,005,,,,,
EVC,021,002,Grounds,,010,003,,,,,
EVC,021,002,Grounds,,010,009,,,,,
EVC,021,002,Powertrain Control Module (PCM),,023,001,,,,,
EVC,021,002,Powertrain Control Module (PCM),,023,004,,,,,
EVC,021,002,Powertrain Control Module (PCM),,023,005,,,,,
EVC,023,001,Engine Compartment Fuse Box,,013,004,,,,,
EVC,023,001,Engine Compartment Fuse Box,,029,001,,,,,
EVC,023,001,Grounds,,010,003,,,,,
EVC,023,001,Grounds,,010,009,,,,,
EVC,023,001,I/P Fuse Panel,,013,013,,,,,
EVC,023,001,Ignition System,,021,001,,,,,
EVC,023,001,S127,,023,007,A,,,,
EVC,023,001,S2018,,023,009,B,,,,
EVC,023,002,C310,,023,003,C,,,,
EVC,023,002,Engine Compartment Fuse Box,,013,004,,,,,
EVC,023,002,Grounds,,010,003,,,,,
EVC,023,002,Variable Load Control Module (VLCM),,033,001,,,,,
EVC,023,003,Grounds,,010,001,,,,,
EVC,023,003,Grounds,,010,002,,,,,
EVC,023,003,Message Center,,069,002,,,,,
EVC,023,003,S202,,023,006,D,,,,
EVC,023,003,S355,,023,002,C,,,,
EVC,023,003,Transmission Controls,,029,002,,,,,
EVC,023,003,Transmission Controls,,029,003,,,,,
EVC,023,004,Ignition System,,021,001,,,,,
EVC,023,004,Ignition System,,021,002,,,,,
EVC,023,004,S129,,023,005,F,,,,
EVC,023,004,S129,,023,005,G,,,,
EVC,023,004,S129,,023,005,H,,,,
EVC,023,004,S156,,023,005,I,,,,
EVC,023,005,C162,,023,009,J,,,,
EVC,023,005,C170,,023,004,G,,,,
EVC,023,005,C171,,023,004,H,,,,
EVC,023,005,C173,,023,004,F,,,,
EVC,023,005,C179,,023,004,I,,,,
EVC,023,005,Camshaft Position (CMP) Sensor,,021,002,,,,,
EVC,023,005,S202,,023,006,K,,,,
EVC,023,006,C199,,023,009,N,,,,
EVC,023,006,C199,,023,009,O,,,,
EVC,023,006,C199,,023,011,E,,,,
EVC,023,006,C200,,023,003,D,,,,
EVC,023,006,C248,,023,005,K,,,,
EVC,023,006,S126,,023,008,M,,,,
EVC,023,006,S127,,023,007,L,,,,
EVC,023,007,C118,,023,001,A,,,,
EVC,023,007,C175,,023,006,L,,,,
EVC,023,008,C174,,023,006,M,,,,
EVC,023,009,4R70W Transmission,,029,003,,,,,
EVC,023,009,C1017,,023,006,O,,,,
EVC,023,009,C1018,,023,006,N,,,,
EVC,023,009,C212,,023,001,B,,,,
EVC,023,009,Grounds,,010,003,,,,,
EVC,023,009,I/P Fuse Panel,,013,007,,,,,
EVC,023,009,I/P Fuse Panel,,013,013,,,,,
EVC,023,009,Power Distribution,,013,011,,,,,
EVC,023,009,Power Distribution,,013,016,,,,,
EVC,023,009,S129,,023,005,J,,,,
EVC,023,009,Turn/Stop/Hazard Lamps,,090,001,,,,,
EVC,023,010,Engine Compartment Fuse Box,,013,004,,,,,
EVC,023,010,Grounds,,010,004,,,,,
EVC,023,010,Grounds,,010,007,,,,,
EVC,023,010,Vehicle Speed Sensor (VSS),,064,001,,,,,
EVC,023,011,4R70W Transmission,,029,003,,,,,
EVC,023,011,Digital Transmission Range (DTR) Sensor,,029,002,,,,,
EVC,023,011,I/P Fuse Panel,,013,013,,,,,
EVC,023,011,I/P Warning Indicator Display,,065,001,,,,,
EVC,023,011,Multiplex Communication Network,,014,001,,,,,
EVC,023,011,Multiplex Communication Network,,014,002,,,,,
EVC,023,011,Power Distribution,,013,015,,,,,
EVC,023,011,PRNDL/Transmission Control Illumination,,060,001,,,,,
EVC,023,011,S202,,023,006,E,,,,
EVC,023,012,Grounds,,010,001,,,,,
EVC,023,012,Grounds,,010,014,,,,,
EVC,023,012,I/P Fuse Panel,,013,007,,,,,
EVC,023,012,I/P Fuse Panel,,013,011,,,,,
EVC,023,012,Multiplex Communication Network,,014,001,,,,,
EVC,023,012,Multiplex Communication Network,,014,002,,,,,
EVC,023,012,Passengers Seat Module (PSM),,123,006,,,,,
EVC,029,001,Engine Compartment Fuse Box,,013,004,,,,,
EVC,029,001,Grounds,,010,003,,,,,
EVC,029,001,I/P Fuse Panel,,013,013,,,,,
EVC,029,001,I/P Fuse Panel,,013,017,,,,,
EVC,029,001,Power Distribution,,013,004,,,,,
EVC,029,001,Power Distribution,,013,017,,,,,
EVC,029,001,S124,,029,003,A,,,,
EVC,029,002,Backup Lamps,,093,001,,,,,
EVC,029,002,I/P Fuse Panel,,013,013,,,,,
EVC,029,002,I/P Fuse Panel,,013,016,,,,,
EVC,029,002,Power Distribution,,013,016,,,,,
EVC,029,002,Powertrain Control Module (PCM),,023,003,,,,,
EVC,029,002,S133,,029,004,B,,,,
EVC,029,002,Starting System,,020,001,,,,,
EVC,029,003,C1014,,029,001,A,,,,
EVC,029,003,Electronic Engine Controls,,023,001,,,,,
EVC,029,003,Electronic Engine Controls,,023,009,,,,,
EVC,029,003,I/P Fuse Panel,,013,015,,,,,
EVC,029,003,Instrument Illumination,,071,004,,,,,
EVC,029,003,Power Distribution,,013,015,,,,,
EVC,029,003,Powertrain Control Module (PCM),,023,003,,,,,
EVC,029,003,Powertrain Control Module (PCM),,023,011,,,,,
EVC,029,003,PRNDL/Transmission Control Illumination,,060,001,,,,,
EVC,029,003,S133,,029,004,C,,,,
EVC,029,004,C127,,029,002,B,,,,
EVC,029,004,C163,,029,003,C,,,,
EVC,029,004,Electronic Engine Controls,,023,005,,,,,
EVC,029,004,Electronic Engine Controls,,023,011,,,,,
EVC,029,004,Grounds,,010,009,,,,,
EVC,029,004,I/P Warning Indicator Display,,065,002,,,,,
EVC,029,004,Message Center,,069,001,,,,,
EVC,029,004,Multiplex Communication Network,,014,001,,,,,
EVC,029,004,Multiplex Communication Network,,014,002,,,,,
EVC,029,004,Powertrain Control Module (PCM),,023,001,,,,,
EVC,029,004,Powertrain Control Module (PCM),,023,003,,,,,
EVC,029,004,Powertrain Control Module (PCM),,023,004,,,,,
EVC,029,004,Powertrain Control Module (PCM),,023,005,,,,,
EVC,029,005,Brake On/Off (BOO) Switch,,090,001,,,,,
EVC,029,005,Engine Coolant Temperature (ECT) Sensor,,023,004,,,,,
EVC,029,005,Intake Air Temperature (IAT) Sensor,,023,005,,,,,
EVC,029,005,Mass Air Flow (MAF) Sensor,,023,002,,,,,
EVC,029,005,Powertrain Control Module (PCM),,023,002,,,,,
EVC,029,005,Powertrain Control Module (PCM),,023,004,,,,,
EVC,029,005,Powertrain Control Module (PCM),,023,005,,,,,
EVC,029,005,Throttle Position (TP) Sensor,,023,004,,,,,
EVC,029,005,Turn/Stop/Hazard Lamps,,090,001,,,,,
EVC,029,005,Vehicle Speed Sensor (VSS),,060,001,,,,,
EVC,029,005,Vehicle Speed Sensor (VSS),,064,001,,,,,
EVC,031,001,Air Bag Restraint System,,046,003,,,,,
EVC,031,001,Clockspring Assembly,M,044,001,,,,,
EVC,031,001,Engine Compartment Fuse Box,,013,002,,,,,
EVC,031,001,Horns/Cigar Lighter,,044,001,,,,,
EVC,031,001,Instrument Illumination,,071,003,,,,,
EVC,031,001,Speed Control Switch Assembly,F,071,003,,,,,
EVC,031,001,Steering Column/Ignition/Lighting (SCIL) Module,,058,004,,,,,
EVC,031,002,Grounds,,010,003,,,,,
EVC,031,002,Grounds,,010,007,,,,,
EVC,031,002,I/P Fuse Panel,,013,007,,,,,
EVC,031,002,I/P Fuse Panel,,013,011,,,,,
EVC,031,002,I/P Fuse Panel,,013,013,,,,,
EVC,031,002,Instrument Cluster,,060,003,,,,,
EVC,031,002,Power Distribution,,013,016,,,,,
EVC,031,002,Turn/Stop/Hazard Lamps,,090,001,,,,,
EVC,031,002,Turn/Stop/Hazard Lamps,,090,002,,,,,
EVC,031,002,Vehicle Speed Sensor (VSS),,064,001,,,,,
EVC,033,001,A/C Clutch Coil,,055,002,,,,,
EVC,033,001,Electronic Engine Controls,,023,001,,,,,
EVC,033,001,Electronic Engine Controls,,023,002,,,,,
EVC,033,001,Engine Compartment Fuse Box,,013,007,,,,,
EVC,033,001,Grounds,,010,001,,,,,
EVC,033,001,Grounds,,010,005,,,,,
EVC,033,001,Multiplex Communication Network,,014,001,,,,,
EVC,033,001,Multiplex Communication Network,,014,002,,,,,
EVC,033,001,PCM Power Relay,,023,001,,,,,
EVC,037,001,Grounds,,010,010,,,,,
EVC,037,001,Grounds,,010,014,,,,,
EVC,037,001,I/P Fuse Panel,,013,007,,,,,
EVC,037,001,I/P Fuse Panel,,013,013,,,,,
EVC,037,001,Ignition Switch,,013,013,,,,,
EVC,037,001,Ignition Switch,,149,004,,,,,
EVC,037,001,Power Distribution,,013,011,,,,,
EVC,037,001,Steering Column/Ignition/Lighting (SCIL) Module,,058,001,,,,,
EVC,037,001,Steering Column/Ignition/Lighting (SCIL) Module,,058,005,,,,,
EVC,037,001,Turn/Stop/Hazard Lamps,,090,001,,,,,
EVC,041,001,Engine Compartment Fuse Box,,013,001,,,,,
EVC,041,001,Engine Compartment Fuse Box,,013,003,,,,,
EVC,041,001,Grounds,,010,005,,,,,
EVC,041,001,Grounds,,010,007,,,,,
EVC,041,001,Grounds,,010,015,,,,,
EVC,041,001,I/P Fuse Panel,,013,013,,,,,
EVC,041,001,Message Center,,069,003,,,,,
EVC,041,001,Power Distribution,,013,015,,,,,
EVC,041,002,Electronically Variable Orifice (EVO) Power Steering,,043,001,,,,,
EVC,041,002,Electronically Variable Orifice (EVO) Power Steering,,043,002,,,,,
EVC,041,002,Lighting Control Module,,058,006,,,,,
EVC,041,003,Grounds,,010,003,,,,,
EVC,041,003,Grounds,,010,005,,,,,
EVC,041,003,Grounds,,010,007,,,,,
EVC,041,003,Grounds,,010,012,,,,,
EVC,041,003,Grounds,,010,015,,,,,
EVC,041,003,Message Center,,069,003,,,,,
EVC,041,003,Vehicle Speed Sensor (VSS),,064,001,,,,,
EVC,042,001,C1030,,042,002,A,,,,
EVC,042,001,C1030,,042,002,B,,,,
EVC,042,001,Engine Compartment Fuse Box,,013,005,,,,,
EVC,042,001,I/P Fuse Panel,,013,007,,,,,
EVC,042,001,Power Distribution,,013,011,,,,,
EVC,042,001,Turn/Stop/Hazard Lamps,,090,001,,,,,
EVC,042,002,Grounds,,010,003,,,,,
EVC,042,002,Grounds,,010,004,,,,,
EVC,042,002,I/P Fuse Panel,,013,013,,,,,
EVC,042,002,I/P Fuse Panel,,013,014,,,,,
EVC,042,002,I/P Warning Indicator Display,,065,002,,,,,
EVC,042,002,Instrument Cluster,,060,003,,,,,
EVC,042,002,Message Center,,069,001,,,,,
EVC,042,002,Message Center,,069,002,,,,,
EVC,042,002,Multiplex Communication Network,,014,001,,,,,
EVC,042,002,Multiplex Communication Network,,014,002,,,,,
EVC,042,002,Power Distribution,,013,015,,,,,
EVC,042,002,S164,,042,001,A,,,,
EVC,042,002,S164,,042,001,B,,,,
EVC,042,003,Grounds,,010,003,,,,,
EVC,042,003,Grounds,,010,004,,,,,
EVC,043,001,Air Suspension,,041,001,,,,,
EVC,043,001,Air Suspension/EVO Steering Module,,041,001,,,,,
EVC,043,001,Air Suspension/EVO Steering Module,,041,002,,,,,
EVC,043,001,Grounds,,010,007,,,,,
EVC,043,001,Grounds,,010,015,,,,,
EVC,043,001,I/P Fuse Panel,,013,013,,,,,
EVC,043,001,Power Distribution,,013,015,,,,,
EVC,043,002,Air Suspension/EVO Steering Module,,041,001,,,,,
EVC,043,002,Air Suspension/EVO Steering Module,,041,002,,,,,
EVC,043,002,Air Suspension/EVO Steering Module,,041,003,,,,,
EVC,043,002,Engine Compartment Fuse Box,,013,001,,,,,
EVC,043,002,Grounds,,010,007,,,,,
EVC,043,002,Vehicle Speed Sensor (VSS),,064,001,,,,,
EVC,044,001,Air Bag Restraint System,,046,003,,,,,
EVC,044,001,Engine Compartment Fuse Box,,013,002,,,,,
EVC,044,001,Grounds,,010,005,,,,,
EVC,044,001,Instrument Illumination,,071,003,,,,,
EVC,044,001,Speed Control,,031,001,,,,,
EVC,044,001,Speed Control Module,,031,002,,,,,
EVC,044,001,Steering Column/Ignition/Lighting (SCIL) Module,,058,004,,,,,
EVC,044,002,Grounds,,010,012,,,,,
EVC,044,002,Grounds,,010,013,,,,,
EVC,044,002,I/P Fuse Panel,,013,007,,,,,
EVC,044,002,I/P Fuse Panel,,013,010,,,,,
EVC,044,002,Instrument Illumination,,071,003,,,,,
EVC,046,001,Engine Compartment Fuse Box,,013,002,,,,,
EVC,046,001,Grounds,,010,012,,,,,
EVC,046,001,Grounds,,010,013,,,,,
EVC,046,001,I/P Fuse Panel,,013,013,,,,,
EVC,046,001,I/P Fuse Panel,,013,014,,,,,
EVC,046,001,I/P Warning Indicator Display,,065,002,,,,,
EVC,046,002,C230,,046,003,R,,,,
EVC,046,002,C233,,046,003,S,,,,
EVC,046,003,Clockspring Assembly,M,044,001,,,,,
EVC,046,003,S210,,046,002,S,,,,
EVC,046,003,S210,,046,002,R,,,,
EVC,055,001,Engine Compartment Fuse Box,,013,008,,,,,
EVC,055,001,Grounds,,010,012,,,,,
EVC,055,001,Grounds,,010,013,,,,,
EVC,055,001,I/P Fuse Panel,,013,013,,,,,
EVC,055,001,I/P Fuse Panel,,013,014,,,,,
EVC,055,002,Engine Compartment Fuse Box,,013,007,,,,,
EVC,055,002,Grounds,,010,005,,,,,
EVC,055,002,Grounds,,010,006,,,,,
EVC,055,002,I/P Fuse Panel,,013,010,,,,,
EVC,055,002,I/P Fuse Panel,,013,013,,,,,
EVC,055,002,Instrument Cluster,,060,001,,,,,
EVC,055,002,Message Center,,069,002,,,,,
EVC,055,002,Multiplex Communication Network,,014,002,,,,,
EVC,055,002,Power Distribution,,013,016,,,,,
EVC,055,002,Powertrain Control Module (PCM),,023,011,,,,,
EVC,055,002,S140,,055,003,C,,,,
EVC,055,002,Variable Load Control Module (VLCM),,033,001,,,,,
EVC,055,003,C106,,055,002,C,,,,
EVC,055,003,Electronic Automatic Temperature Control (EATC) Module,,071,002,,,,,
EVC,055,003,Electronic Engine Controls,,023,003,,,,,
EVC,055,003,Electronic Engine Controls,,023,004,,,,,
EVC,055,003,Electronic Engine Controls,,023,005,,,,,
EVC,055,003,Grounds,,010,010,,,,,
EVC,055,003,Grounds,,010,014,,,,,
EVC,055,003,Instrument Illumination,,071,002,,,,,
EVC,055,003,Multiplex Communication Network,,014,001,,,,,
EVC,055,003,Powertrain Control Module (PCM),,023,003,,,,,
EVC,055,003,Powertrain Control Module (PCM),,023,004,,,,,
EVC,055,003,Powertrain Control Module (PCM),,023,005,,,,,
EVC,055,003,Powertrain Control Module (PCM),,023,011,,,,,
EVC,056,001,Engine Compartment Fuse Box,,013,007,,,,,
EVC,056,001,Grounds,,010,010,,,,,
EVC,056,001,Grounds,,010,012,,,,,
EVC,056,001,Grounds,,010,013,,,,,
EVC,056,001,C405,,056,002,Z,,,,
EVC,056,001,I/P Fuse Panel,,013,015,,,,,
EVC,056,001,Instrument Illumination,,071,002,,,,,
EVC,056,001,Left Power/Heated/Memory Mirror,,124,004,,,,,
EVC,056,001,Power Distribution,,013,015,,,,,
EVC,056,001,Right Power/Heated/Memory Mirror,,124,005,,,,,
EVC,056,002,Cellular Telephone,,135,001,,,,,
EVC,056,002,Radio,Premium Sound,130,001,,,,,
EVC,056,002,Radio,JBL,130,003,,,,,
EVC,056,002,Radio,JBL,130,006,,,,,
EVC,056,002,S250,,056,001,Z,,,,
EVC,057,001,Anti-Theft Protection System,,112,003,,,,,
EVC,057,001,Engine Compartment Fuse Box,,013,018,,,,,
EVC,057,001,I/P Fuse Panel,,013,012,,,,,
EVC,057,001,Multiplex Communication Network,,014,001,,,,,
EVC,057,001,Multiplex Communication Network,,014,002,,,,,
EVC,057,001,Power Distribution,,013,008,,,,,
EVC,057,001,Power Distribution,,013,012,,,,,
EVC,057,001,Power Door Locks,,110,001,,,,,
EVC,057,001,Power Door Locks,,110,002,,,,,
EVC,057,001,Power Windows,,100,002,,,,,
EVC,057,001,Remote/Keyless Entry,,111,002,,,,,
EVC,057,001,Steering Column/Ignition/Lighting (SCIL) Module,,058,004,,,,,
EVC,057,002,Grounds,,010,001,,,,,
EVC,057,002,Grounds,,010,002,,,,,
EVC,057,002,Grounds,,010,010,,,,,
EVC,057,002,Power Memory Mirrors,,124,001,,,,,
EVC,057,002,Power Memory Mirrors,,124,002,,,,,
EVC,057,002,Trunk Lid Release,,113,002,,,,,
EVC,058,001,Day/Night Sensor/Amplifier,,087,001,,,,,
EVC,058,001,Grounds,,010,012,,,,,
EVC,058,001,Grounds,,010,013,,,,,
EVC,058,001,I/P Dimming Switch,,071,001,,,,,
EVC,058,001,I/P Fuse Panel,,013,013,,,,,
EVC,058,001,Ignition Switch,,013,013,,,,,
EVC,058,001,Ignition Switch,,013,014,,,,,
EVC,058,001,Ignition Switch,,149,004,,,,,
EVC,058,001,Power Distribution,,013,011,,,,,
EVC,058,002,Anti-Theft Hood Switch,,112,002,,,,,
EVC,058,002,I/P Fuse Panel,,013,006,,,,,
EVC,058,002,Main Light Switch,,087,001,,,,,
EVC,058,002,Passengers Door Ajar Switch,,112,002,,,,,
EVC,058,003,Courtesy Lamps,,089,001,,,,,
EVC,058,003,Instrument Illumination,,071,001,,,,,
EVC,058,003,Left Ballast Lo Beam Headlamp,,087,003,,,,,
EVC,058,003,Left Rear Park/Stop/Turn Lamp,,090,002,,,,,
EVC,058,003,Right Ballast Lo Beam Headlamp,,087,003,,,,,
EVC,058,003,Right Rear Park/Stop/Turn Lamp,,090,002,,,,,
EVC,058,003,Tilt/Telescoping Steering Column,,077,002,,,,,
EVC,058,003,Tilt/Telescoping Steering Column,,077,003,,,,,
EVC,058,004,Automatic Headlamps/Delayed Exit,,087,001,,,,,
EVC,058,004,Delayed Accessory Power,,088,001,,,,,
EVC,058,004,Drivers Door Disarm Switch,,112,002,,,,,
EVC,058,004,Grounds,,010,001,,,,,
EVC,058,004,Horns/Cigar Lighter,,044,001,,,,,
EVC,058,004,I/P Fuse Panel,,013,006,,,,,
EVC,058,004,I/P Fuse Panel,,013,007,,,,,
EVC,058,004,I/P Fuse Panel,,013,011,,,,,
EVC,058,004,Multiplex Communication Network,,014,001,,,,,
EVC,058,004,Multiplex Communication Network,,014,002,,,,,
EVC,058,004,Passengers Door Disarm Switch,,112,002,,,,,
EVC,058,004,Trunk Lid Release,,113,001,,,,,
EVC,058,004,Turn/Stop/Hazard Lamps,,090,001,,,,,
EVC,058,005,Brake Shifter Interlock,,037,001,,,,,
EVC,058,005,Digital Transmission Range (DTR) Sensor,,029,002,,,,,
EVC,058,005,Exterior Lamps,,092,001,,,,,
EVC,058,005,I/P Fuse Panel,,013,007,,,,,
EVC,058,005,I/P Warning Indicator Display,,065,001,,,,,
EVC,058,005,Instrument Cluster,,060,002,,,,,
EVC,058,005,Instrument Cluster,,060,003,,,,,
EVC,058,005,Left Front Park/Turn Lamp,,090,001,,,,,
EVC,058,005,Left Front Park/Turn Lamp,,092,001,,,,,
EVC,058,005,Left Power/Heated/Memory Mirror,,124,004,,,,,
EVC,058,005,Power Distribution,,013,011,,,,,
EVC,058,005,Right Front Park/Turn Lamp,,090,001,,,,,
EVC,058,005,Right Front Park/Turn Lamp,,092,001,,,,,
EVC,058,005,Right Power/Heated/Memory Mirror,,124,005,,,,,
EVC,058,005,Turn/Stop/Hazard Lamps,,090,001,,,,,
EVC,058,006,Air Suspension/EVO Steering Module,,041,002,,,,,
EVC,058,006,Courtesy Lamps,,089,002,,,,,
EVC,058,006,Daytime Running Lamps (DRL) Module,,097,001,,,,,
EVC,058,006,Grounds,,010,012,,,,,
EVC,058,006,Grounds,,010,013,,,,,
EVC,058,006,Hi Beam Relay,,087,002,,,,,
EVC,058,006,Interval Wiper/Washer Module,,081,001,,,,,
EVC,058,006,Left Cornering Lamp,,091,001,,,,,
EVC,058,006,Passengers Seat Module (PSM),,123,006,,,,,
EVC,058,006,Power Memory Mirrors,,124,004,,,,,
EVC,058,006,Power Memory Mirrors,,124,005,,,,,
EVC,058,006,Right Cornering Lamp,,091,001,,,,,
EVC,058,006,Trunk Lid Relay,,113,001,,,,,
EVC,058,006,Windshield Wiper Motor,,081,001,,,,,
EVC,060,001,Grounds,,010,010,,,,,
EVC,060,001,I/P Fuse Panel,,013,010,,,,,
EVC,060,001,I/P Fuse Panel,,013,015,,,,,
EVC,060,001,Instrument Illumination,,071,004,,,,,
EVC,060,001,Power Distribution,,013,010,,,,,
EVC,060,001,Power Distribution,,013,015,,,,,
EVC,060,001,Powertrain Control Module (PCM),,023,011,,,,,
EVC,060,002,Generator/Voltage Regulator,,012,001,,,,,
EVC,060,002,Grounds,,010,004,,,,,
EVC,060,002,Grounds,,010,010,,,,,
EVC,060,002,Grounds,,010,014,,,,,
EVC,060,002,I/P Fuse Panel,,013,015,,,,,
EVC,060,002,Instrument Illumination,,071,002,,,,,
EVC,060,002,Steering Column/Ignition/Lighting (SCIL) Module,,058,005,,,,,
EVC,060,002,Turn/Stop/Hazard Lamps,,090,001,,,,,
EVC,060,003,Grounds,,010,001,,,,,
EVC,060,003,I/P Fuse Panel,,013,011,,,,,
EVC,060,003,Multiplex Communication Network,,014,001,,,,,
EVC,060,003,Multiplex Communication Network,,014,002,,,,,
EVC,060,003,Power Distribution,,013,011,,,,,
EVC,060,003,Speed Control Module,,031,002,,,,,
EVC,060,003,Turn/Stop/Hazard Lamps,,090,001,,,,,
EVC,064,001,Air Suspension/EVO Steering Module,,041,003,,,,,
EVC,064,001,Grounds,,010,003,,,,,
EVC,064,001,Grounds,,010,007,,,,,
EVC,064,001,Powertrain Control Module (PCM),,023,010,,,,,
EVC,064,001,Speed Control Module,,031,002,,,,,
EVC,065,001,Grounds,,010,010,,,,,
EVC,065,001,Grounds,,010,014,,,,,
EVC,065,001,I/P Fuse Panel,,013,013,,,,,
EVC,065,001,Power Distribution,,013,011,,,,,
EVC,065,001,Powertrain Control Module (PCM),,023,011,,,,,
EVC,065,001,Steering Column/Ignition/Lighting (SCIL) Module,,058,005,,,,,
EVC,065,002,Air Bag Diagnostic Monitor,,046,001,,,,,
EVC,065,002,I/P Fuse Panel,,013,013,,,,,
EVC,065,002,Message Center,,069,001,,,,,
EVC,065,002,Message Center,,069,002,,,,,
EVC,065,002,Multiplex Communication Network,,014,001,,,,,
EVC,065,002,Multiplex Communication Network,,014,002,,,,,
EVC,065,002,Power Distribution,,013,015,,,,,
EVC,066,001,Drivers Door Ajar Switch,,112,003,,,,,
EVC,066,001,Drivers Door Module (DDM),,057,001,,,,,
EVC,066,001,Drivers Seat Belt Switch,,123,003,,,,,
EVC,066,001,Drivers Seat Module (DSM),,123,001,,,,,
EVC,066,001,Drivers Seat Module (DSM),,123,003,,,,,
EVC,066,001,Ignition Switch,,013,013,,,,,
EVC,066,001,Ignition Switch,,013,014,,,,,
EVC,066,001,Ignition Switch,,149,004,,,,,
EVC,066,001,Main Light Switch,,087,001,,,,,
EVC,066,001,Main Light Switch,,149,001,,,,,
EVC,066,001,Multiplex Communication Network,,014,001,,,,,
EVC,066,001,Multiplex Communication Network,,014,002,,,,,
EVC,066,001,Passengers Door Ajar Switch,,112,002,,,,,
EVC,066,001,Steering Column/Ignition/Lighting (SCIL) Module,,058,001,,,,,
EVC,066,001,Steering Column/Ignition/Lighting (SCIL) Module,,058,002,,,,,
EVC,066,001,Steering Column/Ignition/Lighting (SCIL) Module,,058,004,,,,,
EVC,066,002,4R70W Transmission,,029,003,,,,,
EVC,066,002,C246,,066,003,A,,,,
EVC,066,002,Electronic Engine Controls,,023,004,,,,,
EVC,066,002,Electronic Engine Controls,,023,005,,,,,
EVC,066,002,Electronic Engine Controls,,023,011,,,,,
EVC,066,002,Fuel Pump/Fuel Gauge Sender,,023,003,,,,,
EVC,066,002,Multiplex Communication Network,,014,001,,,,,
EVC,066,002,Multiplex Communication Network,,014,002,,,,,
EVC,066,002,Powertrain Control Module (PCM),,023,003,,,,,
EVC,066,002,Powertrain Control Module (PCM),,023,004,,,,,
EVC,066,002,Powertrain Control Module (PCM),,023,005,,,,,
EVC,066,002,Powertrain Control Module (PCM),,023,011,,,,,
EVC,066,002,Steering Column/Ignition/Lighting (SCIL) Module,,058,004,,,,,
EVC,066,003,Generator/Voltage Regulator,,012,001,,,,,
EVC,066,003,Grounds,,010,003,,,,,
EVC,066,003,Grounds,,010,007,,,,,
EVC,066,003,I/P Fuse Panel,,013,015,,,,,
EVC,066,003,Instrument Cluster,,060,002,,,,,
EVC,066,003,Instrument Cluster,,060,003,,,,,
EVC,066,003,Message Center,,069,001,,,,,
EVC,066,003,Message Center,,069,002,,,,,
EVC,066,003,Multiplex Communication Network,,014,001,,,,,
EVC,066,003,Multiplex Communication Network,,014,002,,,,,
EVC,066,003,S2001,,066,002,A,,,,
EVC,066,003,Steering Column/Ignition/Lighting (SCIL) Module,,058,004,,,,,
EVC,069,001,Grounds,,010,001,,,,,
EVC,069,001,Grounds,,010,003,,,,,
EVC,069,001,Grounds,,010,007,,,,,
EVC,069,001,I/P Warning Indicator Display,,065,002,,,,,
EVC,069,002,Fuel Pump/Fuel Gauge Sender,,023,003,,,,,
EVC,069,002,Grounds,,010,001,,,,,
EVC,069,002,Grounds,,010,001,,,,,
EVC,069,002,Grounds,,010,002,,,,,
EVC,069,002,Grounds,,010,010,,,,,
EVC,069,002,Grounds,,010,011,,,,,
EVC,069,002,Grounds,,010,014,,,,,
EVC,069,002,I/P Fuse Panel,,013,007,,,,,
EVC,069,002,I/P Fuse Panel,,013,018,,,,,
EVC,069,002,Instrument Illumination,,071,002,,,,,
EVC,069,002,Multiplex Communication Network,,014,001,,,,,
EVC,069,002,Multiplex Communication Network,,014,002,,,,,
EVC,069,002,Power Distribution,,013,010,,,,,
EVC,069,002,Power Distribution,,013,019,,,,,
EVC,069,002,Powertrain Control Module (PCM),,023,003,,,,,
EVC,069,003,Air Suspension Switch,,041,001,,,,,
EVC,069,003,Air Suspension/EVO Steering Module,,041,001,,,,,
EVC,069,003,Air Suspension/EVO Steering Module,,041,003,,,,,
EVC,069,003,Grounds,,010,005,,,,,
EVC,069,003,Grounds,,010,006,,,,,
EVC,069,003,Grounds,,010,007,,,,,
EVC,069,003,Grounds,,010,012,,,,,
EVC,069,003,Grounds,,010,013,,,,,
EVC,069,003,Grounds,,010,015,,,,,
EVC,071,001,Grounds,,010,001,,,,,
EVC,071,001,Grounds,,010,001,,,,,
EVC,071,001,Grounds,,010,010,,,,,
EVC,071,001,Grounds,,010,012,,,,,
EVC,071,001,Grounds,,010,013,,,,,
EVC,071,001,Grounds,,010,014,,,,,
EVC,071,001,I/P Fuse Panel,,013,006,,,,,
EVC,071,001,Main Light Switch,,149,001,,,,,
EVC,071,001,S286,,071,002,B,,,,
EVC,071,001,Steering Column/Ignition/Lighting (SCIL) Module,,058,001,,,,,
EVC,071,001,Steering Column/Ignition/Lighting (SCIL) Module,,058,002,,,,,
EVC,071,001,Steering Column/Ignition/Lighting (SCIL) Module,,058,003,,,,,
EVC,071,001,Steering Column/Ignition/Lighting (SCIL) Module,,058,006,,,,,
EVC,071,002,C214,,071,003,F,,,,
EVC,071,002,C223,,071,003,C,,,,
EVC,071,002,C287,,071,001,B,,,,
EVC,071,002,C295,,071,003,D,,,,
EVC,071,002,C309,,071,003,E,,,,
EVC,071,002,Electronic Automatic Temperature Control (EATC) Module,,055,003,,,,,
EVC,071,002,Grounds,,010,010,,,,,
EVC,071,002,Grounds,,010,012,,,,,
EVC,071,002,Grounds,,010,013,,,,,
EVC,071,002,Grounds,,010,014,,,,,
EVC,071,002,Instrument Cluster,,060,002,,,,,
EVC,071,002,Left Heated Seat Control Switch,,119,001,,,,,
EVC,071,002,Message Center Switch Assembly,,069,002,,,,,
EVC,071,002,Rear Window Defrost Control,,056,001,,,,,
EVC,071,002,Right Heated Seat Control Switch,,119,002,,,,,
EVC,071,003,Clockspring Assembly,M,044,001,,,,,
EVC,071,003,Grounds,,010,010,,,,,
EVC,071,003,Grounds,,010,012,,,,,
EVC,071,003,Grounds,,010,013,,,,,
EVC,071,003,Grounds,,010,014,,,,,
EVC,071,003,Left Door Lock Switch,,110,001,,,,,
EVC,071,003,Radio,Premium Sound,130,001,,,,,
EVC,071,003,Right Door Lock Switch,,110,001,,,,,
EVC,071,003,S286,,071,002,F,,,,
EVC,071,003,S286,,071,002,E,,,,
EVC,071,003,S286,,071,002,D,,,,
EVC,071,003,S286,,071,002,C,,,,
EVC,071,003,Speed Control Switch Assembly,F,031,001,,,,,
EVC,071,004,Drivers Power Window Switch,,100,002,,,,,
EVC,071,004,Grounds,,010,010,,,,,
EVC,071,004,Grounds,,010,012,,,,,
EVC,071,004,Passengers Power Window Switch,,100,002,,,,,
EVC,071,004,Power Mirror Adjust Switch,,124,001,,,,,
EVC,071,004,PRNDL/Transmission Control Illumination,,060,001,,,,,
EVC,072,001,Grounds,,010,003,,,,,
EVC,072,001,Grounds,,010,005,,,,,
EVC,072,001,Grounds,,010,006,,,,,
EVC,072,001,I/P Fuse Panel,,013,006,,,,,
EVC,072,001,Ignition Switch,,013,013,,,,,
EVC,072,001,Ignition Switch,,013,014,,,,,
EVC,072,001,Left Ballast Lo Beam Headlamp,,087,003,,,,,
EVC,072,001,Left Rear Park/Stop/Turn Lamp,,090,002,,,,,
EVC,072,001,Main Light Switch,,087,001,,,,,
EVC,072,001,Main Light Switch,,149,001,,,,,
EVC,072,001,Multi-Function Switch,,149,002,,,,,
EVC,072,001,Right Ballast Lo Beam Headlamp,,087,003,,,,,
EVC,072,001,Right Rear Park/Stop/Turn Lamp,,090,002,,,,,
EVC,072,001,Steering Column/Ignition/Lighting (SCIL) Module,,058,001,,,,,
EVC,072,001,Steering Column/Ignition/Lighting (SCIL) Module,,058,002,,,,,
EVC,072,001,Steering Column/Ignition/Lighting (SCIL) Module,,058,003,,,,,
EVC,072,001,Steering Column/Ignition/Lighting (SCIL) Module,,058,004,,,,,
EVC,072,002,Daytime Running Lamps (DRL) Module,,097,001,,,,,
EVC,072,002,Engine Compartment Fuse Box,,013,001,,,,,
EVC,072,002,Exterior Lamps,,092,001,,,,,
EVC,072,002,I/P Fuse Panel,,013,013,,,,,
EVC,072,002,Instrument Cluster,,060,002,,,,,
EVC,072,002,Instrument Cluster,,060,003,,,,,
EVC,072,002,Left Front Park/Turn Lamp,,090,001,,,,,
EVC,072,002,Left Front Park/Turn Lamp,,092,001,,,,,
EVC,072,002,Left Hi Beam Headlamp,,087,002,,,,,
EVC,072,002,Message Center,,069,002,,,,,
EVC,072,002,Multiplex Communication Network,,014,001,,,,,
EVC,072,002,Multiplex Communication Network,,014,002,,,,,
EVC,072,002,Power Distribution,,013,016,,,,,
EVC,072,002,Power Memory Mirrors,,124,004,,,,,
EVC,072,002,Power Memory Mirrors,,124,005,,,,,
EVC,072,002,Right Front Park/Turn Lamp,,090,001,,,,,
EVC,072,002,Right Front Park/Turn Lamp,,092,001,,,,,
EVC,072,002,Right Hi Beam Headlamp,,087,002,,,,,
EVC,072,002,Steering Column/Ignition/Lighting (SCIL) Module,,058,004,,,,,
EVC,072,002,Steering Column/Ignition/Lighting (SCIL) Module,,058,005,,,,,
EVC,072,002,Steering Column/Ignition/Lighting (SCIL) Module,,058,006,,,,,
EVC,077,001,C279,,077,002,C,,,,
EVC,077,001,C289,,077,002,D,,,,
EVC,077,001,Engine Compartment Fuse Box,,013,003,,,,,
EVC,077,001,Grounds,,010,010,,,,,
EVC,077,001,Grounds,,010,014,,,,,
EVC,077,001,S297,,077,003,E,,,,
EVC,077,001,Steering Column/Ignition/Lighting (SCIL) Module,,058,003,,,,,
EVC,077,002,Grounds,,010,010,,,,,
EVC,077,002,Grounds,,010,014,,,,,
EVC,077,002,S294,,077,001,C,,,,
EVC,077,002,S294,,077,001,D,,,,
EVC,077,002,Steering Column/Ignition/Lighting (SCIL) Module,,058,003,,,,,
EVC,077,003,C292,,077,001,E,,,,
EVC,077,003,Multi-Function Switch,,149,002,,,,,
EVC,077,003,Steering Column/Ignition/Lighting (SCIL) Module,,058,003,,,,,
EVC,081,001,C296,,081,002,A,,,,
EVC,081,001,C296,,081,002,B,,,,
EVC,081,001,C296,,081,002,C,,,,
EVC,081,001,Grounds,,010,003,,,,,
EVC,081,001,Grounds,,010,005,,,,,
EVC,081,001,Grounds,,010,006,,,,,
EVC,081,001,Grounds,,010,010,,,,,
EVC,081,001,Grounds,,010,014,,,,,
EVC,081,001,I/P Fuse Panel,,013,018,,,,,
EVC,081,001,I/P Fuse Panel,,013,020,,,,,
EVC,081,001,Steering Column/Ignition/Lighting (SCIL) Module,,058,006,,,,,
EVC,081,002,C226,,081,001,A,,,,
EVC,081,002,C226,,081,001,B,,,,
EVC,081,002,C226,,081,001,C,,,,
EVC,081,002,Multi-Function Switch,,149,002,,,,,
EVC,087,001,Grounds,,010,001,,,,,
EVC,087,001,Grounds,,010,010,,,,,
EVC,087,001,Grounds,,010,012,,,,,
EVC,087,001,Grounds,,010,013,,,,,
EVC,087,001,Grounds,,010,014,,,,,
EVC,087,001,I/P Fuse Panel,,013,006,,,,,
EVC,087,001,I/P Fuse Panel,,013,013,,,,,
EVC,087,001,Instrument Illumination,,071,001,,,,,
EVC,087,001,Main Light Switch,,149,001,,,,,
EVC,087,001,Multi-Function Switch,,149,002,,,,,
EVC,087,001,Power Distribution,,013,011,,,,,
EVC,087,001,Steering Column/Ignition/Lighting (SCIL) Module,,058,001,,,,,
EVC,087,001,Steering Column/Ignition/Lighting (SCIL) Module,,058,002,,,,,
EVC,087,001,Steering Column/Ignition/Lighting (SCIL) Module,,058,004,,,,,
EVC,087,002,Daytime Running Lamps (DRL) Module,,097,001,,,,,
EVC,087,002,Engine Compartment Fuse Box,,013,001,,,,,
EVC,087,002,Engine Compartment Fuse Box,,097,001,,,,,
EVC,087,002,Grounds,,010,003,,,,,
EVC,087,002,Grounds,,010,005,,,,,
EVC,087,002,Grounds,,010,006,,,,,
EVC,087,002,Instrument Cluster,,060,002,,,,,
EVC,087,002,Steering Column/Ignition/Lighting (SCIL) Module,,058,005,,,,,
EVC,087,002,Steering Column/Ignition/Lighting (SCIL) Module,,058,006,,,,,
EVC,087,003,Grounds,,010,003,,,,,
EVC,087,003,Grounds,,010,005,,,,,
EVC,087,003,Grounds,,010,006,,,,,
EVC,087,003,Steering Column/Ignition/Lighting (SCIL) Module,,058,003,,,,,
EVC,088,001,Drivers Door Module (DDM),,057,001,,,,,
EVC,088,001,Drivers Power Window Switch,,100,002,,,,,
EVC,088,001,Engine Compartment Fuse Box,,013,008,,,,,
EVC,088,001,Engine Compartment Fuse Box,,013,018,,,,,
EVC,088,001,Passengers Power Window Switch,,100,002,,,,,
EVC,088,001,Power Distribution,,013,012,,,,,
EVC,088,001,Power Distribution,,013,019,,,,,
EVC,088,001,Power Distribution,,013,020,,,,,
EVC,088,001,Steering Column/Ignition/Lighting (SCIL) Module,,058,004,,,,,
EVC,089,001,Grounds,,010,010,,,,,
EVC,089,001,Grounds,,010,011,,,,,
EVC,089,001,Grounds,,010,012,,,,,
EVC,089,001,Grounds,,010,013,,,,,
EVC,089,001,Grounds,,010,014,,,,,
EVC,089,001,I/P Dimming Switch,,071,001,,,,,
EVC,089,001,S329,,089,002,A,,,,
EVC,089,001,S902,,089,002,C,,,,
EVC,089,001,S902,,089,002,B,,,,
EVC,089,001,Steering Column/Ignition/Lighting (SCIL) Module,,058,001,,,,,
EVC,089,001,Steering Column/Ignition/Lighting (SCIL) Module,,058,003,,,,,
EVC,089,002,C900,,089,001,B,,,,
EVC,089,002,C903,,089,001,C,,,,
EVC,089,002,C907,,089,001,C,,,,
EVC,089,002,C909,,089,003,E,,,,
EVC,089,002,Grounds,,010,010,,,,,
EVC,089,002,Grounds,,010,011,,,,,
EVC,089,002,Grounds,,010,012,,,,,
EVC,089,002,S328,,089,001,A,,,,
EVC,089,002,Steering Column/Ignition/Lighting (SCIL) Module,,058,004,,,,,
EVC,089,002,Steering Column/Ignition/Lighting (SCIL) Module,,058,006,,,,,
EVC,089,002,Trunk Lid Release,,113,001,,,,,
EVC,089,003,Drivers Door Module (DDM),,057,001,,,,,
EVC,089,003,Grounds,,010,010,,,,,
EVC,089,003,Grounds,,010,011,,,,,
EVC,089,003,I/P Fuse Panel,,013,008,,,,,
EVC,089,003,Keyless Entry Keypad Switch Assembly,,111,002,,,,,
EVC,089,003,Multiplex Communication Network,,014,001,,,,,
EVC,089,003,Multiplex Communication Network,,014,002,,,,,
EVC,089,003,Power Distribution,,013,012,,,,,
EVC,089,003,S902,,089,002,E,,,,
EVC,089,003,Steering Column/Ignition/Lighting (SCIL) Module,,058,004,,,,,
EVC,090,001,Exterior Lamps,,092,001,,,,,
EVC,090,001,Grounds,,010,003,,,,,
EVC,090,001,Grounds,,010,005,,,,,
EVC,090,001,Grounds,,010,006,,,,,
EVC,090,001,I/P Fuse Panel,,013,007,,,,,
EVC,090,001,Instrument Cluster,,060,002,,,,,
EVC,090,001,Instrument Cluster,,060,003,,,,,
EVC,090,001,Left Power/Heated/Memory Mirror,,124,004,,,,,
EVC,090,001,Multi-Function Switch,,149,003,,,,,
EVC,090,001,Power Distribution,,013,011,,,,,
EVC,090,001,Powertrain Control Module (PCM),,023,009,,,,,
EVC,090,001,Right Power/Heated/Memory Mirror,,124,005,,,,,
EVC,090,001,Steering Column/Ignition/Lighting (SCIL) Module,,058,004,,,,,
EVC,090,001,Steering Column/Ignition/Lighting (SCIL) Module,,058,005,,,,,
EVC,090,002,Anti-Lock Brake Control Module,,042,001,,,,,
EVC,090,002,Exterior Lamps,,092,001,,,,,
EVC,090,002,Grounds,,010,015,,,,,
EVC,090,002,Speed Control Module,,031,002,,,,,
EVC,090,002,Steering Column/Ignition/Lighting (SCIL) Module,,058,003,,,,,
EVC,091,001,Grounds,,010,003,,,,,
EVC,091,001,Grounds,,010,004,,,,,
EVC,091,001,Grounds,,010,005,,,,,
EVC,091,001,I/P Fuse Panel,,013,006,,,,,
EVC,091,001,Main Light Switch,,087,001,,,,,
EVC,091,001,Main Light Switch,,149,001,,,,,
EVC,091,001,Multi-Function Switch,,149,002,,,,,
EVC,091,001,Steering Column/Ignition/Lighting (SCIL) Module,,058,002,,,,,
EVC,091,001,Steering Column/Ignition/Lighting (SCIL) Module,,058,004,,,,,
EVC,091,001,Steering Column/Ignition/Lighting (SCIL) Module,,058,006,,,,,
EVC,092,001,C435,,092,002,A,,,,
EVC,092,001,Grounds,,010,003,,,,,
EVC,092,001,Grounds,,010,004,,,,,
EVC,092,001,Grounds,,010,005,,,,,
EVC,092,001,Grounds,,010,006,,,,,
EVC,092,001,Grounds,,010,015,,,,,
EVC,092,001,I/P Fuse Panel,,013,006,,,,,
EVC,092,001,Main Light Switch,,087,001,,,,,
EVC,092,001,Main Light Switch,,149,001,,,,,
EVC,092,001,Steering Column/Ignition/Lighting (SCIL) Module,,058,002,,,,,
EVC,092,001,Steering Column/Ignition/Lighting (SCIL) Module,,058,005,,,,,
EVC,092,001,Turn/Stop/Hazard Lamps,,090,001,,,,,
EVC,092,001,Turn/Stop/Hazard Lamps,,090,002,,,,,
EVC,092,002,Grounds,,010,015,,,,,
EVC,092,002,S423,,092,001,A,,,,
EVC,093,001,Digital Transmission Range (DTR) Sensor,,029,002,,,,,
EVC,093,001,Electronic Day/Night Mirror,,125,001,,,,,
EVC,093,001,Grounds,,010,015,,,,,
EVC,093,001,I/P Fuse Panel,,013,013,,,,,
EVC,093,001,Power Distribution,,013,016,,,,,
EVC,094,001,Courtesy Lamps,,089,002,,,,,
EVC,094,001,Drivers Door Module (DDM),,057,001,,,,,
EVC,094,001,Grounds,,010,012,,,,,
EVC,094,001,I/P Fuse Panel,,013,012,,,,,
EVC,094,001,Keyless Entry Keypad Switch Assembly,,111,002,,,,,
EVC,094,001,Multiplex Communication Network,,014,001,,,,,
EVC,094,001,Multiplex Communication Network,,014,002,,,,,
EVC,094,001,Power Distribution,,013,012,,,,,
EVC,094,001,S328,,094,002,A,,,,
EVC,094,001,Steering Column/Ignition/Lighting (SCIL) Module,,058,004,,,,,
EVC,094,002,Courtesy Lamps,,089,001,,,,,
EVC,094,002,Grounds,,010,010,,,,,
EVC,094,002,Grounds,,010,011,,,,,
EVC,094,002,Grounds,,010,012,,,,,
EVC,094,002,Grounds,,010,013,,,,,
EVC,094,002,Grounds,,010,014,,,,,
EVC,094,002,I/P Dimming Switch,,071,001,,,,,
EVC,094,002,S329,,094,001,A,,,,
EVC,094,002,Steering Column/Ignition/Lighting (SCIL) Module,,058,001,,,,,
EVC,094,002,Steering Column/Ignition/Lighting (SCIL) Module,,058,003,,,,,
EVC,097,001,Engine Compartment Fuse Box,,013,001,,,,,
EVC,097,001,Engine Compartment Fuse Box,,087,002,,,,,
EVC,097,001,I/P Fuse Panel,,013,006,,,,,
EVC,097,001,I/P Fuse Panel,,013,013,,,,,
EVC,097,001,Left Hi Beam Headlamp,,087,002,,,,,
EVC,097,001,Main Light Switch,,087,001,,,,,
EVC,097,001,Main Light Switch,,149,001,,,,,
EVC,097,001,Power Distribution,,013,016,,,,,
EVC,097,001,Right Hi Beam Headlamp,,087,002,,,,,
EVC,097,001,Steering Column/Ignition/Lighting (SCIL) Module,,058,002,,,,,
EVC,097,001,Steering Column/Ignition/Lighting (SCIL) Module,,058,006,,,,,
EVC,097,002,Digital Transmission Range (Dtr) Sensor,,029,002,,,,,
EVC,097,002,Electronic Engine Controls,,023,005,,,,,
EVC,097,002,Electronic Engine Controls,,023,011,,,,,
EVC,097,002,Ignition Switch,,013,013,,,,,
EVC,097,002,Ignition Switch,,149,004,,,,,
EVC,097,002,Multiplex Communication Network,,014,001,,,,,
EVC,097,002,Multiplex Communication Network,,014,002,,,,,
EVC,097,002,Powertrain Control Module (PCM),,023,005,,,,,
EVC,097,002,Powertrain Control Module (PCM),,023,011,,,,,
EVC,097,002,Steering Column/Ignition/Lighting (SCIL) Module,,058,001,,,,,
EVC,097,002,Steering Column/Ignition/Lighting (SCIL) Module,,058,004,,,,,
EVC,097,002,Steering Column/Ignition/Lighting (SCIL) Module,,058,006,,,,,
EVC,100,001,C457,,100,002,A,,,,
EVC,100,001,C502,,100,002,B,,,,
EVC,100,001,C621,,100,002,C,,,,
EVC,100,001,Engine Compartment Fuse Box,,013,018,,,,,
EVC,100,001,Power Distribution,,013,018,,,,,
EVC,100,001,Power Distribution,,013,018,,,,,
EVC,100,002,Drivers Door Module (DDM),,057,001,,,,,
EVC,100,002,Grounds,,010,010,,,,,
EVC,100,002,Grounds,,010,012,,,,,
EVC,100,002,Instrument Illumination,,071,002,,,,,
EVC,100,002,Instrument Illumination,,071,004,,,,,
EVC,100,002,Passengers Power Window Switch,,149,006,,,,,
EVC,100,002,S322,,100,001,A,,,,
EVC,100,002,S322,,100,001,B,,,,
EVC,100,002,S322,,100,001,C,,,,
EVC,101,001,Grounds,,010,010,,,,,
EVC,101,001,I/P Fuse Panel,,013,018,,,,,
EVC,101,001,I/P Fuse Panel,,013,020,,,,,
EVC,101,001,Moonroof Control Switch,,149,005,,,,,
EVC,110,001,Drivers Door Module (DDM),,057,001,,,,,
EVC,110,001,Grounds,,010,010,,,,,
EVC,110,001,Grounds,,010,012,,,,,
EVC,110,001,I/P Fuse Panel,,013,012,,,,,
EVC,110,001,Instrument Illumination,,071,003,,,,,
EVC,110,001,Power Distribution,,013,012,,,,,
EVC,110,002,Drivers Door Module (DDM),,057,001,,,,,
EVC,111,001,Automatic Headlamps/Delayed Exit,,087,003,,,,,
EVC,111,001,Courtesy Lamps,,089,001,,,,,
EVC,111,001,Engine Compartment Fuse Box,,013,002,,,,,
EVC,111,001,Exterior Lamps,,092,001,,,,,
EVC,111,001,Horn Relay,,044,001,,,,,
EVC,111,001,Horns/Cigar Lighter,,044,001,,,,,
EVC,111,001,I/P Dimming Switch,,071,001,,,,,
EVC,111,001,Ignition Switch,,013,013,,,,,
EVC,111,001,Ignition Switch,,013,014,,,,,
EVC,111,001,Ignition Switch,,149,004,,,,,
EVC,111,001,S295,,111,002,A,,,,
EVC,111,001,S296,,111,002,B,,,,
EVC,111,001,Steering Column/Ignition/Lighting (SCIL) Module,,058,004,,,,,
EVC,111,001,Steering Column/Ignition/Lighting (SCIL) Module,,058,005,,,,,
EVC,111,002,C288,,111,001,A,,,,
EVC,111,002,C288,,111,001,B,,,,
EVC,111,002,Drivers Door Module,,057,001,,,,,
EVC,111,002,Left Door Lock Switch,,110,001,,,,,
EVC,111,002,Multiplex Communication Network,,014,001,,,,,
EVC,111,002,Multiplex Communication Network,,014,002,,,,,
EVC,111,002,Power Distribution,,013,012,,,,,
EVC,111,002,Right Door Lock Switch,,110,001,,,,,
EVC,112,001,Digital Transmission Range (DTR) Sensor,,029,002,,,,,
EVC,112,001,Engine Compartment Fuse Box,,013,008,,,,,
EVC,112,001,I/P Fuse Panel,,013,013,,,,,
EVC,112,001,I/P Fuse Panel,,013,014,,,,,
EVC,112,001,Ignition Switch,,013,013,,,,,
EVC,112,001,Ignition Switch,,013,014,,,,,
EVC,112,001,Ignition Switch,,149,004,,,,,
EVC,112,001,Power Distribution,,013,008,,,,,
EVC,112,001,Starter Motor/Solenoid,,020,001,,,,,
EVC,112,001,Starter Relay,,020,001,,,,,
EVC,112,001,Steering Column/Ignition/Lighting (SCIL) Module,,058,001,,,,,
EVC,112,001,Steering Column/Ignition/Lighting (SCIL) Module,,058,005,,,,,
EVC,112,002,Courtesy Lamps,,089,001,,,,,
EVC,112,002,Exterior Lamps,,092,001,,,,,
EVC,112,002,Grounds,,010,001,,,,,
EVC,112,002,Grounds,,010,003,,,,,
EVC,112,002,Grounds,,010,004,,,,,
EVC,112,002,Hi Beam Relay,,087,002,,,,,
EVC,112,002,Horn Relay,,044,001,,,,,
EVC,112,002,Horns/Cigar Lighter,,044,001,,,,,
EVC,112,002,I/P Warning Indicator Display,,065,001,,,,,
EVC,112,002,Steering Column/Ignition/Lighting (SCIL) Module,,058,001,,,,,
EVC,112,002,Steering Column/Ignition/Lighting (SCIL) Module,,058,002,,,,,
EVC,112,002,Steering Column/Ignition/Lighting (SCIL) Module,,058,003,,,,,
EVC,112,002,Steering Column/Ignition/Lighting (SCIL) Module,,058,004,,,,,
EVC,112,002,Steering Column/Ignition/Lighting (SCIL) Module,,058,005,,,,,
EVC,112,002,Steering Column/Ignition/Lighting (SCIL) Module,,058,006,,,,,
EVC,112,003,Drivers Door Module,,057,001,,,,,
EVC,112,003,Grounds,,010,001,,,,,
EVC,112,003,I/P Fuse Panel,,013,012,,,,,
EVC,112,003,Left Door Lock Switch,,110,001,,,,,
EVC,112,003,Power Distribution,,013,012,,,,,
EVC,112,003,Right Door Lock Switch,,110,001,,,,,
EVC,112,004,Drivers Door Module (DDM),,057,001,,,,,
EVC,112,004,Drivers Door Module (DDM),,057,002,,,,,
EVC,112,004,Multiplex Communication Network,,014,001,,,,,
EVC,112,004,Multiplex Communication Network,,014,002,,,,,
EVC,112,004,Powertrain Control Module (PCM),,023,011,,,,,
EVC,112,004,Steering Column/Ignition/Lighting (SCIL) Module,,058,004,,,,,
EVC,113,001,Courtesy Lamps,,089,002,,,,,
EVC,113,001,Engine Compartment Fuse Box,,013,007,,,,,
EVC,113,001,Grounds,,010,015,,,,,
EVC,113,001,Power Distribution,,013,007,,,,,
EVC,113,001,S295,,113,002,A,,,,
EVC,113,001,S296,,113,002,B,,,,
EVC,113,001,Steering Column/Ignition/Lighting (SCIL) Module,,058,002,,,,,
EVC,113,001,Steering Column/Ignition/Lighting (SCIL) Module,,058,004,,,,,
EVC,113,001,Trunk Lid Lamp,,089,002,,,,,
EVC,113,002,Anti-Lock Brake Control Module,,042,002,,,,,
EVC,113,002,C288,,113,001,A,,,,
EVC,113,002,C288,,113,001,B,,,,
EVC,113,002,Drivers Door Module (DDM),,057,002,,,,,
EVC,113,002,Grounds,,010,001,,,,,
EVC,113,002,Keyless Entry Keypad Switch Assembly,,111,002,,,,,
EVC,113,002,Multiplex Communication Network,,014,001,,,,,
EVC,113,002,Multiplex Communication Network,,014,002,,,,,
EVC,116,001,Engine Compartment Fuse Box,,013,007,,,,,
EVC,116,001,Grounds,,010,015,,,,,
EVC,116,001,Power Distribution,,013,007,,,,,
EVC,119,001,C374,,119,002,A,,,,
EVC,119,001,Grounds,,010,010,,,,,
EVC,119,001,Grounds,,010,014,,,,,
EVC,119,001,I/P Fuse Panel,,013,009,,,,,
EVC,119,001,I/P Fuse Panel,,013,016,,,,,
EVC,119,001,Instrument Illumination,,071,002,,,,,
EVC,119,001,Power Distribution,,013,009,,,,,
EVC,119,001,Power Distribution,,013,016,,,,,
EVC,119,002,Grounds,,010,012,,,,,
EVC,119,002,Grounds,,010,013,,,,,
EVC,119,002,I/P Fuse Panel,,013,009,,,,,
EVC,119,002,Instrument Illumination,,071,002,,,,,
EVC,119,002,Power Distribution,,013,009,,,,,
EVC,119,002,S2015,,119,001,A,,,,
EVC,122,001,Engine Compartment Fuse Box,,013,005,,,,,
EVC,122,001,Grounds,,010,010,,,,,
EVC,122,001,Power Distribution,,013,005,,,,,
EVC,122,002,Engine Compartment Fuse Box,,013,004,,,,,
EVC,122,002,Grounds,,010,012,,,,,
EVC,122,002,Power Distribution,,013,004,,,,,
EVC,123,001,Engine Compartment Fuse Box,,013,005,,,,,
EVC,123,001,Grounds,,010,001,,,,,
EVC,123,001,Grounds,,010,002,,,,,
EVC,123,001,Grounds,,010,010,,,,,
EVC,123,001,I/P Fuse Panel,,013,009,,,,,
EVC,123,001,Power Distribution,,013,005,,,,,
EVC,123,001,Power Distribution,,013,009,,,,,
EVC,123,001,S321,,123,008,B,,,,
EVC,123,001,S338,,123,008,A,,,,
EVC,123,002,Power Memory Mirrors,,124,004,,,,,
EVC,123,002,Power Memory Mirrors,,124,005,,,,,
EVC,123,003,Grounds,,010,001,,,,,
EVC,123,004,Engine Compartment Fuse Box,,013,004,,,,,
EVC,123,004,Grounds,,010,007,,,,,
EVC,123,004,Grounds,,010,012,,,,,
EVC,123,004,I/P Fuse Panel,,013,009,,,,,
EVC,123,004,Power Distribution,,013,004,,,,,
EVC,123,004,Power Distribution,,013,009,,,,,
EVC,123,005,Grounds,,010,007,,,,,
EVC,123,006,Data Link Connector (DLC),,023,012,,,,,
EVC,123,006,I/P Fuse Panel,,013,019,,,,,
EVC,123,006,Lighting Control Module,,058,006,,,,,
EVC,123,006,Power Distribution,,013,019,,,,,
EVC,123,007,C214,,123,008,D,,,,
EVC,123,007,C214,,123,008,C,,,,
EVC,123,007,Digital Transmission Range (DTR) Sensor,,029,002,,,,,
EVC,123,007,Electronic Engine Controls,,023,005,,,,,
EVC,123,007,Electronic Engine Controls,,023,006,,,,,
EVC,123,007,Electronic Engine Controls,,023,011,,,,,
EVC,123,007,Ignition Switch,,013,013,,,,,
EVC,123,007,Ignition Switch,,149,004,,,,,
EVC,123,007,Multiplex Communication Network,,014,001,,,,,
EVC,123,007,Multiplex Communication Network,,014,002,,,,,
EVC,123,007,Powertrain Control Module (PCM),,023,003,,,,,
EVC,123,007,Powertrain Control Module (PCM),,023,005,,,,,
EVC,123,007,Powertrain Control Module (PCM),,023,011,,,,,
EVC,123,007,Steering Column/Ignition/Lighting (SCIL) Module,,058,001,,,,,
EVC,123,007,Steering Column/Ignition/Lighting (SCIL) Module,,058,004,,,,,
EVC,123,008,C301,,123,001,A,,,,
EVC,123,008,C301,,123,001,B,,,,
EVC,123,008,Drivers Door Module (DDM),,111,002,,,,,
EVC,123,008,I/P Fuse Panel,,013,018,,,,,
EVC,123,008,Keyless Entry Keypad Switch Assembly,,111,002,,,,,
EVC,123,008,Multiplex Communication Network,,014,001,,,,,
EVC,123,008,Multiplex Communication Network,,014,002,,,,,
EVC,123,008,Power Distribution,,013,012,,,,,
EVC,123,008,S295,,123,007,C,,,,
EVC,123,008,S296,,123,007,D,,,,
EVC,124,001,Drivers Door Module (DDM),,057,002,,,,,
EVC,124,001,Grounds,,010,001,,,,,
EVC,124,001,Grounds,,010,002,,,,,
EVC,124,001,Grounds,,010,010,,,,,
EVC,124,001,I/P Fuse Panel,,013,012,,,,,
EVC,124,001,Instrument Illumination,,071,004,,,,,
EVC,124,001,Power Distribution,,013,012,,,,,
EVC,124,002,C301,,124,004,B,,,,
EVC,124,002,C301,,124,004,A,,,,
EVC,124,002,Drivers Door Module (DDM),,111,002,,,,,
EVC,124,002,Drivers Seat Memory Switch,,013,012,,,,,
EVC,124,002,I/P Fuse Panel,,013,012,,,,,
EVC,124,002,Keyless Entry Keypad Switch Assembly,,111,002,,,,,
EVC,124,002,Multiplex Communication Network,,014,001,,,,,
EVC,124,002,Multiplex Communication Network,,014,002,,,,,
EVC,124,002,Power Distribution,,013,012,,,,,
EVC,124,002,S295,,124,003,E,,,,
EVC,124,002,S296,,124,003,F,,,,
EVC,125,001,Power Distribution,,013,016,,,,,
EVC,125,001,Power Distribution,,013,019,,,,,
EVC,130,001,Grounds,,010,008,,,,,
EVC,130,001,Grounds,,010,012,,,,,
EVC,130,001,Hidden Antenna Module,,056,002,,,,,
EVC,130,001,I/P Fuse Panel,,013,010,,,,,
EVC,130,001,I/P Fuse Panel,,013,019,,,,,
EVC,130,001,Instrument Illumination,,071,003,,,,,
EVC,130,001,Power Distribution,,013,010,,,,,
EVC,130,001,Power Distribution,,013,019,,,,,
EVC,130,002,Engine Compartment Fuse Box,,013,002,,,,,
EVC,130,002,Power Distribution,,013,002,,,,,
EVC,130,003,Grounds,,010,008,,,,,
EVC,130,003,Grounds,,010,012,,,,,
EVC,130,003,Grounds,,010,013,,,,,
EVC,130,003,Hidden Antenna Module,,056,002,,,,,
EVC,130,003,I/P Fuse Panel,,013,010,,,,,
EVC,130,003,I/P Fuse Panel,,013,019,,,,,
EVC,130,003,Instrument Illumination,,071,003,,,,,
EVC,130,003,Power Distribution,,013,010,,,,,
EVC,130,003,Power Distribution,,013,019,,,,,
EVC,130,004,Cellular Telephone,,135,001,,,,,
EVC,130,004,Engine Compartment Fuse Box,,013,002,,,,,
EVC,130,004,Grounds,,010,008,,,,,
EVC,130,004,Power Distribution,,013,002,,,,,
EVC,130,006,C253,,130,007,A,,,,
EVC,130,006,Engine Compartment Fuse Box,,013,002,,,,,
EVC,130,006,Grounds,,010,008,,,,,
EVC,130,006,Hidden Antenna Module,,056,002,,,,,
EVC,130,006,Power Distribution,,013,002,,,,,
EVC,130,006,Radio Shield,,130,007,B,,,,
EVC,130,007,C445,,130,006,A,,,,
EVC,130,007,Grounds,,010,008,,,,,
EVC,130,007,Grounds,,010,012,,,,,
EVC,130,007,Grounds,,010,013,,,,,
EVC,130,007,I/P Fuse Panel,,013,010,,,,,
EVC,130,007,I/P Fuse Panel,,013,019,,,,,
EVC,130,007,Instrument Illumination,,071,003,,,,,
EVC,130,007,Power Distribution,,013,010,,,,,
EVC,130,007,Power Distribution,,013,019,,,,,
EVC,130,007,Radio Shield,,130,006,B,,,,
EVC,124,003,C214,,124,002,E,,,,
EVC,124,003,C214,,124,002,F,,,,
EVC,124,003,Digital Transmission Range (Dtr) Sensor,,029,002,,,,,
EVC,124,003,Electronic Engine Controls,,023,005,,,,,
EVC,124,003,Electronic Engine Controls,,023,006,,,,,
EVC,124,003,Electronic Engine Controls,,023,011,,,,,
EVC,124,003,Ignition Switch,,013,013,,,,,
EVC,124,003,Ignition Switch,,149,004,,,,,
EVC,124,003,Multiplex Communication Network,,014,001,,,,,
EVC,124,003,Multiplex Communication Network,,014,002,,,,,
EVC,124,003,Powertrain Control Module (PCM),,023,003,,,,,
EVC,124,003,Steering Column/Ignition/Lighting (SCIL) Module,,058,001,,,,,
EVC,124,003,Steering Column/Ignition/Lighting (SCIL) Module,,058,004,,,,,
EVC,124,004,C600,,124,005,C,,,,
EVC,124,004,C600,,124,005,D,,,,
EVC,124,004,Drivers Seat Module (DSM),,123,004,,,,,
EVC,124,004,Electronic Day/Night Mirror,,125,001,,,,,
EVC,124,004,Grounds,,010,010,,,,,
EVC,124,004,Rear Window Defrost/Heated Mirrors,,056,001,,,,,
EVC,124,004,S321,,124,002,B,,,,
EVC,124,004,S338,,124,002,A,,,,
EVC,124,004,S340,,124,005,G,,,,
EVC,124,004,Turn/Stop/Hazard Lamps,,090,001,,,,,
EVC,124,005,C509,,124,004,G,,,,
EVC,124,005,Drivers Seat Module (DSM),,123,002,,,,,
EVC,124,005,Grounds,,010,012,,,,,
EVC,124,005,Rear Window Defrost/Heated Mirrors,,056,001,,,,,
EVC,124,005,S348,,124,004,D,,,,
EVC,124,005,S354,,124,004,C,,,,
EVC,124,005,Steering Column/Ignition/Lighting (SCIL) Module,,058,006,,,,,
EVC,124,005,Turn/Stop/Hazard Lamps,,090,001,,,,,
EVC,125,001,Backup Lamps,,093,001,,,,,
EVC,125,001,Digital Transmission Range (DTR) Sensor,,029,002,,,,,
EVC,125,001,Grounds,,010,010,,,,,
EVC,125,001,I/P Fuse Panel,,013,016,,,,,
EVC,125,001,I/P Fuse Panel,,013,019,,,,,
EVC,125,001,Left Power/Heated/Memory Mirror,,124,004,,,,,
EVC,130,008,Cellular Telephone,,135,001,,,,,
EVC,130,008,Engine Compartment Fuse Box,,013,002,,,,,
EVC,130,008,Grounds,,010,008,,,,,
EVC,130,008,Power Distribution,,013,002,,,,,
EVC,135,001,C307,,135,002,A,,,,
EVC,135,001,C307,,135,002,B,,,,
EVC,135,001,Grounds,,010,008,,,,,
EVC,135,001,Hidden Antenna/Rear Window Defrost Grid,,056,002,,,,,
EVC,135,001,I/P Fuse Panel,,013,010,,,,,
EVC,135,001,I/P Fuse Panel,,013,019,,,,,
EVC,135,001,Power Distribution,,013,010,,,,,
EVC,135,001,Power Distribution,,013,019,,,,,
EVC,135,001,Radio Amplifier,JBL,130,004,,,,,
EVC,135,002,C402,,135,001,A,,,,
EVC,135,002,C402,,135,001,B,,,,
EVC,135,002,Message Center,,069,002,,,,,
EVC,135,002,Multiplex Communication Network,,014,001,,,,,
EVC,135,002,Multiplex Communication Network,,014,002,,,,,
