EVTM,CELL,LOCPAGE,ZONE,NAME,QUALIFIER,TYPE,CONN_NAME,FREQUENCY
EXF,151,002,F3,A/C Clutch Field Coil,Zetec,COM,,
EXF,151,004,F3,A/C Clutch Field Coil,2.0L,COM,,
EXF,151,001,E10,A/C High Pressure Switch,Zetec,COM,,
EXF,151,004,F9,A/C High Pressure Switch,2.0L,COM,,
EXF,151,003,C1,A/C Low Pressure Switch,Zetec,COM,,
EXF,151,005,B1,A/C Low Pressure Switch,2.0L,COM,,
EXF,151,008,E10,A/C-Heater Control Assembly,W/ A/C,COM,,
EXF,151,002,C10,ABS Main Relay,Zetec,COM,,
EXF,151,004,C10,ABS Main Relay,2.0L,COM,,
EXF,151,006,E10,Air Bag Diagnostic Monitor,,COM,,
EXF,151,007,F4,Air Bag Sliding Contact,,COM,,
EXF,151,010,A4,Anti-Lock Brake Control Module,Wagon,COM,,
EXF,151,011,A4,Anti-Lock Brake Control Module,Sedan,COM,,
EXF,151,014,F5,Anti-Lock Brake Control Module,Coupe,COM,,
EXF,151,002,D10,Anti-Theft Hood Switch,Zetec,COM,,
EXF,151,004,D10,Anti-Theft Hood Switch,2.0L,COM,,
EXF,151,009,A3,Automatic Transaxle Selector Illumination Lamp,Wagon,COM,,
EXF,151,011,B1,Automatic Transaxle Selector Illumination Lamp,Sedan,COM,,
EXF,151,013,A1,Automatic Transaxle Selector Illumination Lamp,Coupe,COM,,
EXF,151,001,A9,Battery,Zetec,COM,,
EXF,151,005,A9,Battery,2.0L,COM,,
EXF,151,003,A10,Battery Junction Box,,COM,,
EXF,151,006,B10,Blower Motor,,COM,,
EXF,151,006,A1,Blower Motor Relay,,COM,,
EXF,151,006,B10,Blower Motor Resistor,,COM,,
EXF,151,008,C10,Blower Motor Resistor,,COM,,
EXF,151,002,A6,Brake Fluid Level Switch,Zetec,COM,,
EXF,151,004,A7,Brake Fluid Level Switch,2.0L,COM,,
EXF,151,007,A3,Brake Pedal Position (BPP) Switch,,COM,,
EXF,151,003,A6,C100,Zetec,CON,,
EXF,151,004,A3,C100,2.0L,CON,,
EXF,151,003,A7,C101,Zetec,CON,,
EXF,151,004,A2,C101,2.0L,CON,,
EXF,151,002,E10,C102,Zetec,CON,,
EXF,151,004,E10,C102,2.0L,CON,,
EXF,151,003,D1,C103,Zetec,CON,,
EXF,151,005,D1,C103,2.0L,CON,,
EXF,151,005,E10,C104,2.0L,CON,,
EXF,151,003,A9,C105,Zetec,CON,,
EXF,151,004,A10,C105,2.0L,CON,,
EXF,151,004,C1,C106,2.0L,CON,,
EXF,151,002,D10,C107,Zetec,CON,,
EXF,151,004,D10,C107,2.0L,CON,,
EXF,151,003,A10,C108,,CON,,
EXF,151,003,A10,C109,,CON,,
EXF,151,003,A10,C110,,CON,,
EXF,151,003,A10,C111,,CON,,
EXF,151,002,B10,C114,Zetec,CON,,
EXF,151,004,B10,C114,2.0L,CON,,
EXF,151,002,B10,C115,Zetec,CON,,
EXF,151,004,B10,C115,2.0L,CON,,
EXF,151,002,C10,C116,Zetec,CON,,
EXF,151,004,C10,C116,2.0L,CON,,
EXF,151,002,A10,C117,Zetec,CON,,
EXF,151,004,B10,C117,2.0L,CON,,
EXF,151,002,A1,C118,Zetec,CON,,
EXF,151,004,A1,C118,2.0L,CON,,
EXF,151,001,A4,C119,Zetec,CON,,
EXF,151,005,F2,C119,2.0L,CON,,
EXF,151,003,F6,C120,Zetec,CON,,
EXF,151,005,C1,C120,2.0L,CON,,
EXF,151,001,F4,C121,Zetec,CON,,
EXF,151,005,F3,C121,2.0L,CON,,
EXF,151,002,F9,C122,Zetec,CON,,
EXF,151,005,F7,C122,2.0L,CON,,
EXF,151,002,A5,C123,Zetec,CON,,
EXF,151,005,A3,C123,2.0L,CON,,
EXF,151,002,A5,C124,Zetec,CON,,
EXF,151,005,A3,C124,2.0L,CON,,
EXF,151,002,A5,C125,Zetec,CON,,
EXF,151,005,A3,C125,2.0L,CON,,
EXF,151,002,A5,C126,Zetec,CON,,
EXF,151,005,A3,C126,2.0L,CON,,
EXF,151,005,C10,C127,Sedan,CON,,
EXF,151,005,C10,C127,Wagon,CON,,
EXF,151,003,F5,C128,Zetec,CON,,
EXF,151,005,F8,C128,2.0L,CON,,
EXF,151,001,A6,C129,Zetec,CON,,
EXF,151,005,A7,C129,2.0L,CON,,
EXF,151,003,F4,C130,Zetec,CON,,
EXF,151,005,F4,C130,2.0L,CON,,
EXF,151,002,F5,C131,Zetec,CON,,
EXF,151,004,F5,C131,2.0L,CON,,
EXF,151,003,F7,C132,Zetec,CON,,
EXF,151,004,F4,C132,2.0L,CON,,
EXF,151,003,A10,C133,,CON,,
EXF,151,003,F8,C134,Zetec,CON,,
EXF,151,004,A5,C134,2.0L,CON,,
EXF,151,003,F6,C135,Zetec,CON,,
EXF,151,005,F5,C135,2.0L,CON,,
EXF,151,002,F7,C136,Zetec,CON,,
EXF,151,005,F6,C136,2.0L,CON,,
EXF,151,004,A6,C137,,CON,,
EXF,151,001,A4,C138,Zetec,CON,,
EXF,151,004,F7,C138,2.0L,CON,,
EXF,151,004,A4,C139,,CON,,
EXF,151,005,A6,C140,,CON,,
EXF,151,002,E1,C141,Zetec,CON,,
EXF,151,004,F3,C141,2.0L,CON,,
EXF,151,003,C1,C142,Zetec,CON,,
EXF,151,005,B1,C142,2.0L,CON,,
EXF,151,003,A6,C144,Zetec,CON,,
EXF,151,005,A5,C144,2.0L,CON,,
EXF,151,003,F2,C145,Zetec,CON,,
EXF,151,004,A7,C145,2.0L,CON,,
EXF,151,003,C10,C146,Zetec,CON,,
EXF,151,004,D10,C146,2.0L,CON,,
EXF,151,003,D10,C147,Zetec,CON,,
EXF,151,004,E10,C147,2.0L,CON,,
EXF,151,003,B1,C148,Zetec,CON,,
EXF,151,005,B1,C148,2.0L,CON,,
EXF,151,005,B10,C149,,CON,,
EXF,151,002,F6,C150,Zetec,CON,,
EXF,151,005,A4,C150,2.0L,CON,,
EXF,151,002,A8,C151,Zetec,CON,,
EXF,151,005,A8,C151,2.0L,CON,,
EXF,151,001,C1,C153,Zetec,CON,,
EXF,151,004,E1,C153,2.0L,CON,,
EXF,151,001,A9,C154,Zetec,CON,,
EXF,151,005,A9,C154,2.0L,CON,,
EXF,151,001,A9,C155,Zetec,CON,,
EXF,151,005,A9,C155,2.0L,CON,,
EXF,151,003,A10,C156,,CON,,
EXF,151,003,A10,C157,,CON,,
EXF,151,003,C10,C158,Zetec,CON,,
EXF,151,005,E1,C158,2.0L,CON,,
EXF,151,001,C1,C159,Zetec,CON,,
EXF,151,004,E1,C159,2.0L,CON,,
EXF,151,001,C1,C160,Zetec,CON,,
EXF,151,004,E1,C160,2.0L,CON,,
EXF,151,003,A10,C161,,CON,,
EXF,151,003,F9,C162,Zetec,CON,,
EXF,151,005,F9,C162,2.0L,CON,,
EXF,151,002,E10,C164,Zetec,CON,,
EXF,151,004,F10,C164,2.0L,CON,,
EXF,151,002,D1,C165,Zetec,CON,,
EXF,151,004,D1,C165,2.0L,CON,,
EXF,151,002,E10,C166,Zetec,CON,,
EXF,151,004,F10,C166,2.0L,CON,,
EXF,151,002,D1,C167,Zetec,CON,,
EXF,151,004,D1,C167,2.0L,CON,,
EXF,151,001,F6,C168,Zetec,CON,,
EXF,151,004,F6,C168,2.0L,CON,,
EXF,151,002,B1,C169,,CON,,
EXF,151,002,A3,C170,Zetec,CON,,
EXF,151,004,D1,C170,2.0L,CON,,
EXF,151,002,A6,C171,Zetec,CON,,
EXF,151,004,A7,C171,2.0L,CON,,
EXF,151,002,F8,C172,Zetec,CON,,
EXF,151,004,F8,C172,2.0L,CON,,
EXF,151,002,F4,C174,Zetec,CON,,
EXF,151,004,F2,C174,2.0L,CON,,
EXF,151,002,F3,C175,Zetec,CON,,
EXF,151,004,F4,C175,2.0L,CON,,
EXF,151,001,B10,C176,Coupe,CON,,
EXF,151,002,C1,C177,Zetec,CON,,
EXF,151,004,C1,C177,2.0L,CON,,
EXF,151,001,F4,C179,Zetec,CON,,
EXF,151,005,F3,C179,2.0L,CON,,
EXF,151,002,A2,C182,Zetec,CON,,
EXF,151,004,B1,C182,2.0L,CON,,
EXF,151,001,D10,C183,Zetec,CON,,
EXF,151,004,F6,C183,2.0L,CON,,
EXF,151,002,A4,C184,Zetec,CON,,
EXF,151,004,A3,C184,2.0L,CON,,
EXF,151,003,F3,C187,Zetec,CON,,
EXF,151,004,B1,C187,2.0L,CON,,
EXF,151,001,E10,C188,Zetec,CON,,
EXF,151,004,F9,C188,2.0L,CON,,
EXF,151,001,F5,C191,Zetec,CON,,
EXF,151,005,D10,C191,2.0L,CON,,
EXF,151,001,C10,C192,Zetec,CON,,
EXF,151,005,D10,C192,2.0L,CON,,
EXF,151,005,E10,C195,,CON,,
EXF,151,003,E1,C196,Zetec,CON,,
EXF,151,005,E1,C196,2.0L,CON,,
EXF,151,003,A8,C198,Zetec,CON,,
EXF,151,004,A9,C198,2.0L,CON,,
EXF,151,006,F4,C200,,CON,,
EXF,151,006,F6,C201,,CON,,
EXF,151,006,F6,C202,,CON,,
EXF,151,006,A1,C205,,CON,,
EXF,151,007,C10,C206,,CON,,
EXF,151,006,A9,C207,,CON,,
EXF,151,007,A3,C208,,CON,,
EXF,151,006,C10,C209,,CON,,
EXF,151,006,F4,C210,Coupe,CON,,
EXF,151,006,F4,C210,Sedan,CON,,
EXF,151,006,F4,C210,Wagon,CON,,
EXF,151,008,A7,C211,,CON,,
EXF,151,007,F8,C212,Sedan/Wagon,CON,,
EXF,151,006,A3,C213,,CON,,
EXF,151,006,F5,C217,,CON,,
EXF,151,008,B1,C218,,CON,,
EXF,151,006,F5,C219,,CON,,
EXF,151,006,F4,C220,Coupe,CON,,
EXF,151,006,F4,C220,Sedan,CON,,
EXF,151,006,F4,C220,Wagon,CON,,
EXF,151,008,F5,C221,,CON,,
EXF,151,006,F3,C222,,CON,,
EXF,151,006,F2,C223,,CON,,
EXF,151,006,E1,C224,,CON,,
EXF,151,006,E1,C225,,CON,,
EXF,151,008,F8,C226,,CON,,
EXF,151,006,F4,C227,,CON,,
EXF,151,006,F5,C229,,CON,,
EXF,151,006,F4,C230,Coupe,CON,,
EXF,151,006,F4,C230,Sedan,CON,,
EXF,151,006,F4,C230,Wagon,CON,,
EXF,151,006,F4,C231,Coupe,CON,,
EXF,151,006,F4,C231,Sedan,CON,,
EXF,151,006,F4,C231,Wagon,CON,,
EXF,151,007,C1,C233,,CON,,
EXF,151,008,F8,C239,,CON,,
EXF,151,006,F4,C240,Sedan,CON,,
EXF,151,006,F4,C240,Coupe,CON,,
EXF,151,007,A3,C245,,CON,,
EXF,151,007,A6,C246,,CON,,
EXF,151,007,A6,C247,,CON,,
EXF,151,007,F4,C248,,CON,,
EXF,151,007,A6,C249,,CON,,
EXF,151,007,A6,C250,,CON,,
EXF,151,007,A6,C251,,CON,,
EXF,151,008,A4,C252,,CON,,
EXF,151,008,A4,C253,,CON,,
EXF,151,008,A4,C254,,CON,,
EXF,151,008,F4,C255,,CON,,
EXF,151,007,D10,C256,,CON,,
EXF,151,007,B1,C259,Automatic,CON,,
EXF,151,007,E1,C259,Manual,CON,,
EXF,151,008,F3,C260,Coupe,CON,,
EXF,151,006,C10,C261,,CON,,
EXF,151,006,D10,C262,,CON,,
EXF,151,006,E10,C264,,CON,,
EXF,151,006,A8,C266,,CON,,
EXF,151,007,F4,C267,,CON,,
EXF,151,007,A8,C268,,CON,,
EXF,151,007,B10,C269,,CON,,
EXF,151,007,B10,C269,,CON,,
EXF,151,009,B1,C270,Wagon,CON,,
EXF,151,008,D10,C271,,CON,,
EXF,151,008,E10,C272,W/O A/C,CON,,
EXF,151,008,E10,C272,W/ A/C,CON,,
EXF,151,008,E10,C273,W/ A/C,CON,,
EXF,151,008,E10,C273,W/O A/C,CON,,
EXF,151,008,A6,C274,Premium Sound,CON,,
EXF,151,008,A6,C274,AM/FM,CON,,
EXF,151,008,A6,C275,Premium Sound,CON,,
EXF,151,008,A6,C275,AM/FM,CON,,
EXF,151,008,A9,C277,,CON,,
EXF,151,007,A7,C279,,CON,,
EXF,151,006,A4,C280,,CON,,
EXF,151,006,A4,C282,,CON,,
EXF,151,006,B10,C287,,CON,,
EXF,151,008,C10,C288,,CON,,
EXF,151,006,B10,C289,,CON,,
EXF,151,007,F2,C290,,CON,,
EXF,151,006,B10,C291,,CON,,
EXF,151,007,A2,C292,,CON,,
EXF,151,009,A5,C301,Wagon,CON,,
EXF,151,009,A8,C310,Wagon,CON,,
EXF,151,009,A3,C314,Wagon,CON,,
EXF,151,009,A4,C315,Wagon,CON,,
EXF,151,009,D1,C316,Wagon,CON,,
EXF,151,009,A6,C318,Wagon,CON,,
EXF,151,009,F3,C323,Wagon,CON,,
EXF,151,009,E1,C324,Wagon,CON,,
EXF,151,009,A2,C375,Wagon,CON,,
EXF,151,009,A1,C384,Wagon,CON,,
EXF,151,009,D10,C400,,CON,,
EXF,151,009,F9,C401,Wagon,CON,,
EXF,151,009,F6,C404,Wagon,CON,,
EXF,151,009,F6,C405,Wagon,CON,,
EXF,151,009,F5,C406,,CON,,
EXF,151,009,C10,C409,,CON,,
EXF,151,009,E10,C416,,CON,,
EXF,151,009,F8,C417,,CON,,
EXF,151,009,D10,C419,,CON,,
EXF,151,009,F7,C420,,CON,,
EXF,151,009,E10,C421,,CON,,
EXF,151,009,A7,C437,Wagon,CON,,
EXF,151,009,B10,C438,Wagon,CON,,
EXF,151,009,F2,C444,Wagon,CON,,
EXF,151,009,A9,C445,Wagon,CON,,
EXF,151,009,C1,C505,Wagon,CON,,
EXF,151,009,C1,C509,Wagon,CON,,
EXF,151,013,A5,C611,,CON,,
EXF,151,002,F6,Camshaft Position (CMP) Sensor,Zetec,COM,,
EXF,151,005,A4,Camshaft Position (CMP) Sensor,2.0L,COM,,
EXF,151,011,A7,CD Changer,Sedan,COM,,
EXF,151,013,F7,CD Changer,Coupe,COM,,
EXF,151,006,F4,Central Junction Box,Coupe,COM,,
EXF,151,006,F4,Central Junction Box,Sedan,COM,,
EXF,151,006,F4,Central Junction Box,Wagon,COM,,
EXF,151,008,F3,Central Junction Box,Coupe,COM,,
EXF,151,008,F3,Central Junction Box,Sedan,COM,,
EXF,151,008,F3,Central Junction Box,Wagon,COM,,
EXF,151,009,B1,Central Junction Box,Wagon,COM,,
EXF,151,010,A1,Central Junction Box,Wagon,COM,,
EXF,151,011,C1,Central Junction Box,Sedan,COM,,
EXF,151,012,B1,Central Junction Box,Sedan,COM,,
EXF,151,013,C1,Central Junction Box,Coupe,COM,,
EXF,151,007,A2,Clutch Pedal Position Switch,,COM,,
EXF,151,007,E1,Clutch Start Switch,,COM,,
EXF,151,007,B1,Clutch Start Switch Jumper,,COM,,
EXF,151,003,D10,Constant Control Relay Module (CCRM),Zetec,COM,,
EXF,151,004,E10,Constant Control Relay Module (CCRM),2.0L,COM,,
EXF,151,003,F6,Crankshaft Position (CKP) Sensor,Zetec,COM,,
EXF,151,005,C1,Crankshaft Position (CKP) Sensor,2.0L,COM,,
EXF,151,008,F4,Data Link Connector (DLC),,COM,,
EXF,151,007,A3,Deactivator Switch,,COM,,
EXF,151,004,A6,Differential Pressure Feedback EGR (DPFE) Sensor,,COM,,
EXF,151,010,A3,Door Lock/Unlock Relay,Wagon,COM,,
EXF,151,012,A2,Door Lock/Unlock Relay,Sedan,COM,,
EXF,151,014,A1,Door Lock/Unlock Relay,Coupe,COM,,
EXF,151,007,A8,Driver Air Bag,,COM,,
EXF,151,009,D1,Driver Safety Belt Buckle Switch,Wagon,COM,,
EXF,151,011,D1,Driver Safety Belt Buckle Switch,Sedan,COM,,
EXF,151,013,D1,Driver Safety Belt Buckle Switch,Coupe,COM,,
EXF,151,002,A2,DRL Fuse,Zetec,COM,,
EXF,151,004,B1,DRL Fuse,2.0L,COM,,
EXF,151,002,A2,DRL Resistor,Zetec,COM,,
EXF,151,004,B1,DRL Resistor,2.0L,COM,,
EXF,151,004,A4,EGR Vacuum Regulator (EVR),,COM,,
EXF,151,001,F6,Electric Cooling Fan,Zetec,COM,,
EXF,151,004,F6,Electric Cooling Fan,2.0L,COM,,
EXF,151,002,A3,Engine Coolant Level Switch,Zetec,COM,,
EXF,151,004,D1,Engine Coolant Level Switch,2.0L,COM,,
EXF,151,003,F5,Engine Coolant Temperature (ECT) Sensor,Zetec,COM,,
EXF,151,005,F8,Engine Coolant Temperature (ECT) Sensor,2.0L,COM,,
EXF,151,001,A4,Engine Oil Pressure Switch,Zetec,COM,,
EXF,151,005,F2,Engine Oil Pressure Switch,2.0L,COM,,
EXF,151,001,A4,EVAP Canister Purge Valve,Zetec,COM,,
EXF,151,004,F7,EVAP Canister Purge Valve,2.0L,COM,,
EXF,151,014,F7,EVAP Canister Vent Solenoid,Coupe,COM,,
EXF,151,008,B1,Exterior Rear View Mirror Switch,,COM,,
EXF,151,006,B1,Fog Lamp Relay,,COM,,
EXF,151,002,A5,Fuel Injector #1,Zetec,COM,,
EXF,151,005,A3,Fuel Injector #1,2.0L,COM,,
EXF,151,002,A5,Fuel Injector #2,Zetec,COM,,
EXF,151,005,A3,Fuel Injector #2,2.0L,COM,,
EXF,151,002,A5,Fuel Injector #3,Zetec,COM,,
EXF,151,005,A3,Fuel Injector #3,2.0L,COM,,
EXF,151,002,A5,Fuel Injector #4,Zetec,COM,,
EXF,151,005,A3,Fuel Injector #4,2.0L,COM,,
EXF,151,010,F5,Fuel Pump Driver Module,Wagon,COM,,
EXF,151,014,F6,Fuel Pump Driver Module,Coupe,COM,,
EXF,151,009,A4,Fuel Pump Module,Wagon,COM,,
EXF,151,011,F6,Fuel Pump Module,Sedan,COM,,
EXF,151,013,F5,Fuel Pump Module,Coupe,COM,,
EXF,151,009,A5,Fuel Tank Pressure Sensor,Wagon,COM,,
EXF,151,011,F4,Fuel Tank Pressure Sensor,Sedan,COM,,
EXF,151,013,F4,Fuel Tank Pressure Sensor,Coupe,COM,,
EXF,151,001,A5,G100,Zetec,GRD,,
EXF,151,005,A4,G100,2.0L,GRD,,
EXF,151,003,E10,G104,Zetec,GRD,,
EXF,151,005,E10,G104,2.0L,GRD,,
EXF,151,004,C1,G106,2.0L,GRD,,
EXF,151,003,C10,G146,Zetec,GRD,,
EXF,151,004,D10,G146,2.0L,GRD,,
EXF,151,008,B10,G201,,GRD,,
EXF,151,008,F7,G202,,GRD,,
EXF,151,007,F6,G203,,GRD,,
EXF,151,006,E1,G224,,GRD,,
EXF,151,009,F4,G300,,GRD,,
EXF,151,009,F9,G401,Wagon,GRD,,
EXF,151,001,C1,Generator,Zetec,COM,,
EXF,151,004,E1,Generator,2.0L,COM,,
EXF,151,006,A1,Headlamp Relay,,COM,,
EXF,151,002,E1,Heated Oxygen Sensor (HO2S) #11,Zetec,COM,,
EXF,151,004,F3,Heated Oxygen Sensor (HO2S) #11,2.0L,COM,,
EXF,151,001,A6,Heated Oxygen Sensor (HO2S) #12,Zetec,COM,,
EXF,151,005,A7,Heated Oxygen Sensor (HO2S) #12,2.0L,COM,,
EXF,151,008,E10,Heater Control Assembly,W/O A/C,COM,,
EXF,151,010,C10,High Mounted Stoplamp,Wagon,COM,,
EXF,151,011,A8,High Mounted Stoplamp,Sedan,COM,,
EXF,151,013,A7,High Mounted Stoplamp,Coupe,COM,,
EXF,151,006,A1,Horn Relay,,COM,,
EXF,151,007,A7,Horn Switch,,COM,,
EXF,151,002,B10,Hydraulic Control Unit,Zetec,COM,,
EXF,151,004,B10,Hydraulic Control Unit,2.0L,COM,,
EXF,151,003,F2,Idle Air Control (IAC) Valve,Zetec,COM,,
EXF,151,004,A7,Idle Air Control (IAC) Valve,2.0L,COM,,
EXF,151,002,F7,Ignition Coil,Zetec,COM,,
EXF,151,005,F6,Ignition Coil,2.0L,COM,,
EXF,151,010,F2,Inertia Fuel Shutoff Switch,Wagon,COM,,
EXF,151,014,F3,Inertia Fuel Shutoff Switch,Coupe,COM,,
EXF,151,003,C10,Injection Pressure Sensor,Zetec,COM,,
EXF,151,005,E1,Injection Pressure Sensor,2.0L,COM,,
EXF,151,008,A4,Instrument Cluster,,COM,,
EXF,151,008,F8,Instrument Panel Cigar Lighter,,COM,,
EXF,151,008,F5,Instrument Panel Dimming Module,,COM,,
EXF,151,002,F5,Instrumentation Engine Coolant Temperature (ECT) Sender,Zetec,COM,,
EXF,151,004,F5,Instrumentation Engine Coolant Temperature (ECT) Sender,2.0L,COM,,
EXF,151,005,B10,Intake Air Temperature (IAT) Sensor,,COM,,
EXF,151,005,A6,Intake Manifold Runner Control (IMRC) Solenoid,,COM,,
EXF,151,008,A6,Integrated Control Panel (ICP),AM/FM,COM,,
EXF,151,008,A6,Integrated Control Panel (ICP),Premium Sound,COM,,
EXF,151,008,A6,Integrated Control Panel (ICP) Jumper,Premium Sound,COM,,
EXF,151,010,A5,Interior/Map Lamp Assembly,Wagon,COM,,
EXF,151,012,A5,Interior/Map Lamp Assembly,Sedan,COM,,
EXF,151,002,D1,Joint Connector #1,Zetec,COM,,
EXF,151,004,C1,Joint Connector #1,2.0L,COM,,
EXF,151,007,C10,Joint Connector #10,,COM,,
EXF,151,006,A3,Joint Connector #12,,COM,,
EXF,151,003,E10,Joint Connector #2,Zetec,COM,,
EXF,151,005,E10,Joint Connector #2,2.0L,COM,,
EXF,151,006,E1,Joint Connector #3,,COM,,
EXF,151,006,A9,Joint Connector #5,,COM,,
EXF,151,003,C10,Joint Connector #6,Zetec,COM,,
EXF,151,004,D10,Joint Connector #6,2.0L,COM,,
EXF,151,008,A7,Joint Connector #7,,COM,,
EXF,151,009,F9,Joint Connector #8,Wagon,COM,,
EXF,151,011,F10,Joint Connector #8,Sedan,COM,,
EXF,151,013,C10,Joint Connector #8,Coupe,COM,,
EXF,151,011,F8,Joint Connector #9,Sedan,COM,,
EXF,151,014,E10,Joint Connector #9,Coupe,COM,,
EXF,151,003,F3,Knock Sensor,Zetec,COM,,
EXF,151,004,B1,Knock Sensor,2.0L,COM,,
EXF,151,010,B1,Left Exterior Rear View Mirror,Wagon,COM,,
EXF,151,012,C1,Left Exterior Rear View Mirror,Sedan,COM,,
EXF,151,014,C1,Left Exterior Rear View Mirror,Coupe,COM,,
EXF,151,003,F9,Left Fog Lamp,Zetec,COM,,
EXF,151,005,F9,Left Fog Lamp,2.0L,COM,,
EXF,151,002,A10,Left Front Anti-Lock Brake Sensor,Zetec,COM,,
EXF,151,004,B10,Left Front Anti-Lock Brake Sensor,2.0L,COM,,
EXF,151,009,E1,Left Front Door Courtesy Lamp Switch,Wagon,COM,,
EXF,151,011,F2,Left Front Door Courtesy Lamp Switch,Sedan,COM,,
EXF,151,013,F3,Left Front Door Courtesy Lamp Switch,Coupe,COM,,
EXF,151,010,E1,Left Front Door Lock Actuator,Wagon,COM,,
EXF,151,012,E1,Left Front Door Lock Actuator,Sedan,COM,,
EXF,151,014,E1,Left Front Door Lock Actuator,Coupe,COM,,
EXF,151,010,D1,Left Front Door Speaker,Wagon,COM,,
EXF,151,012,F3,Left Front Door Speaker,Sedan,COM,,
EXF,151,014,F2,Left Front Door Speaker,Coupe,COM,,
EXF,151,002,F8,Left Front Park/Turn Lamp,Zetec,COM,,
EXF,151,004,F8,Left Front Park/Turn Lamp,2.0L,COM,,
EXF,151,002,E10,Left Front Side/Turn Lamp,Zetec,COM,,
EXF,151,004,E10,Left Front Side/Turn Lamp,2.0L,COM,,
EXF,151,010,C1,Left Front Window Motor,Wagon,COM,,
EXF,151,012,F2,Left Front Window Motor,Sedan,COM,,
EXF,151,014,D1,Left Front Window Motor,Coupe,COM,,
EXF,151,002,E10,Left Headlamp,Zetec,COM,,
EXF,151,004,F10,Left Headlamp,2.0L,COM,,
EXF,151,005,E10,Left Horn,,COM,,
EXF,151,013,E10,Left License Lamp,,COM,,
EXF,151,009,F2,Left Rear Anti-Lock Brake Sensor,Wagon,COM,,
EXF,151,011,F5,Left Rear Anti-Lock Brake Sensor,Sedan,COM,,
EXF,151,013,F6,Left Rear Anti-Lock Brake Sensor,Coupe,COM,,
EXF,151,009,F3,Left Rear Door Courtesy Lamp Switch,Wagon,COM,,
EXF,151,011,F3,Left Rear Door Courtesy Lamp Switch,Sedan,COM,,
EXF,151,012,F5,Left Rear Door Lock Actuator,,COM,,
EXF,151,012,F9,Left Rear Park/Stop/Turn Lamp #1,Sedan,COM,,
EXF,151,014,F9,Left Rear Park/Stop/Turn Lamp #1,Coupe,COM,,
EXF,151,014,F8,Left Rear Park/Stop/Turn Lamp #2,,COM,,
EXF,151,009,F7,Left Rear Side Lamp,,COM,,
EXF,151,009,A7,Left Rear Speaker,Wagon,COM,,
EXF,151,012,E10,Left Rear Speaker,Sedan,COM,,
EXF,151,014,E10,Left Rear Speaker,Coupe,COM,,
EXF,151,012,F6,Left Rear Window Motor,,COM,,
EXF,151,012,B1,Left Rear Window Switch,,COM,,
EXF,151,011,F7,Left Reversing Lamp,Sedan,COM,,
EXF,151,013,F8,Left Reversing Lamp,Coupe,COM,,
EXF,151,010,F8,License Lamps,Wagon,COM,,
EXF,151,011,F9,License Lamps,Sedan,COM,,
EXF,151,010,F9,Liftgate Latch Switch,,COM,,
EXF,151,010,D10,Liftgate Lock Actuator,,COM,,
EXF,151,009,E10,Liftgate Washer Pump Motor,,COM,,
EXF,151,010,E10,Liftgate Wiper Motor,,COM,,
EXF,151,011,A10,Luggage Compartment Lamp,Sedan,COM,,
EXF,151,013,A9,Luggage Compartment Lamp,Coupe,COM,,
EXF,151,011,E10,Luggage Compartment Release Solenoid,Sedan,COM,,
EXF,151,013,E10,Luggage Compartment Release Solenoid,Coupe,COM,,
EXF,151,012,F10,Luggage Compartment Switch,Sedan,COM,,
EXF,151,013,F10,Luggage Compartment Switch,Coupe,COM,,
EXF,151,014,A4,Map Lamp Assembly,,COM,,
EXF,151,001,B10,Mass Air Flow (MAF) Sensor,Coupe,COM,,
EXF,151,005,C10,Mass Air Flow (MAF) Sensor,Sedan,COM,,
EXF,151,005,C10,Mass Air Flow (MAF) Sensor,Wagon,COM,,
EXF,151,009,C1,Master Window/Door Lock Switch,Wagon,COM,,
EXF,151,012,D1,Master Window/Door Lock Switch,Sedan,COM,,
EXF,151,014,C1,Master Window/Door Lock Switch,Coupe,COM,,
EXF,151,007,A6,Multifunction Switch,,COM,,
EXF,151,003,F8,Neutral Switch,Zetec,COM,,
EXF,151,004,A5,Neutral Switch,2.0L,COM,,
EXF,151,006,B1,One Touch Down Control Unit,,COM,,
EXF,151,009,A2,Park Brake Switch,Wagon,COM,,
EXF,151,012,F7,Park Brake Switch,Sedan,COM,,
EXF,151,014,F4,Park Brake Switch,Coupe,COM,,
EXF,151,006,A1,Park Lamp Relay,,COM,,
EXF,151,006,A8,Passenger Air Bag,,COM,,
EXF,151,003,B1,Power Steering Pressure (PSP) Sensor,Zetec,COM,,
EXF,151,005,B1,Power Steering Pressure (PSP) Sensor,2.0L,COM,,
EXF,151,007,F8,Powertrain Control Module (PCM),Coupe,COM,,
EXF,151,007,F8,Powertrain Control Module (PCM),Sedan/Wagon,COM,,
EXF,151,011,E1,Premium Sound Amplifier,Sedan,COM,,
EXF,151,013,B1,Premium Sound Amplifier,Coupe,COM,,
EXF,151,003,F6,Radio Noise Capacitor,Zetec,COM,,
EXF,151,005,F5,Radio Noise Capacitor,2.0L,COM,,
EXF,151,006,A1,Rear Window Defogger Relay,,COM,,
EXF,151,010,B10,Rear Window Defrost Grid,Wagon,COM,,
EXF,151,010,F6,Rear Window Defrost Grid,Wagon,COM,,
EXF,151,011,A5,Rear Window Defrost Grid,Sedan,COM,,
EXF,151,013,A6,Rear Window Defrost Grid,Coupe,COM,,
EXF,151,014,A8,Rear Window Defrost Grid,Coupe,COM,,
EXF,151,008,D10,Rear Window Defrost Switch,,COM,,
EXF,151,006,A1,Relay Box,,COM,,
EXF,151,009,F6,Remote Anti-Theft Personality (RAP) Module,Wagon,COM,,
EXF,151,011,C10,Remote Anti-Theft Personality (RAP) Module,Sedan,COM,,
EXF,151,013,B10,Remote Anti-Theft Personality (RAP) Module,Coupe,COM,,
EXF,151,009,F5,Remote Keyless Entry (RKE) Diode,,COM,,
EXF,151,001,D10,Reversing/Upshift Switch,Zetec,COM,,
EXF,151,004,F6,Reversing/Upshift Switch,2.0L,COM,,
EXF,151,012,A4,Right Exterior Rear View Mirror,Sedan,COM,,
EXF,151,014,A3,Right Exterior Rear View Mirror,Coupe,COM,,
EXF,151,003,F4,Right Fog Lamp,Zetec,COM,,
EXF,151,005,F4,Right Fog Lamp,2.0L,COM,,
EXF,151,002,A1,Right Front Anti-Lock Brake Sensor,Zetec,COM,,
EXF,151,004,A1,Right Front Anti-Lock Brake Sensor,2.0L,COM,,
EXF,151,009,A6,Right Front Door Courtesy Lamp Switch,Wagon,COM,,
EXF,151,011,A6,Right Front Door Courtesy Lamp Switch,Sedan,COM,,
EXF,151,014,A7,Right Front Door Courtesy Lamp Switch,Coupe,COM,,
EXF,151,012,A7,Right Front Door Lock Actuator,Sedan,COM,,
EXF,151,014,A6,Right Front Door Lock Actuator,Coupe,COM,,
EXF,151,012,F8,Right Front Door Speaker,Sedan,COM,,
EXF,151,013,A4,Right Front Door Speaker,Coupe,COM,,
EXF,151,002,F4,Right Front Park/Turn Lamp,Zetec,COM,,
EXF,151,004,F2,Right Front Park/Turn Lamp,2.0L,COM,,
EXF,151,003,D1,Right Front Side/Turn Lamp,Zetec,COM,,
EXF,151,005,D1,Right Front Side/Turn Lamp,2.0L,COM,,
EXF,151,012,A3,Right Front Window Motor,Sedan,COM,,
EXF,151,002,D1,Right Headlamp,Zetec,COM,,
EXF,151,004,D1,Right Headlamp,2.0L,COM,,
EXF,151,003,E1,Right Horn,Zetec,COM,,
EXF,151,005,E1,Right Horn,2.0L,COM,,
EXF,151,014,E10,Right License Lamp,,COM,,
EXF,151,012,A6,Right Power Window/Door Lock Switch,Sedan,COM,,
EXF,151,013,A5,Right Power Window/Door Lock Switch,Coupe,COM,,
EXF,151,009,A9,Right Rear Anti-Lock Brake Sensor,Wagon,COM,,
EXF,151,011,C10,Right Rear Anti-Lock Brake Sensor,Sedan,COM,,
EXF,151,014,A9,Right Rear Anti-Lock Brake Sensor,Coupe,COM,,
EXF,151,009,A8,Right Rear Door Courtesy Lamp Switch,Wagon,COM,,
EXF,151,011,B10,Right Rear Door Courtesy Lamp Switch,Sedan,COM,,
EXF,151,010,A9,Right Rear Door Lock Actuator,Wagon,COM,,
EXF,151,012,B10,Right Rear Door Lock Actuator,Sedan,COM,,
EXF,151,012,D10,Right Rear Park/Stop/Turn Lamp #1,Sedan,COM,,
EXF,151,013,C10,Right Rear Park/Stop/Turn Lamp #1,Coupe,COM,,
EXF,151,013,C10,Right Rear Park/Stop/Turn Lamp #2,,COM,,
EXF,151,009,D10,Right Rear Side Lamp,,COM,,
EXF,151,009,B10,Right Rear Speaker,Wagon,COM,,
EXF,151,011,A9,Right Rear Speaker,Sedan,COM,,
EXF,151,013,A8,Right Rear Speaker,Coupe,COM,,
EXF,151,010,A8,Right Rear Window Motor,Wagon,COM,,
EXF,151,012,A9,Right Rear Window Motor,Sedan,COM,,
EXF,151,010,A7,Right Rear Window Switch,Wagon,COM,,
EXF,151,012,A8,Right Rear Window Switch,Sedan,COM,,
EXF,151,011,D10,Right Reversing Lamp,Sedan,COM,,
EXF,151,014,D10,Right Reversing Lamp,Coupe,COM,,
EXF,151,009,A1,Shift Lock Actuator,Wagon,COM,,
EXF,151,011,A2,Shift Lock Actuator,Sedan,COM,,
EXF,151,013,A2,Shift Lock Actuator,Coupe,COM,,
EXF,151,002,C1,Speed Control Servo,Zetec,COM,,
EXF,151,004,C1,Speed Control Servo,2.0L,COM,,
EXF,151,007,B10,Speed Control Switch Assembly,,COM,,
EXF,151,001,F4,Starter Assembly,Zetec,COM,,
EXF,151,005,F3,Starter Assembly,2.0L,COM,,
EXF,151,003,A6,Throttle Position (TP) Sensor,Zetec,COM,,
EXF,151,005,A5,Throttle Position (TP) Sensor,2.0L,COM,,
EXF,151,001,F5,Transaxle (Solenoid Control Assembly),Zetec,COM,,
EXF,151,005,D10,Transaxle (Solenoid Control Assembly),2.0L,COM,,
EXF,151,002,F9,Transmission Range (TR) Sensor,Zetec,COM,,
EXF,151,005,F7,Transmission Range (TR) Sensor,2.0L,COM,,
EXF,151,001,C10,Turbine Speed Sensor (TSS),Zetec,COM,,
EXF,151,005,D10,Turbine Speed Sensor (TSS),2.0L,COM,,
EXF,151,002,B1,Variable Valve Timing Solenoid,,COM,,
EXF,151,003,F7,Vehicle Speed Sensor (VSS),Zetec,COM,,
EXF,151,004,F4,Vehicle Speed Sensor (VSS),2.0L,COM,,
EXF,151,007,F2,Warning Chime Module,,COM,,
EXF,151,002,A4,Windshield Washer Pump Motor,Zetec,COM,,
EXF,151,004,A3,Windshield Washer Pump Motor,2.0L,COM,,
EXF,151,002,A8,Windshield Wiper Motor,Zetec,COM,,
EXF,151,005,A8,Windshield Wiper Motor,2.0L,COM,,
