EVTM,CELLTYPE,CELL,PAGE,TITLE,SUBTITLE,QUALIFIER,QUALIF_2,QUALIF_3,QUALIF_4,QUALIF_5,QUALIF_6,QUALIF_7,FILENAME,TABLE,CELLID_,PAGEID_,HCCF_CELL,HCCF_PAGE
EXP,COD,,001,Systems Overview,,,,,,,,,EXPEN001.TIF,,,,,
EXP,TXT,,001,Introduction,,,,,,,,,exp00002.htm,,,,,
EXP,SCH,,012,Symbols,,System Codes,,,,,,,EXPEN00D.TIF,,,,,
EXP,SCH,,011,Symbols,,,,,,,,,EXPEN00C.TIF,,,,,
EXP,SCH,,010,Symbols,,,,,,,,,EXPEN00B.TIF,,,,,
EXP,SCH,,009,Symbols,,,,,,,,,EXPEN00A.TIF,,,,,
EXP,SCH,,008,Symbols,,,,,,,,,EXPEN009.TIF,,,,,
EXP,SCH,,007,Symbols,,,,,,,,,EXPEN008.TIF,,,,,
EXP,SCH,,006,Symbols,,,,,,,,,EXPEN007.TIF,,,,,
EXP,SCH,,005,Symbols,,,,,,,,,EXPEN006.TIF,,,,,
EXP,SCH,,004,Symbols,,,,,,,,,EXPEN005.TIF,,,,,
EXP,SCH,,003,Symbols,,,,,,,,,EXPEN004.TIF,,,,,
EXP,SCH,,002,Symbols,,,,,,,,,EXPEN003.TIF,,,,,
EXP,SCH,,001,Symbols,,,,,,,,,EXPEN002.TIF,,,,,
EXP,TXT,,001,Connector Repair Procedures,,,,,,,,,exp00015.htm,,,,,
EXP,COD,,001,Wiring Harness Overview,,,,,,,,,EXPEN00E.TIF,,,,,
EXP,SCH,,002,Anti-Lock Control,,with Bosch 5.3 ABS,,,,,,,EXPEN00G.TIF,,,,,
EXP,SCH,,001,Anti-Lock Control,,with Bosch 5.3 ABS,,,,,,,EXPEN00F.TIF,,,,,
EXP,SCH,,002,Anti-Lock Control - Anti-Wheelspin Control,,with Bosch 5.3 ABS,,,,,,,EXPEN00I.TIF,,,,,
EXP,SCH,,001,Anti-Lock Control - Anti-Wheelspin Control,,with Bosch 5.3 ABS,,,,,,,EXPEN00H.TIF,,,,,
EXP,SCH,,002,Engine Cooling,ZETEC-VCT,without air conditioning,,,,,,,EXPEN00K.TIF,,,,,
EXP,SCH,,001,Engine Cooling,ZETEC-VCT,with air conditioning,,,,,,,EXPEN00J.TIF,,,,,
EXP,SCH,,002,Engine Cooling,Duratec-VE,without air conditioning,,,,,,,EXPEN00M.TIF,,,,,
EXP,SCH,,001,Engine Cooling,Duratec-VE,with air conditioning,,,,,,,EXPEN00L.TIF,,,,,
EXP,SCH,,001,Fuel Charging and Controls,ZETEC-VCT,,,,,,,,EXPEN00N.TIF,,,,,
EXP,SCH,,002,Fuel Charging and Controls,Duratec-VE,,,,,,,,EXPEN00P.TIF,,,,,
EXP,SCH,,001,Fuel Charging and Controls,Duratec-VE,,,,,,,,EXPEN00O.TIF,,,,,
EXP,SCH,,003,Starting System,,without PATS,,,,,,,EXPEN00S.TIF,,,,,
EXP,SCH,,002,Starting System,,with PATS,,,,,,,EXPEN00R.TIF,,,,,
EXP,SCH,,001,Starting System,,,,,,,,,EXPEN00Q.TIF,,,,,
EXP,SCH,,001,Engine Ignition,,ZETEC-VCT ZETEC-VCT,,,,,,,EXPEN00T.TIF,,,,,
EXP,SCH,,001,Engine Ignition,,Duratec-VE Duratec-VE,,,,,,,EXPEN00U.TIF,,,,,
EXP,SCH,,014,Electronic Engine Controls,ZETEC-VCT,,,,,,,,EXPEN018.TIF,,,,,
EXP,SCH,,013,Electronic Engine Controls,ZETEC-VCT,automatic transmission,,,,,,,EXPEN017.TIF,,,,,
EXP,SCH,,012,Electronic Engine Controls,ZETEC-VCT,automatic transmission,,,,,,,EXPEN016.TIF,,,,,
EXP,SCH,,011,Electronic Engine Controls,ZETEC-VCT,,,,,,,,EXPEN015.TIF,,,,,
EXP,SCH,,010,Electronic Engine Controls,ZETEC-VCT,automatic transmission,,,,,,,EXPEN014.TIF,,,,,
EXP,SCH,,009,Electronic Engine Controls,ZETEC-VCT,manual transmission,,,,,,,EXPEN013.TIF,,,,,
EXP,SCH,,008,Electronic Engine Controls,ZETEC-VCT,automatic transmission,,,,,,,EXPEN012.TIF,,,,,
EXP,SCH,,007,Electronic Engine Controls,ZETEC-VCT,manual transmission,,,,,,,EXPEN011.TIF,,,,,
EXP,SCH,,006,Electronic Engine Controls,ZETEC-VCT,,,,,,,,EXPEN010.TIF,,,,,
EXP,SCH,,005,Electronic Engine Controls,ZETEC-VCT,,,,,,,,EXPEN00Z.TIF,,,,,
EXP,SCH,,004,Electronic Engine Controls,ZETEC-VCT,,,,,,,,EXPEN00Y.TIF,,,,,
EXP,SCH,,003,Electronic Engine Controls,ZETEC-VCT,automatic transmission,,,,,,,EXPEN00X.TIF,,,,,
EXP,SCH,,002,Electronic Engine Controls,ZETEC-VCT,manual transmission,,,,,,,EXPEN00W.TIF,,,,,
EXP,SCH,,001,Electronic Engine Controls,ZETEC-VCT,,,,,,,,EXPEN00V.TIF,,,,,
EXP,SCH,,016,Electronic Engine Controls,Duratec-VE,,,,,,,,EXPEN01O.TIF,,,,,
EXP,SCH,,015,Electronic Engine Controls,Duratec-VE,,,,,,,,EXPEN01N.TIF,,,,,
EXP,SCH,,014,Electronic Engine Controls,Duratec-VE,,,,,,,,EXPEN01M.TIF,,,,,
EXP,SCH,,013,Electronic Engine Controls,Duratec-VE,,,,,,,,EXPEN01L.TIF,,,,,
EXP,SCH,,012,Electronic Engine Controls,Duratec-VE,automatic transmission,,,,,,,EXPEN01K.TIF,,,,,
EXP,SCH,,011,Electronic Engine Controls,Duratec-VE,automatic transmission,,,,,,,EXPEN01J.TIF,,,,,
EXP,SCH,,010,Electronic Engine Controls,Duratec-VE,automatic transmission,,,,,,,EXPEN01I.TIF,,,,,
EXP,SCH,,009,Electronic Engine Controls,Duratec-VE,automatic transmission,,,,,,,EXPEN01H.TIF,,,,,
EXP,SCH,,008,Electronic Engine Controls,Duratec-VE,manual transmission,,,,,,,EXPEN01G.TIF,,,,,
EXP,SCH,,007,Electronic Engine Controls,Duratec-VE,,,,,,,,EXPEN01F.TIF,,,,,
EXP,SCH,,006,Electronic Engine Controls,Duratec-VE,automatic transmission,,,,,,,EXPEN01E.TIF,,,,,
EXP,SCH,,005,Electronic Engine Controls,Duratec-VE,manual transmission,,,,,,,EXPEN01D.TIF,,,,,
EXP,SCH,,004,Electronic Engine Controls,Duratec-VE,,,,,,,,EXPEN01C.TIF,,,,,
EXP,SCH,,003,Electronic Engine Controls,Duratec-VE,,,,,,,,EXPEN01B.TIF,,,,,
EXP,SCH,,002,Electronic Engine Controls,Duratec-VE,,,,,,,,EXPEN01A.TIF,,,,,
EXP,SCH,,001,Electronic Engine Controls,Duratec-VE,,,,,,,,EXPEN019.TIF,,,,,
EXP,SCH,,006,Vehicle Speed Control,,Overspeed warning automatic transmission,,,,,,,EXPEN01U.TIF,,,,,
EXP,SCH,,005,Vehicle Speed Control,,Overspeed warning manual transmission,,,,,,,EXPEN01T.TIF,,,,,
EXP,SCH,,004,Vehicle Speed Control,,speed control,,,,,,,EXPEN01S.TIF,,,,,
EXP,SCH,,003,Vehicle Speed Control,,speed control automatic transmission,,,,,,,EXPEN01R.TIF,,,,,
EXP,SCH,,002,Vehicle Speed Control,,speed control automatic transmission,,,,,,,EXPEN01Q.TIF,,,,,
EXP,SCH,,001,Vehicle Speed Control,,,,,,,,,EXPEN01P.TIF,,,,,
EXP,SCH,,001,Heating/Defrosting/Demisting,,,,,,,,,EXPEN01V.TIF,,,,,
EXP,SCH,,003,Air Conditioning,,,,,,,,,EXPEN01Y.TIF,,,,,
EXP,SCH,,002,Air Conditioning,,,,,,,,,EXPEN01X.TIF,,,,,
EXP,SCH,,001,Air Conditioning,,,,,,,,,EXPEN01W.TIF,,,,,
EXP,SCH,,004,Instrument Cluster and Panel Lighting - General Information,,,,,,,,,EXPEN022.TIF,,,,,
EXP,SCH,,003,Instrument Cluster and Panel Lighting - General Information,,,,,,,,,EXPEN021.TIF,,,,,
EXP,SCH,,002,Instrument Cluster and Panel Lighting - General Information,,,,,,,,,EXPEN020.TIF,,,,,
EXP,SCH,,001,Instrument Cluster and Panel Lighting - General Information,,,,,,,,,EXPEN01Z.TIF,,,,,
EXP,SCH,,008,Instrument Cluster,,,,,,,,,EXPEN02A.TIF,,,,,
EXP,SCH,,007,Instrument Cluster,,,,,,,,,EXPEN029.TIF,,,,,
EXP,SCH,,006,Instrument Cluster,,manual transmission,,,,,,,EXPEN028.TIF,,,,,
EXP,SCH,,005,Instrument Cluster,,automatic transmission,,,,,,,EXPEN027.TIF,,,,,
EXP,SCH,,004,Instrument Cluster,,without tachometer,,,,,,,EXPEN026.TIF,,,,,
EXP,SCH,,003,Instrument Cluster,,with tachometer,,,,,,,EXPEN025.TIF,,,,,
EXP,SCH,,002,Instrument Cluster,,without ABS,,,,,,,EXPEN024.TIF,,,,,
EXP,SCH,,001,Instrument Cluster,,with Bosch 5.3 ABS,,,,,,,EXPEN023.TIF,,,,,
EXP,SCH,,002,Horn,,with speed control,,,,,,,EXPEN02C.TIF,,,,,
EXP,SCH,,001,Horn,,without speed control,,,,,,,EXPEN02B.TIF,,,,,
EXP,SCH,,002,Generator and Regulator,,Duratec-VE,,,,,,,EXPEN02E.TIF,,,,,
EXP,SCH,,001,Generator and Regulator,,ZETEC-VCT,,,,,,,EXPEN02D.TIF,,,,,
EXP,SCH,,001,Audio System - General Information,,,,,,,,,EXPEN02F.TIF,,,,,
EXP,SCH,,001,Audio Unit,,,,,,,,,EXPEN02G.TIF,,,,,
EXP,SCH,,001,Antenna,,Power Operated Antenna,,,,,,,EXPEN02H.TIF,,,,,
EXP,SCH,,004,Speakers,,with amplifier,,,,,,,EXPEN02L.TIF,,,,,
EXP,SCH,,003,Speakers,,with amplifier,,,,,,,EXPEN02K.TIF,,,,,
EXP,SCH,,002,Speakers,,,,,,,,,EXPEN02J.TIF,,,,,
EXP,SCH,,001,Speakers,,,,,,,,,EXPEN02I.TIF,,,,,
EXP,SCH,,015,Exterior Lighting,,Fog lamps,,,,,,,EXPEN030.TIF,,,,,
EXP,SCH,,014,Exterior Lighting,,"automatic transmission, Backup Lamps",,,,,,,EXPEN02Z.TIF,,,,,
EXP,SCH,,013,Exterior Lighting,,"manual transmission, Backup Lamps",,,,,,,EXPEN02Y.TIF,,,,,
EXP,SCH,,012,Exterior Lighting,,Licence plate lamps,,,,,,,EXPEN02X.TIF,,,,,
EXP,SCH,,011,Exterior Lighting,,"Stop Lamps, higher option content with high mounted stop lamp on parcel shelf",,,,,,,EXPEN02W.TIF,,,,,
EXP,SCH,,010,Exterior Lighting,,"Stop Lamps, higher option content, with high mounted stop lamp in rear spoiler",,,,,,,EXPEN02V.TIF,,,,,
EXP,SCH,,009,Exterior Lighting,,"Stop Lamps, lower option content without PATS",,,,,,,EXPEN02U.TIF,,,,,
EXP,SCH,,008,Exterior Lighting,,"Stop Lamps, lower option content with PATS",,,,,,,EXPEN02T.TIF,,,,,
EXP,SCH,,007,Exterior Lighting,,Stop Lamps,,,,,,,EXPEN02S.TIF,,,,,
EXP,SCH,,006,Exterior Lighting,,Parking Lamps,,,,,,,EXPEN02R.TIF,,,,,
EXP,SCH,,005,Exterior Lighting,,Turn Signal and Hazard Lamps,,,,,,,EXPEN02Q.TIF,,,,,
EXP,SCH,,004,Exterior Lighting,,Turn Signal and Hazard Lamps,,,,,,,EXPEN02P.TIF,,,,,
EXP,SCH,,003,Exterior Lighting,,"Headlamps, higher option content",,,,,,,EXPEN02O.TIF,,,,,
EXP,SCH,,002,Exterior Lighting,,"Headlamps, higher option content",,,,,,,EXPEN02N.TIF,,,,,
EXP,SCH,,001,Exterior Lighting,,"Headlamps, lower option content",,,,,,,EXPEN02M.TIF,,,,,
EXP,SCH,,005,Interior Lighting,,,,,,,,,EXPEN035.TIF,,,,,
EXP,SCH,,004,Interior Lighting,,Lights-ON-warning,,,,,,,EXPEN034.TIF,,,,,
EXP,SCH,,003,Interior Lighting,,,,,,,,,EXPEN033.TIF,,,,,
EXP,SCH,,002,Interior Lighting,,,,,,,,,EXPEN032.TIF,,,,,
EXP,SCH,,001,Interior Lighting,,,,,,,,,EXPEN031.TIF,,,,,
EXP,SCH,,002,Daytime Running Lamps,,,,,,,,,EXPEN037.TIF,,,,,
EXP,SCH,,001,Daytime Running Lamps,,,,,,,,,EXPEN036.TIF,,,,,
EXP,SCH,,005,"Module Communications Network, Instrument Interface Control",,manual transmission,,,,,,,EXPEN03C.TIF,,,,,
EXP,SCH,,004,"Module Communications Network, Instrument Interface Control",,manual transmission,,,,,,,EXPEN03B.TIF,,,,,
EXP,SCH,,003,"Module Communications Network, Instrument Interface Control",,automatic transmission,,,,,,,EXPEN03A.TIF,,,,,
EXP,SCH,,002,"Module Communications Network, Instrument Interface Control",,automatic transmission,,,,,,,EXPEN039.TIF,,,,,
EXP,SCH,,001,"Module Communications Network, Instrument Interface Control",,,,,,,,,EXPEN038.TIF,,,,,
EXP,SCH,,004,"Module Communications Network, Diagnostic",,,,,,,,,EXPEN03G.TIF,,,,,
EXP,SCH,,003,"Module Communications Network, Diagnostic",,"with Bosch 5.3 ABS, Data Link Connector, pins 2, 7, 10 and 13",,,,,,,EXPEN03F.TIF,,,,,
EXP,SCH,,002,"Module Communications Network, Diagnostic",,"without ABS, Data Link Connector, pins 2, 7, 10 and 13",,,,,,,EXPEN03E.TIF,,,,,
EXP,SCH,,001,"Module Communications Network, Diagnostic",,"Data Link Connector, pins 4, 5 and 16",,,,,,,EXPEN03D.TIF,,,,,
EXP,SCH,,009,Anti-Theft - Active,,,,,,,,,EXPEN03P.TIF,,,,,
EXP,SCH,,008,Anti-Theft - Active,,without PATS,,,,,,,EXPEN03H.TIF,,,,,
EXP,SCH,,007,Anti-Theft - Active,,with PATS,,,,,,,EXPEN03O.TIF,,,,,
EXP,SCH,,006,Anti-Theft - Active,,,,,,,,,EXPEN03N.TIF,,,,,
EXP,SCH,,005,Anti-Theft - Active,,,,,,,,,EXPEN03M.TIF,,,,,
EXP,SCH,,004,Anti-Theft - Active,,,,,,,,,EXPEN03L.TIF,,,,,
EXP,SCH,,003,Anti-Theft - Active,,,,,,,,,EXPEN03K.TIF,,,,,
EXP,SCH,,002,Anti-Theft - Active,,,,,,,,,EXPEN03J.TIF,,,,,
EXP,SCH,,001,Anti-Theft - Active,,,,,,,,,EXPEN03I.TIF,,,,,
EXP,SCH,,001,Anti-Theft - Passive,,,,,,,,,EXPEN03Q.TIF,,,,,
EXP,SCH,,001,Rear View Mirrors,,Power mirrors,,,,,,,EXPEN03R.TIF,,,,,
EXP,SCH,,003,Seating,,6-way power seat,,,,,,,EXPEN03U.TIF,,,,,
EXP,SCH,,002,Seating,,10-way power seat,,,,,,,EXPEN03T.TIF,,,,,
EXP,SCH,,001,Seating,,10-way power seat,,,,,,,EXPEN03S.TIF,,,,,
EXP,SCH,,004,"Glass, Frames and Mechanisms",,,,,,,,,EXPEN03Y.TIF,,,,,
EXP,SCH,,003,"Glass, Frames and Mechanisms",,Power windows,,,,,,,EXPEN03X.TIF,,,,,
EXP,SCH,,002,"Glass, Frames and Mechanisms",,Power windows,,,,,,,EXPEN03W.TIF,,,,,
EXP,SCH,,001,"Glass, Frames and Mechanisms",,Power windows,,,,,,,EXPEN03V.TIF,,,,,
EXP,SCH,,001,Instrument Panel and Console,,,,,,,,,EXPEN03Z.TIF,,,,,
EXP,SCH,,010,"Handles, Locks, Latches and Mechanisms",,,,,,,,,EXPEN049.TIF,,,,,
EXP,SCH,,009,"Handles, Locks, Latches and Mechanisms",,,,,,,,,EXPEN048.TIF,,,,,
EXP,SCH,,008,"Handles, Locks, Latches and Mechanisms",,,,,,,,,EXPEN047.TIF,,,,,
EXP,SCH,,007,"Handles, Locks, Latches and Mechanisms",,,,,,,,,EXPEN046.TIF,,,,,
EXP,SCH,,006,"Handles, Locks, Latches and Mechanisms",,With anti-theft/central locking module,,,,,,,EXPEN045.TIF,,,,,
EXP,SCH,,005,"Handles, Locks, Latches and Mechanisms",,With anti-theft/central locking module,,,,,,,EXPEN044.TIF,,,,,
EXP,SCH,,004,"Handles, Locks, Latches and Mechanisms",,,,,,,,,EXPEN043.TIF,,,,,
EXP,SCH,,003,"Handles, Locks, Latches and Mechanisms",,Without anti-theft/central locking module,,,,,,,EXPEN042.TIF,,,,,
EXP,SCH,,002,"Handles, Locks, Latches and Mechanisms",,Without anti-theft/central locking module,,,,,,,EXPEN041.TIF,,,,,
EXP,SCH,,001,"Handles, Locks, Latches and Mechanisms",,Without anti-theft/central locking module,,,,,,,EXPEN040.TIF,,,,,
EXP,SCH,,004,Wipers and Washers,,with variable intermittent wipers,,,,,,,EXPEN04D.TIF,,,,,
EXP,SCH,,003,Wipers and Washers,,with variable intermittent wipers,,,,,,,EXPEN04C.TIF,,,,,
EXP,SCH,,002,Wipers and Washers,,without fixed intermittent wipe,,,,,,,EXPEN04B.TIF,,,,,
EXP,SCH,,001,Wipers and Washers,,without fixed intermittent wipe,,,,,,,EXPEN04A.TIF,,,,,
EXP,SCH,,001,Roof Opening Panel,,,,,,,,,EXPEN04E.TIF,,,,,
EXP,SCH,,001,Occupant Restraints - Passive - Supplemental Air Bag System,,,,,,,,,EXPEN04F.TIF,,,,,
EXP,COD,,002,Fuse and Relay Information,,,,,,,,,EXPEN04H.TIF,,,,,
EXP,COD,,001,Fuse and Relay Information,,Junction Box (BJB),,,,,,,EXPEN04G.TIF,,,,,
EXP,SCH,,015,Power Distribution,,lower option content,,,,,,,EXPEN05T.TIF,,,,,
EXP,SCH,,014,Power Distribution,,higher option content,,,,,,,EXPEN05S.TIF,,,,,
EXP,SCH,,013,Power Distribution,,,,,,,,,EXPEN05R.TIF,,,,,
EXP,SCH,,012,Power Distribution,,,,,,,,,EXPEN05Q.TIF,,,,,
EXP,SCH,,011,Power Distribution,,,,,,,,,EXPEN05P.TIF,,,,,
EXP,SCH,,010,Power Distribution,,Duratec-VE,,,,,,,EXPEN05O.TIF,,,,,
EXP,SCH,,009,Power Distribution,,Duratec-VE automatic transmission,,,,,,,EXPEN05N.TIF,,,,,
EXP,SCH,,008,Power Distribution,,Duratec-VE manual transmission,,,,,,,EXPEN05M.TIF,,,,,
EXP,SCH,,007,Power Distribution,,ZETEC-VCT automatic transmission,,,,,,,EXPEN05L.TIF,,,,,
EXP,SCH,,006,Power Distribution,,ZETEC-VCT manual transmission,,,,,,,EXPEN05K.TIF,,,,,
EXP,SCH,,005,Power Distribution,,,,,,,,,EXPEN05J.TIF,,,,,
EXP,SCH,,004,Power Distribution,,,,,,,,,EXPEN05I.TIF,,,,,
EXP,SCH,,003,Power Distribution,,,,,,,,,EXPEN05H.TIF,,,,,
EXP,SCH,,002,Power Distribution,,,,,,,,,EXPEN05G.TIF,,,,,
EXP,SCH,,001,Power Distribution,,,,,,,,,EXPEN05F.TIF,,,,,
EXP,SCH,,036,Fuse Details,,,,,,,,,EXPEN06T.TIF,,,,,
EXP,SCH,,035,Fuse Details,,,,,,,,,EXPEN06S.TIF,,,,,
EXP,SCH,,034,Fuse Details,,without illuminated vanity mirrors,,,,,,,EXPEN06R.TIF,,,,,
EXP,SCH,,010,Fuse Details,,Duratec-VE,,,,,,,EXPEN063.TIF,,,,,
EXP,SCH,,009,Fuse Details,,,,,,,,,EXPEN062.TIF,,,,,
EXP,SCH,,008,Fuse Details,,,,,,,,,EXPEN061.TIF,,,,,
EXP,SCH,,007,Fuse Details,,with Bosch 5.3 ABS,,,,,,,EXPEN060.TIF,,,,,
EXP,SCH,,006,Fuse Details,,,,,,,,,EXPEN05Z.TIF,,,,,
EXP,SCH,,005,Fuse Details,,Duratec-VE,,,,,,,EXPEN05Y.TIF,,,,,
EXP,SCH,,004,Fuse Details,,ZETEC-VCT,,,,,,,EXPEN05X.TIF,,,,,
EXP,SCH,,003,Fuse Details,,with Bosch 5.3 ABS,,,,,,,EXPEN05W.TIF,,,,,
EXP,SCH,,002,Fuse Details,,,,,,,,,EXPEN05V.TIF,,,,,
EXP,SCH,,001,Fuse Details,,,,,,,,,EXPEN05U.TIF,,,,,
EXP,SCH,,032,Ground Distribution,,,,,,,,,EXPEN07P.TIF,,,,,
EXP,SCH,,031,Ground Distribution,,,,,,,,,EXPEN07O.TIF,,,,,
EXP,SCH,,030,Ground Distribution,,,,,,,,,EXPEN07N.TIF,,,,,
EXP,SCH,,029,Ground Distribution,,,,,,,,,EXPEN07M.TIF,,,,,
EXP,SCH,,028,Ground Distribution,,,,,,,,,EXPEN07L.TIF,,,,,
EXP,SCH,,027,Ground Distribution,,,,,,,,,EXPEN07K.TIF,,,,,
EXP,SCH,,026,Ground Distribution,,,,,,,,,EXPEN07J.TIF,,,,,
EXP,SCH,,025,Ground Distribution,,,,,,,,,EXPEN07I.TIF,,,,,
EXP,SCH,,024,Ground Distribution,,ZETEC-VCT,,,,,,,EXPEN07H.TIF,,,,,
EXP,SCH,,023,Ground Distribution,,Duratec-VE,,,,,,,EXPEN07G.TIF,,,,,
EXP,SCH,,022,Ground Distribution,,,,,,,,,EXPEN07F.TIF,,,,,
EXP,SCH,,021,Ground Distribution,,,,,,,,,EXPEN07E.TIF,,,,,
EXP,SCH,,020,Ground Distribution,,Duratec-VE without air conditioning,,,,,,,EXPEN07D.TIF,,,,,
EXP,SCH,,019,Ground Distribution,,Duratec-VE with air conditioning ZETEC-VCT,,,,,,,EXPEN07C.TIF,,,,,
EXP,SCH,,018,Ground Distribution,,,,,,,,,EXPEN07B.TIF,,,,,
EXP,LOC,,033,Component Location Views,,,,,,,,,EXPEN05E.TIF,,,,,
EXP,LOC,,032,Component Location Views,,,,,,,,,EXPEN05D.TIF,,,,,
EXP,LOC,,031,Component Location Views,,,,,,,,,EXPEN05C.TIF,,,,,
EXP,LOC,,030,Component Location Views,,,,,,,,,EXPEN05B.TIF,,,,,
EXP,LOC,,029,Component Location Views,,,,,,,,,EXPEN05A.TIF,,,,,
EXP,LOC,,028,Component Location Views,,,,,,,,,EXPEN059.TIF,,,,,
EXP,LOC,,027,Component Location Views,,,,,,,,,EXPEN058.TIF,,,,,
EXP,LOC,,026,Component Location Views,,,,,,,,,EXPEN057.TIF,,,,,
EXP,LOC,,025,Component Location Views,,,,,,,,,EXPEN056.TIF,,,,,
EXP,LOC,,024,Component Location Views,,,,,,,,,EXPEN055.TIF,,,,,
EXP,LOC,,023,Component Location Views,,,,,,,,,EXPEN054.TIF,,,,,
EXP,LOC,,022,Component Location Views,,,,,,,,,EXPEN053.TIF,,,,,
EXP,LOC,,021,Component Location Views,,,,,,,,,EXPEN052.TIF,,,,,
EXP,LOC,,020,Component Location Views,,,,,,,,,EXPEN051.TIF,,,,,
EXP,LOC,,019,Component Location Views,,,,,,,,,EXPEN050.TIF,,,,,
EXP,LOC,,018,Component Location Views,,,,,,,,,EXPEN04Z.TIF,,,,,
EXP,LOC,,017,Component Location Views,,,,,,,,,EXPEN04Y.TIF,,,,,
EXP,LOC,,016,Component Location Views,,,,,,,,,EXPEN04X.TIF,,,,,
EXP,LOC,,015,Component Location Views,,,,,,,,,EXPEN04W.TIF,,,,,
EXP,LOC,,014,Component Location Views,,,,,,,,,EXPEN04V.TIF,,,,,
EXP,LOC,,013,Component Location Views,,,,,,,,,EXPEN04U.TIF,,,,,
EXP,LOC,,012,Component Location Views,,,,,,,,,EXPEN04T.TIF,,,,,
EXP,LOC,,011,Component Location Views,,,,,,,,,EXPEN04S.TIF,,,,,
EXP,LOC,,010,Component Location Views,,,,,,,,,EXPEN04R.TIF,,,,,
EXP,CON,,243,Connector Views,C1937,,,,,,,,EXP0006R.TIF,,,,,
EXP,CON,,242,Connector Views,C1936,,,,,,,,EXP0006Q.TIF,,,,,
EXP,CON,,241,Connector Views,C1931,,,,,,,,EXP0006P.TIF,,,,,
EXP,CON,,240,Connector Views,C1930,,,,,,,,EXP0006O.TIF,,,,,
EXP,CON,,239,Connector Views,C1929,,,,,,,,EXP0006N.TIF,,,,,
EXP,CON,,238,Connector Views,C1928,,,,,,,,EXP0006M.TIF,,,,,
EXP,CON,,237,Connector Views,C1927,,,,,,,,EXP0006L.TIF,,,,,
EXP,CON,,236,Connector Views,C1926,,,,,,,,EXP0006K.TIF,,,,,
EXP,CON,,235,Connector Views,C1923,,,,,,,,EXP0006J.TIF,,,,,
EXP,CON,,234,Connector Views,C1922,,,,,,,,EXP0006I.TIF,,,,,
EXP,CON,,233,Connector Views,C1921,,,,,,,,EXP0006H.TIF,,,,,
EXP,CON,,232,Connector Views,C1920,,,,,,,,EXP0006G.TIF,,,,,
EXP,CON,,231,Connector Views,C1919,,,,,,,,EXP0006F.TIF,,,,,
EXP,CON,,230,Connector Views,C1918,,,,,,,,EXP0006E.TIF,,,,,
EXP,CON,,229,Connector Views,C1916,,,,,,,,EXP0006D.TIF,,,,,
EXP,CON,,228,Connector Views,C1915,,,,,,,,EXP0006C.TIF,,,,,
EXP,CON,,227,Connector Views,C1914,,,,,,,,EXP0006B.TIF,,,,,
EXP,CON,,226,Connector Views,C1913b,,,,,,,,EXP0006A.TIF,,,,,
EXP,CON,,225,Connector Views,C1913a,,,,,,,,EXP00069.TIF,,,,,
EXP,CON,,224,Connector Views,C1912,,,,,,,,EXP00068.TIF,,,,,
EXP,CON,,223,Connector Views,C1911,,,,,,,,EXP00067.TIF,,,,,
EXP,CON,,222,Connector Views,C1910,,,,,,,,EXP00066.TIF,,,,,
EXP,CON,,221,Connector Views,C1909,,,,,,,,EXP00065.TIF,,,,,
EXP,CON,,220,Connector Views,C1908,,,,,,,,EXP00064.TIF,,,,,
EXP,CON,,219,Connector Views,C1907,,,,,,,,EXP00063.TIF,,,,,
EXP,CON,,218,Connector Views,C1906,,,,,,,,EXP00062.TIF,,,,,
EXP,CON,,191,Connector Views,C1852c,,,,,,,,EXP0005B.TIF,,,,,
EXP,CON,,190,Connector Views,C1852b,,,,,,,,EXP0005A.TIF,,,,,
EXP,CON,,189,Connector Views,C1852a,,,,,,,,EXP00059.TIF,,,,,
EXP,CON,,188,Connector Views,C1002,,,,,,,,EXP00058.TIF,,,,,
EXP,CON,,187,Connector Views,C981,,,,,,,,EXP00057.TIF,,,,,
EXP,CON,,186,Connector Views,C973b,,,,,,,,EXP00056.TIF,,,,,
EXP,CON,,185,Connector Views,C973a,,,,,,,,EXP00055.TIF,,,,,
EXP,CON,,184,Connector Views,C972,,,,,,,,EXP00054.TIF,,,,,
EXP,CON,,183,Connector Views,C953,,,,,,,,EXP00053.TIF,,,,,
EXP,CON,,182,Connector Views,C952,,,,,,,,EXP00052.TIF,,,,,
EXP,CON,,181,Connector Views,C939,,,,,,,,EXP00051.TIF,,,,,
EXP,CON,,180,Connector Views,C938,,,,,,,,EXP00050.TIF,,,,,
EXP,CON,,179,Connector Views,C937,,,,,,,,EXP0004Z.TIF,,,,,
EXP,CON,,178,Connector Views,C935,,,,,,,,EXP0004Y.TIF,,,,,
EXP,CON,,177,Connector Views,C934,,,,,,,,EXP0004X.TIF,,,,,
EXP,CON,,176,Connector Views,C933,,,,,,,,EXP0004W.TIF,,,,,
EXP,CON,,175,Connector Views,C931,,,,,,,,EXP0004V.TIF,,,,,
EXP,CON,,174,Connector Views,C930,,,,,,,,EXP0004U.TIF,,,,,
EXP,CON,,173,Connector Views,C912,,,,,,,,EXP0004T.TIF,,,,,
EXP,CON,,172,Connector Views,C896,,,,,,,,EXP0004S.TIF,,,,,
EXP,CON,,171,Connector Views,C893,,,,,,,,EXP0004R.TIF,,,,,
EXP,CON,,170,Connector Views,C891,,,,,,,,EXP0004Q.TIF,,,,,
EXP,CON,,169,Connector Views,C890b,,,,,,,,EXP0004P.TIF,,,,,
EXP,CON,,168,Connector Views,C890a,,,,,,,,EXP0004O.TIF,,,,,
EXP,CON,,167,Connector Views,C882,,,,,,,,EXP0004N.TIF,,,,,
EXP,CON,,166,Connector Views,C862,,,,,,,,EXP0004M.TIF,,,,,
EXP,CON,,139,Connector Views,C798,,,,,,,,EXP0003V.TIF,,,,,
EXP,CON,,138,Connector Views,C789,,,,,,,,EXP0003U.TIF,,,,,
EXP,CON,,137,Connector Views,C788,,,,,,,,EXP0003T.TIF,,,,,
EXP,CON,,136,Connector Views,C785,,,,,,,,EXP0003S.TIF,,,,,
EXP,CON,,135,Connector Views,C784,,,,,,,,EXP0003R.TIF,,,,,
EXP,CON,,134,Connector Views,C783,,,,,,,,EXP0003Q.TIF,,,,,
EXP,CON,,133,Connector Views,C782,,,,,,,,EXP0003P.TIF,,,,,
EXP,CON,,132,Connector Views,C780,,,,,,,,EXP0003O.TIF,,,,,
EXP,CON,,131,Connector Views,C779,,,,,,,,EXP0003N.TIF,,,,,
EXP,CON,,130,Connector Views,C776,,,,,,,,EXP0003M.TIF,,,,,
EXP,CON,,129,Connector Views,C775,,,,,,,,EXP0003L.TIF,,,,,
EXP,CON,,128,Connector Views,C774,,,,,,,,EXP0003K.TIF,,,,,
EXP,CON,,127,Connector Views,C773,,,,,,,,EXP0003J.TIF,,,,,
EXP,CON,,126,Connector Views,C772,,,,,,,,EXP0003I.TIF,,,,,
EXP,CON,,125,Connector Views,C771,,,,,,,,EXP0003H.TIF,,,,,
EXP,CON,,124,Connector Views,C765,,,,,,,,EXP0003G.TIF,,,,,
EXP,CON,,123,Connector Views,C760,,,,,,,,EXP0003F.TIF,,,,,
EXP,CON,,122,Connector Views,C757,,,,,,,,EXP0003E.TIF,,,,,
EXP,CON,,121,Connector Views,C755,,,,,,,,EXP0003D.TIF,,,,,
EXP,CON,,120,Connector Views,C751,,,,,,,,EXP0003C.TIF,,,,,
EXP,CON,,119,Connector Views,C748b,,,,,,,,EXP0003B.TIF,,,,,
EXP,CON,,118,Connector Views,C748a,,,,,,,,EXP0003A.TIF,,,,,
EXP,CON,,117,Connector Views,C740,,,,,,,,EXP00039.TIF,,,,,
EXP,CON,,116,Connector Views,C738,,,,,,,,EXP00038.TIF,,,,,
EXP,CON,,115,Connector Views,C732,,,,,,,,EXP00037.TIF,,,,,
EXP,CON,,114,Connector Views,C711,,,,,,,,EXP00036.TIF,,,,,
EXP,CON,,87,Connector Views,C459b,,,,,,,,EXP0002F.TIF,,,,,
EXP,CON,,86,Connector Views,C459a,,,,,,,,EXP0002E.TIF,,,,,
EXP,CON,,85,Connector Views,C456,,,,,,,,EXP0002D.TIF,,,,,
EXP,CON,,84,Connector Views,C451b,,,,,,,,EXP0002C.TIF,,,,,
EXP,CON,,83,Connector Views,C451a,,,,,,,,EXP0002B.TIF,,,,,
EXP,CON,,82,Connector Views,C448,,,,,,,,EXP0002A.TIF,,,,,
EXP,CON,,81,Connector Views,C444,,,,,,,,EXP00029.TIF,,,,,
EXP,CON,,80,Connector Views,C443b,,,,,,,,EXP00028.TIF,,,,,
EXP,CON,,79,Connector Views,C443a,,,,,,,,EXP00027.TIF,,,,,
EXP,CON,,78,Connector Views,C441,,,,,,,,EXP00026.TIF,,,,,
EXP,CON,,77,Connector Views,C440,,,,,,,,EXP00025.TIF,,,,,
EXP,CON,,76,Connector Views,C437,,,,,,,,EXP00024.TIF,,,,,
EXP,CON,,75,Connector Views,C432,,,,,,,,EXP00023.TIF,,,,,
EXP,CON,,74,Connector Views,C431,,,,,,,,EXP00022.TIF,,,,,
EXP,CON,,73,Connector Views,C430,,,,,,,,EXP00021.TIF,,,,,
EXP,CON,,72,Connector Views,C421,,,,,,,,EXP00020.TIF,,,,,
EXP,CON,,71,Connector Views,C406,,,,,,,,EXP0001Z.TIF,,,,,
EXP,CON,,70,Connector Views,C400,,,,,,,,EXP0001Y.TIF,,,,,
EXP,CON,,69,Connector Views,C372,,,,,,,,EXP0001X.TIF,,,,,
EXP,CON,,68,Connector Views,C371,,,,,,,,EXP0001W.TIF,,,,,
EXP,CON,,67,Connector Views,C370,,,,,,,,EXP0001V.TIF,,,,,
EXP,CON,,66,Connector Views,C369,,,,,,,,EXP0001U.TIF,,,,,
EXP,CON,,65,Connector Views,C368,,,,,,,,EXP0001T.TIF,,,,,
EXP,CON,,64,Connector Views,C367,,,,,,,,EXP0001S.TIF,,,,,
EXP,CON,,63,Connector Views,C366,,,,,,,,EXP0001R.TIF,,,,,
EXP,CON,,62,Connector Views,C365,,,,,,,,EXP0001Q.TIF,,,,,
EXP,CON,,35,Connector Views,C140,,,,,,,,EXP0000Z.TIF,,,,,
EXP,CON,,34,Connector Views,C120,,,,,,,,EXP0000Y.TIF,,,,,
EXP,CON,,33,Connector Views,C109,,,,,,,,EXP0000X.TIF,,,,,
EXP,CON,,32,Connector Views,C108,,,,,,,,EXP0000W.TIF,,,,,
EXP,CON,,31,Connector Views,C107,,,,,,,,EXP0000V.TIF,,,,,
EXP,CON,,30,Connector Views,C104,,,,,,,,EXP0000U.TIF,,,,,
EXP,CON,,29,Connector Views,C102,,,,,,,,EXP0000T.TIF,,,,,
EXP,CON,,28,Connector Views,C98,,,,,,,,EXP0000S.TIF,,,,,
EXP,CON,,27,Connector Views,C97,,,,,,,,EXP0000R.TIF,,,,,
EXP,CON,,26,Connector Views,C95,,,,,,,,EXP0000Q.TIF,,,,,
EXP,CON,,25,Connector Views,C94,,,,,,,,EXP0000P.TIF,,,,,
EXP,CON,,24,Connector Views,C81,,,,,,,,EXP0000O.TIF,,,,,
EXP,CON,,23,Connector Views,C78,,,,,,,,EXP0000N.TIF,,,,,
EXP,CON,,22,Connector Views,C75b,,,,,,,,EXP0000M.TIF,,,,,
EXP,CON,,21,Connector Views,C75a,,,,,,,,EXP0000L.TIF,,,,,
EXP,CON,,20,Connector Views,C72,,,,,,,,EXP0000K.TIF,,,,,
EXP,CON,,19,Connector Views,C71,,,,,,,,EXP0000J.TIF,,,,,
EXP,CON,,18,Connector Views,C69,,,,,,,,EXP0000I.TIF,,,,,
EXP,CON,,17,Connector Views,C67,,,,,,,,EXP0000H.TIF,,,,,
EXP,CON,,16,Connector Views,C62,,,,,,,,EXP0000G.TIF,,,,,
EXP,CON,,15,Connector Views,C61,,,,,,,,EXP0000F.TIF,,,,,
EXP,CON,,14,Connector Views,C60,,,,,,,,EXP0000E.TIF,,,,,
EXP,CON,,13,Connector Views,C59,,,,,,,,EXP0000D.TIF,,,,,
EXP,CON,,12,Connector Views,C58,,,,,,,,EXP0000C.TIF,,,,,
EXP,CON,,11,Connector Views,C57,,,,,,,,EXP0000B.TIF,,,,,
EXP,CON,,10,Connector Views,C56,,,,,,,,EXP0000A.TIF,,,,,
EXP,CON,,9,Connector Views,C54,,,,,,,,EXP00009.TIF,,,,,
EXP,SCH,,033,Fuse Details,,with illuminated vanity mirrors,,,,,,,EXPEN06Q.TIF,,,,,
EXP,SCH,,032,Fuse Details,,with anti-theft alarm,,,,,,,EXPEN06P.TIF,,,,,
EXP,SCH,,031,Fuse Details,,without anti-theft alarm,,,,,,,EXPEN06O.TIF,,,,,
EXP,SCH,,030,Fuse Details,,,,,,,,,EXPEN06N.TIF,,,,,
EXP,SCH,,029,Fuse Details,,,,,,,,,EXPEN06M.TIF,,,,,
EXP,SCH,,028,Fuse Details,,,,,,,,,EXPEN06L.TIF,,,,,
EXP,SCH,,027,Fuse Details,,,,,,,,,EXPEN06K.TIF,,,,,
EXP,SCH,,026,Fuse Details,,,,,,,,,EXPEN06J.TIF,,,,,
EXP,SCH,,025,Fuse Details,,,,,,,,,EXPEN06I.TIF,,,,,
EXP,SCH,,024,Fuse Details,,higher option content without anti-theft/central locking module,,,,,,,EXPEN06H.TIF,,,,,
EXP,SCH,,023,Fuse Details,,lower option content without anti-theft/central locking module,,,,,,,EXPEN06G.TIF,,,,,
EXP,SCH,,022,Fuse Details,,higher option content with anti-theft/central locking module,,,,,,,EXPEN06F.TIF,,,,,
EXP,SCH,,021,Fuse Details,,lower option content with anti-theft/central locking module,,,,,,,EXPEN06E.TIF,,,,,
EXP,SCH,,020,Fuse Details,,,,,,,,,EXPEN06D.TIF,,,,,
EXP,SCH,,019,Fuse Details,,,,,,,,,EXPEN06C.TIF,,,,,
EXP,SCH,,018,Fuse Details,,lower option content,,,,,,,EXPEN06B.TIF,,,,,
EXP,SCH,,017,Fuse Details,,higher option content,,,,,,,EXPEN06A.TIF,,,,,
EXP,SCH,,016,Fuse Details,,,,,,,,,EXPEN069.TIF,,,,,
EXP,SCH,,015,Fuse Details,,,,,,,,,EXPEN068.TIF,,,,,
EXP,SCH,,014,Fuse Details,,,,,,,,,EXPEN067.TIF,,,,,
EXP,SCH,,013,Fuse Details,,,,,,,,,EXPEN066.TIF,,,,,
EXP,SCH,,012,Fuse Details,,,,,,,,,EXPEN065.TIF,,,,,
EXP,SCH,,011,Fuse Details,,ZETEC-VCT,,,,,,,EXPEN064.TIF,,,,,
EXP,SCH,,017,Ground Distribution,,,,,,,,,EXPEN07A.TIF,,,,,
EXP,SCH,,016,Ground Distribution,,with high mounted stop lamp on parcel shelf,,,,,,,EXPEN079.TIF,,,,,
EXP,SCH,,015,Ground Distribution,,with high mounted stop lamp in rear spoiler,,,,,,,EXPEN078.TIF,,,,,
EXP,SCH,,014,Ground Distribution,,,,,,,,,EXPEN077.TIF,,,,,
EXP,SCH,,013,Ground Distribution,,with power windows,,,,,,,EXPEN076.TIF,,,,,
EXP,SCH,,012,Ground Distribution,,with anti-theft alarm,,,,,,,EXPEN075.TIF,,,,,
EXP,SCH,,011,Ground Distribution,,,,,,,,,EXPEN074.TIF,,,,,
EXP,SCH,,010,Ground Distribution,,,,,,,,,EXPEN073.TIF,,,,,
EXP,SCH,,009,Ground Distribution,,,,,,,,,EXPEN072.TIF,,,,,
EXP,SCH,,008,Ground Distribution,,without power windows,,,,,,,EXPEN071.TIF,,,,,
EXP,SCH,,007,Ground Distribution,,with power windows,,,,,,,EXPEN070.TIF,,,,,
EXP,SCH,,006,Ground Distribution,,,,,,,,,EXPEN06Z.TIF,,,,,
EXP,SCH,,005,Ground Distribution,,without ABS,,,,,,,EXPEN06Y.TIF,,,,,
EXP,SCH,,004,Ground Distribution,,with Bosch 5.3 ABS,,,,,,,EXPEN06X.TIF,,,,,
EXP,SCH,,003,Ground Distribution,,ZETEC-VCT manual transmission,,,,,,,EXPEN06W.TIF,,,,,
EXP,SCH,,002,Ground Distribution,,ZETEC-VCT automatic transmission,,,,,,,EXPEN06V.TIF,,,,,
EXP,SCH,,001,Ground Distribution,,Duratec-VE,,,,,,,EXPEN06U.TIF,,,,,
EXP,IDX,,001,Component Location Charts,Splices,,,,,,,,,,,,,
EXP,IDX,,001,Component Location Charts,Ground points,,,,,,,,,,,,,
EXP,IDX,,001,Component Location Charts,Fuses,,,,,,,,,,,,,
EXP,IDX,,001,Component Location Charts,Connectors,,,,,,,,,,,,,
EXP,IDX,,001,Component Location Charts,Components,,,,,,,,,,,,,
EXP,LOC,,009,Component Location Views,,,,,,,,,EXPEN04Q.TIF,,,,,
EXP,LOC,,008,Component Location Views,,,,,,,,,EXPEN04P.TIF,,,,,
EXP,LOC,,007,Component Location Views,,,,,,,,,EXPEN04O.TIF,,,,,
EXP,LOC,,006,Component Location Views,,,,,,,,,EXPEN04N.TIF,,,,,
EXP,LOC,,005,Component Location Views,,,,,,,,,EXPEN04M.TIF,,,,,
EXP,LOC,,004,Component Location Views,,,,,,,,,EXPEN04L.TIF,,,,,
EXP,LOC,,003,Component Location Views,,,,,,,,,EXPEN04K.TIF,,,,,
EXP,LOC,,002,Component Location Views,,,,,,,,,EXPEN04J.TIF,,,,,
EXP,LOC,,001,Component Location Views,,,,,,,,,EXPEN04I.TIF,,,,,
EXP,CON,,259,Connector Views,C9935,,,,,,,,EXP00077.TIF,,,,,
EXP,CON,,258,Connector Views,C9893,,,,,,,,EXP00076.TIF,,,,,
EXP,CON,,257,Connector Views,C3009,,,,,,,,EXP00075.TIF,,,,,
EXP,CON,,256,Connector Views,C3003,,,,,,,,EXP00074.TIF,,,,,
EXP,CON,,255,Connector Views,C3002,,,,,,,,EXP00073.TIF,,,,,
EXP,CON,,254,Connector Views,C3001,,,,,,,,EXP00072.TIF,,,,,
EXP,CON,,253,Connector Views,C3000,,,,,,,,EXP00071.TIF,,,,,
EXP,CON,,252,Connector Views,C2001,,,,,,,,EXP00070.TIF,,,,,
EXP,CON,,251,Connector Views,C2000,,,,,,,,EXP0006Z.TIF,,,,,
EXP,CON,,250,Connector Views,C1947,,,,,,,,EXP0006Y.TIF,,,,,
EXP,CON,,249,Connector Views,C1946,,,,,,,,EXP0006X.TIF,,,,,
EXP,CON,,248,Connector Views,C1945,,,,,,,,EXP0006W.TIF,,,,,
EXP,CON,,247,Connector Views,C1943,,,,,,,,EXP0006V.TIF,,,,,
EXP,CON,,246,Connector Views,C1942,,,,,,,,EXP0006U.TIF,,,,,
EXP,CON,,245,Connector Views,C1940,,,,,,,,EXP0006T.TIF,,,,,
EXP,CON,,244,Connector Views,C1938,,,,,,,,EXP0006S.TIF,,,,,
EXP,CON,,217,Connector Views,C1905,,,,,,,,EXP00061.TIF,,,,,
EXP,CON,,216,Connector Views,C1904,,,,,,,,EXP00060.TIF,,,,,
EXP,CON,,215,Connector Views,C1903,,,,,,,,EXP0005Z.TIF,,,,,
EXP,CON,,214,Connector Views,C1901,,,,,,,,EXP0005Y.TIF,,,,,
EXP,CON,,213,Connector Views,C1900,,,,,,,,EXP0005X.TIF,,,,,
EXP,CON,,212,Connector Views,C1899,,,,,,,,EXP0005W.TIF,,,,,
EXP,CON,,211,Connector Views,C1898,,,,,,,,EXP0005V.TIF,,,,,
EXP,CON,,210,Connector Views,C1895,,,,,,,,EXP0005U.TIF,,,,,
EXP,CON,,209,Connector Views,C1894,,,,,,,,EXP0005T.TIF,,,,,
EXP,CON,,208,Connector Views,C1893,,,,,,,,EXP0005S.TIF,,,,,
EXP,CON,,207,Connector Views,C1892,,,,,,,,EXP0005R.TIF,,,,,
EXP,CON,,206,Connector Views,C1891b,,,,,,,,EXP0005Q.TIF,,,,,
EXP,CON,,205,Connector Views,C1891a,,,,,,,,EXP0005P.TIF,,,,,
EXP,CON,,204,Connector Views,C1885c,,,,,,,,EXP0005O.TIF,,,,,
EXP,CON,,203,Connector Views,C1885b,,,,,,,,EXP0005N.TIF,,,,,
EXP,CON,,202,Connector Views,C1885a,,,,,,,,EXP0005M.TIF,,,,,
EXP,CON,,201,Connector Views,C1876,,,,,,,,EXP0005L.TIF,,,,,
EXP,CON,,200,Connector Views,C1872,,,,,,,,EXP0005K.TIF,,,,,
EXP,CON,,199,Connector Views,C1869,,,,,,,,EXP0005J.TIF,,,,,
EXP,CON,,198,Connector Views,C1859,,,,,,,,EXP0005I.TIF,,,,,
EXP,CON,,197,Connector Views,C1858,,,,,,,,EXP0005H.TIF,,,,,
EXP,CON,,196,Connector Views,C1856,,,,,,,,EXP0005G.TIF,,,,,
EXP,CON,,195,Connector Views,C1855,,,,,,,,EXP0005F.TIF,,,,,
EXP,CON,,194,Connector Views,C1854,,,,,,,,EXP0005E.TIF,,,,,
EXP,CON,,193,Connector Views,C1853,,,,,,,,EXP0005D.TIF,,,,,
EXP,CON,,192,Connector Views,C1852d,,,,,,,,EXP0005C.TIF,,,,,
EXP,CON,,165,Connector Views,C848,,,,,,,,EXP0004L.TIF,,,,,
EXP,CON,,164,Connector Views,C846,,,,,,,,EXP0004K.TIF,,,,,
EXP,CON,,163,Connector Views,C845,,,,,,,,EXP0004J.TIF,,,,,
EXP,CON,,162,Connector Views,C844,,,,,,,,EXP0004I.TIF,,,,,
EXP,CON,,161,Connector Views,C835b,,,,,,,,EXP0004H.TIF,,,,,
EXP,CON,,160,Connector Views,C835a,,,,,,,,EXP0004G.TIF,,,,,
EXP,CON,,159,Connector Views,C834b,,,,,,,,EXP0004F.TIF,,,,,
EXP,CON,,158,Connector Views,C834a,,,,,,,,EXP0004E.TIF,,,,,
EXP,CON,,157,Connector Views,C833,,,,,,,,EXP0004D.TIF,,,,,
EXP,CON,,156,Connector Views,C831,,,,,,,,EXP0004C.TIF,,,,,
EXP,CON,,155,Connector Views,C830,,,,,,,,EXP0004B.TIF,,,,,
EXP,CON,,154,Connector Views,C829,,,,,,,,EXP0004A.TIF,,,,,
EXP,CON,,153,Connector Views,C827,,,,,,,,EXP00049.TIF,,,,,
EXP,CON,,152,Connector Views,C825,,,,,,,,EXP00048.TIF,,,,,
EXP,CON,,151,Connector Views,C824,,,,,,,,EXP00047.TIF,,,,,
EXP,CON,,150,Connector Views,C823,,,,,,,,EXP00046.TIF,,,,,
EXP,CON,,149,Connector Views,C820,,,,,,,,EXP00045.TIF,,,,,
EXP,CON,,148,Connector Views,C819,,,,,,,,EXP00044.TIF,,,,,
EXP,CON,,147,Connector Views,C818,,,,,,,,EXP00043.TIF,,,,,
EXP,CON,,146,Connector Views,C812,,,,,,,,EXP00042.TIF,,,,,
EXP,CON,,145,Connector Views,C810,,,,,,,,EXP00041.TIF,,,,,
EXP,CON,,144,Connector Views,C808b,,,,,,,,EXP00040.TIF,,,,,
EXP,CON,,143,Connector Views,C808a,,,,,,,,EXP0003Z.TIF,,,,,
EXP,CON,,142,Connector Views,C807,,,,,,,,EXP0003Y.TIF,,,,,
EXP,CON,,141,Connector Views,C803,,,,,,,,EXP0003X.TIF,,,,,
EXP,CON,,140,Connector Views,C801,,,,,,,,EXP0003W.TIF,,,,,
EXP,CON,,113,Connector Views,C708,,,,,,,,EXP00035.TIF,,,,,
EXP,CON,,112,Connector Views,C707,,,,,,,,EXP00034.TIF,,,,,
EXP,CON,,111,Connector Views,C705,,,,,,,,EXP00033.TIF,,,,,
EXP,CON,,110,Connector Views,C703,,,,,,,,EXP00032.TIF,,,,,
EXP,CON,,109,Connector Views,C700,,,,,,,,EXP00031.TIF,,,,,
EXP,CON,,108,Connector Views,C692,,,,,,,,EXP00030.TIF,,,,,
EXP,CON,,107,Connector Views,C691,,,,,,,,EXP0002Z.TIF,,,,,
EXP,CON,,106,Connector Views,C688,,,,,,,,EXP0002Y.TIF,,,,,
EXP,CON,,105,Connector Views,C686,,,,,,,,EXP0002X.TIF,,,,,
EXP,CON,,104,Connector Views,C685,,,,,,,,EXP0002W.TIF,,,,,
EXP,CON,,103,Connector Views,C684,,,,,,,,EXP0002V.TIF,,,,,
EXP,CON,,102,Connector Views,C682,,,,,,,,EXP0002U.TIF,,,,,
EXP,CON,,101,Connector Views,C654,,,,,,,,EXP0002T.TIF,,,,,
EXP,CON,,100,Connector Views,C645,,,,,,,,EXP0002S.TIF,,,,,
EXP,CON,,99,Connector Views,C644,,,,,,,,EXP0002R.TIF,,,,,
EXP,CON,,98,Connector Views,C643,,,,,,,,EXP0002Q.TIF,,,,,
EXP,CON,,97,Connector Views,C642,,,,,,,,EXP0002P.TIF,,,,,
EXP,CON,,96,Connector Views,C641,,,,,,,,EXP0002O.TIF,,,,,
EXP,CON,,95,Connector Views,C493,,,,,,,,EXP0002N.TIF,,,,,
EXP,CON,,94,Connector Views,C492,,,,,,,,EXP0002M.TIF,,,,,
EXP,CON,,93,Connector Views,C491,,,,,,,,EXP0002L.TIF,,,,,
EXP,CON,,92,Connector Views,C490,,,,,,,,EXP0002K.TIF,,,,,
EXP,CON,,91,Connector Views,C489,,,,,,,,EXP0002J.TIF,,,,,
EXP,CON,,90,Connector Views,C470,,,,,,,,EXP0002I.TIF,,,,,
EXP,CON,,89,Connector Views,C469,,,,,,,,EXP0002H.TIF,,,,,
EXP,CON,,88,Connector Views,C465,,,,,,,,EXP0002G.TIF,,,,,
EXP,CON,,61,Connector Views,C364,,,,,,,,EXP0001P.TIF,,,,,
EXP,CON,,60,Connector Views,C363,,,,,,,,EXP0001O.TIF,,,,,
EXP,CON,,59,Connector Views,C362,,,,,,,,EXP0001N.TIF,,,,,
EXP,CON,,58,Connector Views,C361,,,,,,,,EXP0001M.TIF,,,,,
EXP,CON,,57,Connector Views,C360,,,,,,,,EXP0001L.TIF,,,,,
EXP,CON,,56,Connector Views,C334,,,,,,,,EXP0001K.TIF,,,,,
EXP,CON,,55,Connector Views,C333,,,,,,,,EXP0001J.TIF,,,,,
EXP,CON,,54,Connector Views,C332,,,,,,,,EXP0001I.TIF,,,,,
EXP,CON,,53,Connector Views,C331,,,,,,,,EXP0001H.TIF,,,,,
EXP,CON,,52,Connector Views,C330,,,,,,,,EXP0001G.TIF,,,,,
EXP,CON,,51,Connector Views,C320,,,,,,,,EXP0001F.TIF,,,,,
EXP,CON,,50,Connector Views,C283,,,,,,,,EXP0001E.TIF,,,,,
EXP,CON,,49,Connector Views,C282,,,,,,,,EXP0001D.TIF,,,,,
EXP,CON,,48,Connector Views,C272,,,,,,,,EXP0001C.TIF,,,,,
EXP,CON,,47,Connector Views,C246,,,,,,,,EXP0001B.TIF,,,,,
EXP,CON,,46,Connector Views,C240,,,,,,,,EXP0001A.TIF,,,,,
EXP,CON,,45,Connector Views,C238,,,,,,,,EXP00019.TIF,,,,,
EXP,CON,,44,Connector Views,C236,,,,,,,,EXP00018.TIF,,,,,
EXP,CON,,43,Connector Views,C171,,,,,,,,EXP00017.TIF,,,,,
EXP,CON,,42,Connector Views,C151,,,,,,,,EXP00016.TIF,,,,,
EXP,CON,,41,Connector Views,C150,,,,,,,,EXP00015.TIF,,,,,
EXP,CON,,40,Connector Views,C149,,,,,,,,EXP00014.TIF,,,,,
EXP,CON,,39,Connector Views,C148,,,,,,,,EXP00013.TIF,,,,,
EXP,CON,,38,Connector Views,C146,,,,,,,,EXP00012.TIF,,,,,
EXP,CON,,37,Connector Views,C143,,,,,,,,EXP00011.TIF,,,,,
EXP,CON,,36,Connector Views,C141,,,,,,,,EXP00010.TIF,,,,,
EXP,CON,,8,Connector Views,C53,,,,,,,,EXP00008.TIF,,,,,
EXP,CON,,7,Connector Views,C52,,,,,,,,EXP00007.TIF,,,,,
EXP,CON,,6,Connector Views,C51,,,,,,,,EXP00006.TIF,,,,,
EXP,CON,,5,Connector Views,C50,,,,,,,,EXP00005.TIF,,,,,
EXP,CON,,4,Connector Views,C23,,,,,,,,EXP00004.TIF,,,,,
EXP,CON,,3,Connector Views,C22,,,,,,,,EXP00003.TIF,,,,,
EXP,CON,,2,Connector Views,C21,,,,,,,,EXP00002.TIF,,,,,
EXP,CON,,1,Connector Views,C20,,,,,,,,EXP00001.TIF,,,,,
EXP,COD,,001,Vehicle Repair Location Charts,,,,,,,,,EXPEN07Q.TIF,,,,,
EXP,TST,,008,Component Testing,,Combination switch,,,,,,,EXPEN07Y.TIF,,,,,
EXP,TST,,007,Component Testing,,Combination switch,,,,,,,EXPEN07X.TIF,,,,,
EXP,TST,,006,Component Testing,,Combination switch,,,,,,,EXPEN07W.TIF,,,,,
EXP,TST,,005,Component Testing,,,,,,,,,EXPEN07V.TIF,,,,,
EXP,TST,,004,Component Testing,,,,,,,,,EXPEN07U.TIF,,,,,
EXP,TST,,003,Component Testing,,,,,,,,,EXPEN07T.TIF,,,,,
EXP,TST,,002,Component Testing,,,,,,,,,EXPEN07S.TIF,,,,,
EXP,TST,,001,Component Testing,,Introduction/Ignition switch,,,,,,,EXPEN07R.TIF,,,,,
