EVTM,NAME,QUALIFIER,LOCATION,LOCPAGE,ZONE,CONN_CELL,CONN_PAGE,HCCF_CELL,HCCF_PAGE,COLOR,TERMINAL,ITEMID_,SORT,FREQUENCY
"ETA","C100",,"RH side of trunk Top of engine, on fuel rail","011","C1",,,,,"BK","4",,,
"ETA","C101",,"LH rear of engine compartment, below brake fluid reservoir","003","A6",,,"150","001",,"16",,,
"ETA","C102",,"LH rear corner of engine compartment, rear of wheel well","003","A10",,,"150","001",,"16",,,
"ETA","C103",,"LH rear corner of engine compartment, rear of wheel well","003","B10",,,,,"BK","4",,,
"ETA","C104",,"LH rear corner of engine compartment, rear of wheel well","003","A10",,,,,,"4",,,
"ETA","C105",,"LH rear of engine compartment","002","A7",,,,,"BK","4",,,
"ETA","C106",,"RH side of engine compartment, behind engine compartment fuse box","001","D1",,,,,"GY","4",,,
"ETA","C107",,"RH rear of engine compartment","003","A2",,,"150","002",,"16",,,
"ETA","C108",,"Rear center of engine compartment, on evaporative emission (EVAP) Canister Purge Valve","002","A5",,,,,,"2",,,
"ETA","C109",,"Front of engine compartment, on cooling fan","002","F5",,,,,"BK","2",,,
"ETA","C110",,"LH side of engine compartment, inside relay center","001","B10",,,"021","003","BK","17",,,
"ETA","C111",,"RH side of transmission, on 4R70W transmission","004","F10",,,"029","004",,"10",,,
"ETA","C112",,"LH rear of transmission, on output shaft speed sensor","004","F7",,,,,"BK","2",,,
"ETA","C113",,"On top of engine","011","A3",,,,,,"2",,,
"ETA","C114",,"On top of engine","011","A4",,,,,,"2",,,
"ETA","C115",,"Lower LH front of engine compartment, on evac and fill connector","001","C10",,,"042","005",,"8",,,
"ETA","C116",,"On top of engine","011","A1",,,,,,"4",,,
"ETA","C117",,"Inside front of LH front fender","003","E10",,,,,"BK","4",,,
"ETA","C118",,"Inside front of RH front fender","003","F3",,,,,"BK","4",,,
"ETA","C119",,"LH rear corner of engine compartment, rear of wheel well","003","B10",,,"150","002",,"16",,,
"ETA","C120",,"LH rear corner of engine compartment, rear of wheel well","003","B10",,,,,,"4",,,
"ETA","C121",,"LH side of engine compartment, near octain adjust plug",,,,,"150","004","GY","16",,,
"ETA","C123",,"Right rear of engine compartment","003","A2",,,,,,"4",,,
"ETA","C124",,"Front of engine compartment","011","F3",,,,,,"60",,,
"ETA","C127",,"LH rear of engine compartment, below brake fluid reservoir","011","A5",,,"150","003",,"42",,,
"ETA","C150",,"RH side of engine compartment, on A/C high pressure cut out switch","002","D1",,,,,"BK","4",,,
"ETA","C151",,"Top LH side of safety wall, on windshield wiper motor","001","A7",,,"081","003","BK","7",,,
"ETA","C153",,"Top front of engine, on generator voltage regulator","001","F6",,,,,"GY","1",,,
"ETA","C154",,"Top front of engine, on generator voltage regulator","001","F6",,,,,"BK","3",,,
"ETA","C155",,"RH rear of engine compartment, on A/C clutch cycling pressure switch","003","A3",,,,,"BK","4",,,
"ETA","C156",,"Lower RH front of engine, on A/C compressor clutch","001","E1",,,,,"BK","2",,,
"ETA","C157",,"LH front of engine compartment, on intake air temperature (IAT) sensor","002","E10",,,,,"BK","2",,,
"ETA","C158",,"Lower LH front of engine compartment, on air suspension compressor motor and vent solenoid","003","C10",,,,,"BK","4",,,
"ETA","C160",,"Center front of vehicle, on ambient temperature sensor","001","F4",,,,,"BR","2",,,
"ETA","C162",,"LH front of vehicle, on anti-lock brake module","001","F7",,,"042","004","GY","28",,,
"ETA","C166",,"Top RH center of safety wall, on blower motor resistor assembly","001","A3",,,,,"BK","4",,,
"ETA","C167",,"Top RH side of safety wall, on blower motor","003","A1",,,,,"BK","2",,,
"ETA","C168",,"LH side of transmission, on transmission range (TR) sensor","004","F6",,,"093","002","BK","8",,,
"ETA","C169",,"Top RH center of safety wall, on blower motor speed controller","001","A3",,,"055","006","GY","5",,,
"ETA","C170",,"LH rear of engine compartment, on brake fluid level switch","001","A8",,,,,"GY","3",,,
"ETA","C171",,"Lower LH side of engine compartment, below air cleaner assembly","001","D10",,,,,"BK","2",,,
"ETA","C172",,"Lower RH side of engine compartment, below battery","002","E1",,,,,"BK","2",,,
"ETA","C175","Digital Cluster","Top RH front of engine, on engine coolant temperature sender","001","A6",,,,,"BR","2",,,
"ETA","C177",,"Lower RH front of engine, on crankshaft position (CKP) sensor","003","B1",,,,,,"2",,,
"ETA","C178",,"LH front of engine, on camshaft position (CMP) sensor","002","F7",,,,,,"2",,,
"ETA","C179",,"Top center rear of engine, on EGR vacuum regulator (EVR) solenoid","003","A5",,,,,"BK","2",,,
"ETA","C180","With Daytime Running Lamps (DRL)","Center front of vehicle, on daytime running lamps (DRL) module","001","F5",,,"097","004","BK","8",,,
"ETA","C180","Without Daytime Running Lamps (DRL)","Center front of vehicle, on DRL module jumper","001","F5",,,"097","004","BK","8",,,
"ETA","C181",,"Center rear of engine, on differential pressure feedback EGR (DPFE) sensor","002","A6",,,,,"BK","3",,,
"ETA","C183",,"Top LH front of engine, on engine coolant temperature (ECT) sensor","002","F6",,,,,"BR","2",,,
"ETA","C184",,"Lower LH front of engine compartment, on EVO actuator","001","C10",,,,,"BK","2",,,
"ETA","C185","Gasoline","LH rear of engine compartment, on powertrain control module (PCM)","002","A9",,,"023","008","GY","104",,,
"ETA","C187",,"LH side of engine compartment","002","D10",,,,,"BK","2",,,
"ETA","C189","Analog Cluster","Top RH front of engine, taped to harness","011","B1",,,,,"BK","1",,,
"ETA","C190",,"Top of cylinder #1, on fuel injector #1","002","C1",,,,,"BK","2",,,
"ETA","C191",,"Top of cylinder #2, on fuel injector #2","002","C1",,,,,"BK","2",,,
"ETA","C192",,"Top of cylinder #3, on fuel injector #3","002","C1",,,,,"BK","2",,,
"ETA","C193",,"Top of cylinder #4, on fuel injector #4","002","C1",,,,,"BK","2",,,
"ETA","C194",,"Top of cylinder #5, on fuel injector #5","002","C1",,,,,"BK","2",,,
"ETA","C195",,"Top of cylinder #6, on fuel injector #6","002","C1",,,,,"BK","2",,,
"ETA","C196",,"Top of cylinder #7, on fuel injector #7","002","C1",,,,,"BK","2",,,
"ETA","C197",,"Top of cylinder #8, on fuel injector #8","002","C1",,,,,"BK","2",,,
"ETA","C200",,"Behind RH cowl panel","006","F2",,,,,"BL","1",,,
"ETA","C201",,"Bottom of steering column, on shift lock actuator","005","F7",,,,,,"3",,,
"ETA","C202",,"Bottom of steering column, on transmission control switch","006","F8",,,,,,"2",,,
"ETA","C203",,"Behind RH cowl panel, on connector bracket","004","D10",,,"150","004","GY","14",,,
"ETA","C206",,"Behind LH cowl panel, on connector bracket","004","D1",,,"150","004","BK","16",,,
"ETA","C208",,"At base of LH ""A"" pillar",,,,,,,,"1",,,
"ETA","C209",,"At base of RH ""A"" pillar",,,,,,,,"1",,,
"ETA","C210",,"Behind top RH side of I/P, on sunload sensor","006","A2",,,,,,"2",,,
"ETA","C211",,"Behind LH cowl panel, on connector bracket","004","D1",,,"150","005",,"16",,,
"ETA","C212",,"Behind RH cowl panel, on connector bracket","004","D10",,,"150","005","BK","12",,,
"ETA","C213",,"Behind RH side of I/P, near grommet",,,,,,,"GY","3",,,
"ETA","C214",,"Behind RH side of I/P, on EVO steering module","010","F7",,,"043","003","GY","14",,,
"ETA","C215",,"Behind RH side of I/P, on air suspension/EVO steering module","005","B1",,,"041","003","W","13",,,
"ETA","C216",,"Behind RH side of I/P, on air suspension/EVO steering module","005","B1",,,"041","003","W","13",,,
"ETA","C218",,"Behind RH side of I/P, on connector bracket",,,,,,,"GY","4",,,
"ETA","C219",,"Behind RH cowl panel, on connector bracket","004","C10",,,"150","006","BL","6",,,
"ETA","C222",,"Behind LH side of I/P","004","A2",,,,,"BK","4",,,
"ETA","C223",,"Behind LH cowl panel, on connector bracket","004","F3",,,,,,"3",,,
"ETA","C224",,"Behind RH side of I/P, on connector bracket, near grommet","004","E10",,,"150","006","GY","8",,,
"ETA","C226",,"Behind RH side of I/P, on connector bracket, near grommet","004","A6",,,,,"GY","3",,,
"ETA","C227",,"Behind center of I/P, on EATC control module","006","F4",,,"055","005","BK","13",,,
"ETA","C228",,"Behind center of I/P, on EATC control module","006","F4",,,"055","005","BK","13",,,
"ETA","C234",,"LH rear of engine compartment, inside speed control servo assembly","001","A9",,,"031","003",,"10",,,
"ETA","C235",,"LH rear of engine compartment, on brake pressure switch","003","A7",,,,,"BK","2",,,
"ETA","C236",,"Lower RH side of steering column, on connector bracket","005","F6",,,,,"GY","3",,,
"ETA","C237",,"Top of steering column, near drivers air bag","004","A5",,,,,"BK","3",,,
"ETA","C238",,"Top of steering column, below steering wheel",,,,,,,,"4",,,
"ETA","C243",,"Behind I/P, left of steering column","004","A4",,,,,"GY","6",,,
"ETA","C245",,"Behind RH cowl panel, on connector bracket","004","D10",,,"150","009","BK","14",,,
"ETA","C246",,"Behind RH side of I/P","005","D1",,,,,"BL","3",,,
"ETA","C247",,"Behind RH side of I/P","005","D1",,,,,"R","3",,,
"ETA","C249",,"Behind LH side of I/P, on headlamp dimmer switch","005","D10",,,"013","018","BK","8",,,
"ETA","C250","Analog","Behind top LH side of I/P, on instrument cluster (Analog)","005","A6",,,"060","007",,"16",,,
"ETA","C251","Analog","Behind top LH side of I/P, on instrument cluster (Analog)","006","C10",,,"060","007",,"16",,,
"ETA","C254","Digital","Behind top LH side of I/P, on instrument cluster (Digital)","006","A8",,,"063","006",,"16",,,
"ETA","C255","Digital","Behind top LH side of I/P, on instrument cluster (Digital)","006","A8",,,"063","006",,"20",,,
"ETA","C256","Digital","Behind top LH side of I/P, on instrument cluster (Digital)","006","A8",,,"063","006",,"12",,,
"ETA","C257","M100","Behind center of I/P, on front control unit","006","F7",,,"130","005",,"8",,,
"ETA","C258","M100","Behind center of I/P, on front control unit","006","F7",,,"130","005","BK","8",,,
"ETA","C259","LUX","Behind center of I/P, on front control unit","006","F7",,,"130","006",,"8",,,
"ETA","C260",,"Behind RH cowl panel","004","C10",,,,,,"2",,,
"ETA","C261",,"Behind RH side of I/P, foward of connector brackets","006","E1",,,,,,"10",,,
"ETA","C262",,"Behind LH side of I/P, on main light switch","005","D10",,,"013","018","GY","12",,,
"ETA","C264",,"Behind top LH side of I/P, on message center switch assembly","005","A7",,,"063","007",,"8",,,
"ETA","C268",,"Top LH side of steering column, on multi-function switch","005","B10",,,"090","004","GY","10",,,
"ETA","C269",,"Top LH side of steering column, on multi-function switch","005","B10",,,"090","004",,"7",,,
"ETA","C276",,"Behind RH side of I/P, on air bag diagnostic module","005","C1",,,"046","003","BK","12",,,
"ETA","C277",,"Behind RH side of I/P, on air bag diagnostic module","005","C1",,,"046","003","GY","12",,,
"ETA","C282","without EATC","Behind RH side of I/P, on blend door actuator","004","A8",,,"054","004","BK","8",,,
"ETA","C283",,"Lower RH side of steering column, on connector bracket","005","F6",,,,,"GY","4",,,
"ETA","C286",,"Top LH side of I/P, on day/night sensor/amplifier","005","A8",,,"087","003","BR","5",,,
"ETA","C292",,"RH side of steering column, on ignition switch","005","E10",,,"013","019",,"15",,,
"ETA","C293",,"Behind top center of I/P, on in-car temperature sensor","006","A5",,,,,"BK","2",,,
"ETA","C294",,"Behind LH side of I/P, on wiper control module","006","F5",,,"081","003","GY","14",,,
"ETA","C296",,"Behind LH side of I/P, on park brake switch","004","D1",,,,,,"1",,,
"ETA","C298",,"Under LH side of I/P, on fuse panel","006","F9",,,,,"W","1",,,
"ETA","C299",,"Top center of I/P, on trunk lid release switch",,,,,,,,"2",,,
"ETA","C302",,"Under LH front seat, on drivers seat module",,,,,"123","003",,"16",,,
"ETA","C303",,"Under LH front seat, on drivers seat module",,,,,"123","003",,"20",,,
"ETA","C304",,"Below LH front seat assembly, near seat belt switch","007","A10",,,,,"GY","2",,,
"ETA","C307",,"Under RH front seat assembly","007","B1",,,"150","007","GY","12",,,
"ETA","C308",,"Under LH front seat assembly","007","C9",,,"150","008","GY","12",,,
"ETA","C309",,"LH rear of LH front seat assembly, on recliner position sensor","007","E10",,,,,,"3",,,
"ETA","C311",,"Below LH front seat assembly, near seat switch","007","C10",,,,,"GY","2",,,
"ETA","C312",,"Under LH front seat assembly","007","E9",,,"150","008","BK","10",,,
"ETA","C318",,"Under LH front seat, on drivers seat module","007","E1",,,"123","004","N","16",,,
"ETA","C319",,"Under LH front seat, on drivers seat module","007","E1",,,"123","004","BK","2",,,
"ETA","C320",,"Under LH front seat, near front height position sensor","007","E1",,,,,,"3",,,
"ETA","C321",,"Under LH front seat, near rear height position sensor","007","D1",,,,,,"3",,,
"ETA","C322",,"Under LH front seat, near horizontal position sensor","007","D1",,,,,,"3",,,
"ETA","C323",,"Center of RH ""A"" pillar","004","A10",,,,,"GY","3",,,
"ETA","C324",,"Top center of rear package tray, on high mount stop lamp assembly","009","A6",,,,,"BR","2",,,
"ETA","C325","with Power Recliner/Lumbar","Under LH front seat assembly, on connector bracket","007","D9",,,"120","005","BR","6",,,
"ETA","C326",,"Under RH front seat assembly, on connector bracket","007","B1",,,"120","005",,"6",,,
"ETA","C327","W/O Power Recliner","Under LH front seat assembly, on connector bracket",,,,,"120","004","GY","8",,,
"ETA","C329",,"In LH rear of LH front seat assembly, near drivers recliner motor","007","C9",,,,,"GY","2",,,
"ETA","C330",,"In RH rear of RH front seat assembly, near passengers recliner motor","007","A1",,,,,"GY","2",,,
"ETA","C331",,"Under LH front seat assembly, on connector bracket",,,,,"120","005","GY","2",,,
"ETA","C332",,"Under RH front seat assembly, on lumbar switch","007","C1",,,"120","005","GY","2",,,
"ETA","C333",,"Under front of LH front seat assembly, on drivers power lumbar compressor","007","E1",,,,,"BK","2",,,
"ETA","C334",,"Under front of RH front seat assembly, on passengers power lumbar compressor","007","C1",,,,,"BK","2",,,
"ETA","C403",,"LH rear of trunk, on support","008","F8",,,"150","009","BR","6",,,
"ETA","C405",,"LH rear of trunk","009","F8",,,,,"BK","4",,,
"ETA","C406",,"RH rear of trunk","009","E10",,,,,"BK","4",,,
"ETA","C407",,"RH side of trunk","008","B10",,,,,,"1",,,
"ETA","C408",,"LH front of trunk, on LH side of trunk lid hinge support","008","B10",,,"150","009","GY","8",,,
"ETA","C410",,"Below center of rear package tray",,,,,,,"GY","2",,,
"ETA","C411",,"RH side of trunk","008","D10",,,,,,"4",,,
"ETA","C413",,"RH front of trunk",,,,,,,,,,,
"ETA","C414",,"On fuel tank assembly","011","F5",,,,,"BK","2",,,
"ETA","C415",,"On fuel tank assembly","011","F6",,,,,"BK","2",,,
"ETA","C416",,"On fuel tank assembly","011","C10",,,,,"BK","2",,,
"ETA","C417",,"On fuel tank assembly","011","F9",,,,,"BK","2",,,
"ETA","C418",,"On fuel tank assembly",,,,,,,"BK","2",,,
"ETA","C419",,"On fuel tank assembly","011","F8",,,,,"BK","2",,,
"ETA","C420",,"LH rear of vehicle, LH side of trunk","011","F7",,,,,"GY","2",,,
"ETA","C421",,"LH rear of vehicle, LH side of trunk","011","E10",,,,,"GY","8",,,
"ETA","C422",,"On fuel tank assembly","011","B10",,,,,,"4",,,
"ETA","C450",,"RH front of trunk, on rear chassis unit",,,,,,,,"13",,,
"ETA","C451",,"RH front of trunk, on rear chassis unit","010","D10",,,"130","007",,"13",,,
"ETA","C452",,"RH front of trunk, on rear chassis unit","010","D10",,,"130","006",,"14",,,
"ETA","C453",,"Rear of vehicle, in trunk",,,,,,,,"4",,,
"ETA","C457",,"LH front of trunk, near grommet","008","F8",,,"150","010","GY","8",,,
"ETA","C458",,"RH side of trunk, on air suspension switch","008","C10",,,,,"W","3",,,
"ETA","C459",,"RH side of trunk","008","D10",,,"041","004","GY","6",,,
"ETA","C461",,"LH front of trunk, near left rear brake sensor grommet","009","F4",,,,,"BK","2",,,
"ETA","C462",,"RH front of trunk, near right front brake sensor grommet","009","E10",,,,,"BK","2",,,
"ETA","C463",,"LH side of trunk, on fuel filler door release solenoid","010","F7",,,,,"GY","2",,,
"ETA","C464",,"Below rear of car, on fuel pump/fuel gauge sender","008","F9",,,,,"BK","4",,,
"ETA","C466",,"LH side of trunk, on inertia fuel shut-off switch","008","F7",,,,,"GY","3",,,
"ETA","C467",,"Below RH rear of vehicle, on right rear air spring solenoid","008","C10",,,,,"BK","2",,,
"ETA","C468",,"Below LH rear of vehicle, on linear height sensor","008","F9",,,,,"GY","4",,,
"ETA","C470",,"Under LH side of rear package tray, on subwoofer amplifier","010","B10",,,,,"GY","2",,,
"ETA","C471","W/O Police","LH side of trunk, on trailer adapter relays","009","F5",,,"095","003",,"20",,,
"ETA","C471","W/Police","LH side of trunk, on emergency flasher relays","010","F8",,,,,,"10",,,
"ETA","C477",,"Center rear of trunk lid, on trunk lid switch","009","A7",,,,,,"2",,,
"ETA","C478",,"Center rear of trunk lid, on trunk lid release solenoid/ajar switch","010","D10",,,,,"GY","3",,,
"ETA","C479",,"Center rear of trunk lid, on trunk lid lamp","010","C10",,,,,"BR","2",,,
"ETA","C480",,"LH rear of vehicle, on left rear park/stop/turn lamp","009","F7",,,,,"BK","3",,,
"ETA","C481",,"LH rear of vehicle, on left rear park/stop/turn lamp","009","F7",,,,,"BK","3",,,
"ETA","C482",,"RH rear of vehicle, on right rear park/stop/turn lamp","009","C10",,,,,"BK","3",,,
"ETA","C483",,"RH rear of vehicle, on right rear park/stop/turn lamp","009","C10",,,,,"BK","3",,,
"ETA","C484","Crown Victoria","LH rear of vehicle, on left backup lamp","009","F10",,,,,"BK","2",,,
"ETA","C484","Grand Marquis","LH rear of trunk lid, on left backup lamp","009","A8",,,,,,"2",,,
"ETA","C485","Crown Victoria","RH rear of vehicle, on right backup lamp","009","D10",,,,,"BK","2",,,
"ETA","C485","Grand Marquis","RH rear of trunk lid, on right backup lamp","009","B10",,,,,,"2",,,
"ETA","C486",,"Center rear of vehicle, on left license lamp","009","E10",,,,,"BK","2",,,
"ETA","C487",,"Center rear of vehicle, on right license lamp","009","E10",,,,,"BK","2",,,
"ETA","C488",,"Under LH side of rear package tray, on left rear speaker","010","F6",,,,,"GY","2",,,
"ETA","C489",,"Under RH side of rear package tray, on right rear speaker","010","B10",,,,,"GY","2",,,
"ETA","C490",,"Under LH side of rear package tray, on subwoofer amplifier","010","B10",,,,,,"3",,,
"ETA","C492",,"Below LH rear of vehicle, on left rear air spring solenoid","008","F5",,,,,"BK","2",,,
"ETA","C495",,"RH rear of vehicle, on left rear running lamp","009","F9",,,,,"BK","2",,,
"ETA","C496",,"RH rear of vehicle, on right rear running lamp","009","D10",,,,,"BK","2",,,
"ETA","C497",,"RH front of trunk, on rear chassis unit",,,,,,,,"6",,,
"ETA","C500",,"In top rear of LH front door, on left front door latch switch","010","D1",,,"111","006","GY","1",,,
"ETA","C501",,"In center of LH front door, on trunk lid release switch","010","E1",,,,,"GY","2",,,
"ETA","C502",,"In lower rear of LH front door, on left front door lock motor","008","E1",,,,,"N","2",,,
"ETA","C503",,"In center of LH front door, on master window/door lock control switch","010","C1",,,"100","005",,"20",,,
"ETA","C504",,"In top rear of LH front door, on left front door handle switch","009","D1",,,,,"BK","1",,,
"ETA","C505",,"In center of LH front door","009","D1",,,"111","004","GY","8",,,
"ETA","C506",,"In center of LH front door, on fuel filler door release switch","010","D1",,,,,"GY","2",,,
"ETA","C507",,"In center of LH front door, on one touch window down module","008","B1",,,"100","006","N","5",,,
"ETA","C508",,"In top front of LH front door, near left power mirror","009","A2",,,,,"GY","6",,,
"ETA","C509",,"In center of LH front door",,,,,"150","010","GY","8",,,
"ETA","C510",,"In lower front of LH front door, on left front window motor","010","A4",,,,,"GY","2",,,
"ETA","C511",,"In top rear of LH front door, near left lock cylinder lamp","008","D1",,,,,"BR","2",,,
"ETA","C512",,"In lower rear of LH front door, on left front door courtesy lamp","009","F2",,,,,"BK","2",,,
"ETA","C513",,"In top front of LH front door, on left front door speaker","010","B1",,,,,"GY","2",,,
"ETA","C514",,"In center of LH front door","009","D1",,,"150","011","GY","8",,,
"ETA","C515",,"In center of LH front door","009","C1",,,"150","011","GN","8",,,
"ETA","C516","W/Power Recliner","In center of LH front door, on drivers seat control switch","008","D1",,,"120","004","GY","12",,,
"ETA","C518",,"In center of LH front door, on drivers door module","009","F3",,,"057","004",,"12",,,
"ETA","C519",,"In center of LH front door, on drivers door module","009","F3",,,"057","004",,"18",,,
"ETA","C520",,"In center of LH front door, on drivers door module","009","F3",,,"057","005",,"4",,,
"ETA","C521",,"In front of LH front door, on memory switch","008","E1",,,,,"BR","6",,,
"ETA","C522",,"In LH front door, on left front door latch switch",,,,,,,,"1",,,
"ETA","C550",,"In center of LH front door, near power mirror switch","008","C1",,,"124","002","GY","8",,,
"ETA","C600",,"In top rear of RH front door, on right front door latch switch","010","A7",,,,,"GY","1",,,
"ETA","C602",,"In lower rear of RH front door, on right front door lock motor","008","A6",,,,,"N","2",,,
"ETA","C604",,"In top rear of RH front door, on right front door handle switch","008","A4",,,,,"BK","1",,,
"ETA","C606",,"In center of RH front door, on right front window/door lock control switch","010","A6",,,"100","004",,"14",,,
"ETA","C608",,"In top front of RH front door, near power mirror","009","A4",,,,,"BR","6",,,
"ETA","C610",,"In lower front of RH front door, on right front window motor","010","A4",,,,,"GY","2",,,
"ETA","C611",,"In top rear of RH front door, near right lock cylinder lamp","008","A3",,,,,"BR","2",,,
"ETA","C612",,"In lower rear of RH front door, on right front door courtesy lamp","010","A8",,,,,"BK","2",,,
"ETA","C613",,"In top front of RH front door, on right front door speaker","010","A5",,,,,"GY","2",,,
"ETA","C616",,"In center of RH front door, on seat switch",,,,,"120","004","GY","12",,,
"ETA","C617",,"In RH front door",,,,,,,,"1",,,
"ETA","C700",,"In top rear of LH rear door, on left rear door latch switch","010","F3",,,,,"GY","1",,,
"ETA","C701",,"In LH rear door",,,,,,,,"1",,,
"ETA","C702",,"In rear of LH rear door, on left rear door lock motor","008","F2",,,,,"N","2",,,
"ETA","C706",,"In center of LH rear door, on left rear window control switch","010","F3",,,"100","006",,"7",,,
"ETA","C710",,"In center of LH rear door, near left rear window motor","008","F3",,,,,"GY","2",,,
"ETA","C800",,"In top rear of RH rear door, on right rear door latch switch","010","A10",,,,,"GY","1",,,
"ETA","C801",,"In RH rear door",,,,,,,,"1",,,
"ETA","C802",,"In rear of RH rear door, on right rear door lock motor","008","A8",,,,,"N","2",,,
"ETA","C806",,"In center of RH rear door, on right rear window control switch","010","A9",,,"100","006",,"7",,,
"ETA","C810",,"In center of RH rear door, near right rear window motor","008","A8",,,,,"GY","2",,,
"ETA","C900",,"In center of windshield header","004","A3",,,,,"BK","3",,,
"ETA","C901",,"Above front of headliner","008","A1",,,,,"BR","2",,,
"ETA","C907",,"Center of headliner, on front dome/reading lamp","009","A6",,,,,"GY","3",,,
"ETA","C908",,"In center rear of headliner, on rear dome/reading lamp","009","F3",,,,,,"3",,,
"ETA","C909",,"In LH side of windshield header, near left vanity lamp","009","A3",,,,,"N","1",,,
"ETA","C910",,"In RH side of windshield header, near right vanity lamp","009","A5",,,,,"N","1",,,
"ETA","C1000",,"LH front of vehicle, on horn assembly","001","F8",,,,,,"2",,,
"ETA","C1003",,"Center rear of engine, on idle air control (IAC) valve","003","F6",,,,,"BK","2",,,
"ETA","C1004",,"LH front of vehicle, near left primary crash sensor","003","F7",,,,,"N","4",,,
"ETA","C1005",,"RH front of vehicle, near right primary crash sensor","003","F5",,,,,"N","4",,,
"ETA","C1006",,"Lower LH rear of engine, near left heated oxygen sensor (HO2S)","002","B10",,,,,"N","4",,,
"ETA","C1007",,"Lower RH rear of engine, near right heated oxygen sensor (HO2S)","002","A4",,,,,"N","4",,,
"ETA","C1008",,"Top LH front of engine, on left ignition coil","002","F7",,,,,"BK","3",,,
"ETA","C1009",,"Top RH front of engine, on right ignition coil","002","F4",,,,,"BK","3",,,
"ETA","C1010",,"LH front of engine, below left radio noise capacitor","002","F9",,,,,"GY","1",,,
"ETA","C1011",,"RH front of engine, below right radio noise capacitor","002","F3",,,,,"GY","1",,,
"ETA","C1012",,"LH front of engine compartment, on mass air flow (MAF) sensor","002","F10",,,,,,"6",,,
"ETA","C1013",,"LH side of engine compartment, on octane adjust plug","002","D10",,,,,"BK","2",,,
"ETA","C1014",,"Lower LH side of engine, on engine oil pressure switch","001","E10",,,,,"BK","1",,,
"ETA","C1018",,"Lower RH rear of engine, on starter motor/solenoid","002","B1",,,,,,"1",,,
"ETA","C1019",,"Top center rear of engine, on throttle position (TP) sensor","002","E10",,,,,"BK","3",,,
"ETA","C1020",,"LH rear of transmission, on vehicle speed sensor (VSS)","004","F8",,,,,"BK","2",,,
"ETA","C1021",,"LH front of engine compartment, on windshield washer low fluid switch","003","D10",,,,,"BK","2",,,
"ETA","C1022",,"LH front of engine compartment, on windshield washer pump","003","D10",,,,,"BK","2",,,
"ETA","C1024",,"LH front of vehicle, on left cornering lamp","003","F10",,,,,,"2",,,
"ETA","C1025",,"RH front of vehicle, on right cornering lamp","003","F2",,,,,,"2",,,
"ETA","C1026",,"LH front of vehicle, on left front park/turn/side marker lamp","001","F8",,,,,"BK","3",,,
"ETA","C1027",,"RH front of vehicle, on right front park/turn/side marker lamp","001","F3",,,,,"BK","3",,,
"ETA","C1028","Grand Marquis","LH front of vehicle, on left front side marker lamp","003","E10",,,,,"BK","2",,,
"ETA","C1029","Grand Marquis","RH front of vehicle, on right front side marker lamp","003","E1",,,,,"BK","2",,,
"ETA","C1030",,"LH front of vehicle, on left lo beam headlamp","003","F9",,,,,,"2",,,
"ETA","C1031",,"RH front of vehicle, on right lo beam headlamp","003","F3",,,,,,"3",,,
"ETA","C1032",,"LH front of vehicle, on left hi beam headlamp","003","F8",,,,,,"2",,,
"ETA","C1033",,"RH front of vehicle, on right hi beam headlamp","003","F4",,,,,,"2",,,
"ETA","C1036","Grand Marquis","LH front of vehicle, on left front park/turn lamp","001","F10",,,,,"BK","3",,,
"ETA","C1037","Grand Marquis","RH front of vehicle, on right front park/turn lamp","001","F2",,,,,"BK","3",,,
"ETA","C1038",,"RH rear of engine compartment, on front flasher","001","A1",,,,,,,,,
"ETA","C1039",,"Rear of catalyst, near left heated oxygen sensor (HO2S)","004","F9",,,,,"N","4",,,
"ETA","C1040",,"Rear of catalyst, near right heated oxygen sensor (HO2S)","004","E10",,,,,"N","4",,,
"ETA","C2000",,"Behind center of I/P, on rear window defrost control","005","C10",,,"056","002",,"4",,,
"ETA","C2001",,"Lower RH side of steering column, on connector bracket","005","F7",,,,,"GY","4",,,
"ETA","C2002",,"Behind LH side of I/P, on brake on/off (BOO) switch","004","F4",,,"090","005","BK","2",,,
"ETA","C2004",,"Behind top LH side of I/P, on warning lamps module","005","C10",,,"065","003","BK","8",,,
"ETA","C2005",,"Behind RH side of I/P","005","F3",,,,,"GY","3",,,
"ETA","C2006",,"Behind RH side of I/P, on auxiliary power","006","F3",,,,,,"2",,,
"ETA","C2007",,"Under LH side of I/P, on left I/P courtesy lamp","005","F8",,,,,"BK","2",,,
"ETA","C2008",,"Under RH side of I/P, on right I/P courtesy lamp","004","E10",,,,,"BK","2",,,
"ETA","C2009",,"Behind top center of I/P, on clock","006","A6",,,"044","003","BK","8",,,
"ETA","C2010",,"Behind RH side of I/P, near passengers air bag","006","A3",,,,,"BK","3",,,
"ETA","C2011",,"Center of I/P, on I/P cigar lighter lamp",,,,,,,"BK","2",,,
"ETA","C2012",,"Behind center of I/P, on A/C-heater mode switch Illumination","005","F4",,,,,,"3",,,
"ETA","C2013",,"Behind center of I/P, on I/P cigar lighter",,,,,,,,"1",,,
"ETA","C2015",,"Behind center of I/P, on I/P cigar lighter",,,,,,,"BK","1",,,
"ETA","C2016",,"Behind RH side of I/P, in glove box, on glove box lamp","005","B1",,,,,"GY","1",,,
"ETA","C2018",,"Behind center of I/P, on A/C-heater mode switch","005","E1",,,"054","004","W","4",,,
"ETA","C2019",,"Behind center of I/P, on blower motor switch","005","A10",,,,,"BK","4",,,
"ETA","C2020",,"Behind center of I/P, on temperature control potentiometer","005","F2",,,,,,"3",,,
"ETA","C2021",,"Behind LH side of I/P, on data link connector (DLC)","006","F6",,,"023","010","BK","16",,,
"ETA","C2026",,"Behind LH side of I/P, on lighting control module","005","F5",,,"058","004","BK","22",,,
"ETA","C2027",,"Behind LH side of I/P, on lighting control module","005","F5",,,"058","004","BK","16",,,
"ETA","C2028",,"Behind LH side of I/P, on lighting control module","005","F5",,,"058","005","BK","2",,,
"ETA","C2029",,"Behind LH side of I/P, on lighting control module","005","F5",,,"058","005","BK","16",,,
"ETA","C4001",,"Center rear of trunk lid, on rear flasher","009","A10",,,,,,"2",,,
"ETA","C185","Natural Gas","LH rear of engine compartment, on powertrain control module (PCM)","002","A9",,,"024","009","GY","104",,,
"ETA","C282","with EATC","Behind RH side of I/P, on blend door actuator","004","A8",,,"055","006","BK","8",,,
"ETA","C325","without Power Recliner/Lumbar","Under LH front seat assembly, on connector bracket","007","D9",,,"120","005","BR","6",,,
"ETA","C400",,"Upper LH side of rear package tray",,,,,,,,"4",,,
"ETA","C401",,"Upper LH side of rear package tray, on subwoofer amplifier",,,,,,,,"3",,,
"ETA","C498",,"RH front of trunk, on rear chassis unit",,,,,,,,"14",,,
"ETA","C499",,"RH front of trunk, on CD changer",,,,,,,,"14",,,
"ETA","C257","LUX","Behind center of I/P, on front control unit","006","F7",,,"130","005",,"8",,,
