EVTM,CELLTYPE,CELL,PAGE,TITLE,SUBTITLE,QUALIFIER,QUALIF_2,QUALIF_3,QUALIF_4,QUALIF_5,QUALIF_6,QUALIF_7,FILENAME,TABLE,HCCF_CELL,HCCF_PAGE,CELLID_,PAGEID_
"ETA","IDX","001","001","Table of Contents/Index","Table of Contents/Index","Table of Contents/Index",,,,,,,,,,,0,0
"ETA","TXT","002","001","How To Use This Manual",,,,,,,,,"ETA00201.htm",,,,0,0
"ETA","TXT","007","001","Circuit Operation",,"Speed Control",,,,,,,"ETA00701.htm",,,,0,0
"ETA","TXT","007","002","Circuit Operation",,"Shift Lock",,,,,,,"ETA00702.htm",,,,0,0
"ETA","TXT","007","003","Circuit Operation",,"Interval Wiper/Washer",,,,,,,"ETA00703.htm",,,,0,0
"ETA","TXT","007","004","Circuit Operation",,"Daytime Running Lamps (DRL)",,,,,,,"ETA00704.htm",,,,0,0
"ETA","TXT","007","005","Circuit Operation",,"Radio",,,,,,,"ETA00705.htm",,,,0,0
"ETA","SCH","010","001","Grounds",,,,,,,,,"ETA01001.TIF",,,,0,0
"ETA","SCH","010","002","Grounds",,,,,,,,,"ETA01002.TIF",,,,0,0
"ETA","SCH","010","003","Grounds",,,,,,,,,"ETA01003.TIF",,,,0,0
"ETA","SCH","010","004","Grounds",,,,,,,,,"ETA01004.TIF",,,,0,0
"ETA","SCH","010","005","Grounds",,,,,,,,,"ETA01005.TIF",,,,0,0
"ETA","SCH","010","006","Grounds",,,,,,,,,"ETA01006.TIF",,,,0,0
"ETA","SCH","010","007","Grounds",,,,,,,,,"ETA01007.TIF",,,,0,0
"ETA","SCH","010","008","Grounds",,,,,,,,,"ETA01008.TIF",,,,0,0
"ETA","SCH","010","009","Grounds",,,,,,,,,"ETA01009.TIF",,,,0,0
"ETA","SCH","010","010","Grounds",,,,,,,,,"ETA01010.TIF",,,,0,0
"ETA","SCH","010","011","Grounds",,,,,,,,,"ETA01011.TIF",,,,0,0
"ETA","SCH","010","012","Grounds",,,,,,,,,"ETA01012.TIF",,,,0,0
"ETA","SCH","010","013","Grounds",,,,,,,,,"ETA01013.TIF",,,,0,0
"ETA","SCH","010","014","Grounds",,,,,,,,,"ETA01014.TIF",,,,0,0
"ETA","SCH","010","015","Grounds",,,,,,,,,"ETA01015.TIF",,,,0,0
"ETA","TXT","011","001","Circuit Protection/Fuse Panel",,,,,,,,,"ETA01101.htm",,,,0,0
"ETA","SCH","012","001","Charging System",,,,,,,,,"ETA01201.TIF",,,,0,0
"ETA","SCH","013","001","Power Distribution",,,,,,,,,"ETA01301.TIF",,,,0,0
"ETA","SCH","013","002","Power Distribution",,,,,,,,,"ETA01302.TIF",,,,0,0
"ETA","SCH","013","003","Power Distribution",,,,,,,,,"ETA01303.TIF",,,,0,0
"ETA","SCH","013","004","Power Distribution",,,,,,,,,"ETA01304.TIF",,,,0,0
"ETA","SCH","013","005","Power Distribution",,,,,,,,,"ETA01305.TIF",,,,0,0
"ETA","SCH","013","006","Power Distribution",,,,,,,,,"ETA01306.TIF",,,,0,0
"ETA","SCH","013","007","Power Distribution",,,,,,,,,"ETA01307.TIF",,,,0,0
"ETA","SCH","013","008","Power Distribution",,,,,,,,,"ETA01308.TIF",,,,0,0
"ETA","SCH","013","009","Power Distribution",,,,,,,,,"ETA01309.TIF",,,,0,0
"ETA","SCH","013","010","Power Distribution",,,,,,,,,"ETA01310.TIF",,,,0,0
"ETA","SCH","013","011","Power Distribution",,,,,,,,,"ETA01311.TIF",,,,0,0
"ETA","SCH","013","012","Power Distribution",,,,,,,,,"ETA01312.TIF",,,,0,0
"ETA","SCH","013","013","Power Distribution",,,,,,,,,"ETA01313.TIF",,,,0,0
"ETA","SCH","013","014","Power Distribution",,,,,,,,,"ETA01314.TIF",,,,0,0
"ETA","SCH","013","015","Power Distribution",,,,,,,,,"ETA01315.TIF",,,,0,0
"ETA","SCH","013","016","Power Distribution",,,,,,,,,"ETA01316.TIF",,,,0,0
"ETA","SCH","013","017","Power Distribution",,,,,,,,,"ETA01317.TIF",,,,0,0
"ETA","SCH","020","001","Starting System",,,,,,,,,"ETA02001.TIF",,,,0,0
"ETA","SCH","021","001","Ignition System",,,,,,,,,"ETA02101.TIF",,,,0,0
"ETA","SCH","021","002","Ignition System",,,,,,,,,"ETA02102.TIF",,,,0,0
"ETA","SCH","023","001","Engine Controls","Gasoline",,,,,,,,"ETA02301.TIF",,,,0,0
"ETA","SCH","023","002","Engine Controls","Gasoline",,,,,,,,"ETA02302.TIF",,,,0,0
"ETA","SCH","023","003","Engine Controls","Gasoline",,,,,,,,"ETA02303.TIF",,,,0,0
"ETA","SCH","023","004","Engine Controls","Gasoline",,,,,,,,"ETA02304.TIF",,,,0,0
"ETA","SCH","023","005","Engine Controls","Gasoline",,,,,,,,"ETA02305.TIF",,,,0,0
"ETA","SCH","023","006","Engine Controls","Gasoline",,,,,,,,"ETA02306.TIF",,,,0,0
"ETA","SCH","023","007","Engine Controls","Gasoline",,,,,,,,"ETA02307.TIF",,,,0,0
"ETA","SCH","024","001","Engine Controls","Natural Gas",,,,,,,,"ETA02401.TIF",,,,0,0
"ETA","SCH","024","002","Engine Controls","Natural Gas",,,,,,,,"ETA02402.TIF",,,,0,0
"ETA","SCH","024","003","Engine Controls","Natural Gas",,,,,,,,"ETA02403.TIF",,,,0,0
"ETA","SCH","024","004","Engine Controls","Natural Gas",,,,,,,,"ETA02404.TIF",,,,0,0
"ETA","SCH","024","005","Engine Controls","Natural Gas",,,,,,,,"ETA02405.TIF",,,,0,0
"ETA","SCH","024","006","Engine Controls","Natural Gas",,,,,,,,"ETA02406.TIF",,,,0,0
"ETA","SCH","024","007","Engine Controls","Natural Gas",,,,,,,,"ETA02407.TIF",,,,0,0
"ETA","SCH","024","008","Engine Controls","Natural Gas",,,,,,,,"ETA02408.TIF",,,,0,0
"ETA","SCH","029","001","Transmission Controls","4R70W",,,,,,,,"ETA02901.TIF",,,,0,0
"ETA","SCH","029","002","Transmission Controls","4R70W",,,,,,,,"ETA02902.TIF",,,,0,0
"ETA","SCH","029","003","Transmission Controls","4R70W",,,,,,,,"ETA02903.TIF",,,,0,0
"ETA","SCH","031","001","Speed Control",,,,,,,,,"ETA03101.TIF",,,,0,0
"ETA","SCH","031","002","Speed Control",,,,,,,,,"ETA03102.TIF",,,,0,0
"ETA","SCH","033","001","Cooling Fan",,,,,,,,,"ETA03301.TIF",,,,0,0
"ETA","SCH","037","001","Shift Lock",,,,,,,,,"ETA03701.TIF",,,,0,0
"ETA","SCH","041","001","Rear Air Suspension (RAS)",,,,,,,,,"ETA04101.TIF",,,,0,0
"ETA","SCH","041","002","Rear Air Suspension (RAS)",,,,,,,,,"ETA04102.TIF",,,,0,0
"ETA","SCH","042","001","Anti-lock Brakes",,"ABS",,,,,,,"ETA04201.TIF",,,,0,0
"ETA","SCH","042","002","Anti-lock Brakes",,"ABS with Traction Assist",,,,,,,"ETA04202.TIF",,,,0,0
"ETA","SCH","043","001","Electric Variable Assist Power Steering (EVO)",,"with Air Suspension",,,,,,,"ETA04301.TIF",,,,0,0
"ETA","SCH","043","002","Electric Variable Assist Power Steering (EVO)",,"without Air Suspension",,,,,,,"ETA04302.TIF",,,,0,0
"ETA","SCH","044","001","Horn/Cigar Lighter/Clock",,,,,,,,,"ETA04401.TIF",,,,0,0
"ETA","SCH","044","002","Horn/Cigar Lighter/Clock",,,,,,,,,"ETA04402.TIF",,,,0,0
"ETA","SCH","046","001","Air Bags",,,,,,,,,"ETA04601.TIF",,,,0,0
"ETA","SCH","046","002","Air Bags",,,,,,,,,"ETA04602.TIF",,,,0,0
"ETA","SCH","054","001","Air Conditioner/Heater",,"Vacuum",,,,,,,"ETA05401.TIF",,,,0,0
"ETA","SCH","054","002","Air Conditioner/Heater",,,,,,,,,"ETA05402.TIF",,,,0,0
"ETA","SCH","054","003","Air Conditioner/Heater",,,,,,,,,"ETA05403.TIF",,,,0,0
"ETA","SCH","055","001","Electronic Automatic Temperature Control (EATC)",,,,,,,,,"ETA05501.TIF",,,,0,0
"ETA","SCH","055","002","Electronic Automatic Temperature Control (EATC)",,,,,,,,,"ETA05502.TIF",,,,0,0
"ETA","SCH","055","003","Electronic Automatic Temperature Control (EATC)",,,,,,,,,"ETA05503.TIF",,,,0,0
"ETA","SCH","055","004","Electronic Automatic Temperature Control (EATC)",,,,,,,,,"ETA05504.TIF",,,,0,0
"ETA","SCH","056","001","Rear Window Defrost/Heated Mirrors",,,,,,,,,"ETA05601.TIF",,,,0,0
"ETA","SCH","057","001","Drivers Door Module",,,,,,,,,"ETA05701.TIF",,,,0,0
"ETA","SCH","057","002","Drivers Door Module",,,,,,,,,"ETA05702.TIF",,,,0,0
"ETA","SCH","057","003","Drivers Door Module",,,,,,,,,"ETA05703.TIF",,,,0,0
"ETA","SCH","058","001","Lighting Control Module (LCM)",,,,,,,,,"ETA05801.TIF",,,,0,0
"ETA","SCH","058","002","Lighting Control Module (LCM)",,,,,,,,,"ETA05802.TIF",,,,0,0
"ETA","SCH","058","003","Lighting Control Module (LCM)",,,,,,,,,"ETA05803.TIF",,,,0,0
"ETA","SCH","060","001","Instrument Cluster","Analog","Gasoline",,,,,,,"ETA06001.TIF",,,,0,0
"ETA","SCH","060","002","Instrument Cluster","Analog","Natural Gas",,,,,,,"ETA06002.TIF",,,,0,0
"ETA","SCH","060","003","Instrument Cluster","Analog",,,,,,,,"ETA06003.TIF",,,,0,0
"ETA","SCH","060","004","Instrument Cluster","Analog",,,,,,,,"ETA06004.TIF",,,,0,0
"ETA","SCH","060","005","Instrument Cluster","Analog",,,,,,,,"ETA06005.TIF",,,,0,0
"ETA","SCH","060","006","Instrument Cluster","Analog",,,,,,,,"ETA06006.TIF",,,,0,0
"ETA","SCH","060","007","Instrument Cluster","Analog",,,,,,,,"ETA06007.TIF",,,,0,0
"ETA","SCH","063","001","Instrument Cluster","Digital",,,,,,,,"ETA06301.TIF",,,,0,0
"ETA","SCH","063","002","Instrument Cluster","Digital",,,,,,,,"ETA06302.TIF",,,,0,0
"ETA","SCH","063","003","Instrument Cluster","Digital",,,,,,,,"ETA06303.TIF",,,,0,0
"ETA","SCH","063","004","Instrument Cluster","Digital",,,,,,,,"ETA06304.TIF",,,,0,0
"ETA","SCH","064","001","Vehicle Speed Sensor (VSS)",,,,,,,,,"ETA06401.TIF",,,,0,0
"ETA","SCH","064","002","Vehicle Speed Sensor (VSS)",,,,,,,,,"ETA06402.TIF",,,,0,0
"ETA","SCH","065","001","Warning Indicators",,,,,,,,,"ETA06501.TIF",,,,0,0
"ETA","SCH","065","002","Warning Indicators",,,,,,,,,"ETA06502.TIF",,,,0,0
"ETA","SCH","066","001","Warning Chime",,,,,,,,,"ETA06601.TIF",,,,0,0
"ETA","SCH","066","002","Warning Chime",,,,,,,,,"ETA06602.TIF",,,,0,0
"ETA","SCH","071","001","Instrument Illumination",,,,,,,,,"ETA07101.TIF",,,,0,0
"ETA","SCH","071","002","Instrument Illumination",,,,,,,,,"ETA07102.TIF",,,,0,0
"ETA","SCH","071","003","Instrument Illumination",,,,,,,,,"ETA07103.TIF",,,,0,0
"ETA","SCH","081","001","Interval Wiper/Washer",,,,,,,,,"ETA08101.TIF",,,,0,0
"ETA","SCH","081","002","Interval Wiper/Washer",,,,,,,,,"ETA08102.TIF",,,,0,0
"ETA","SCH","087","001","Autolamps/Delayed Exit",,,,,,,,,"ETA08701.TIF",,,,0,0
"ETA","SCH","087","002","Autolamps/Delayed Exit",,,,,,,,,"ETA08702.TIF",,,,0,0
"ETA","SCH","089","001","Courtesy Lamps",,,,,,,,,"ETA08901.TIF",,,,0,0
"ETA","SCH","089","002","Courtesy Lamps",,,,,,,,,"ETA08902.TIF",,,,0,0
"ETA","SCH","089","003","Courtesy Lamps",,,,,,,,,"ETA08903.TIF",,,,0,0
"ETA","SCH","089","004","Courtesy Lamps",,,,,,,,,"ETA08904.TIF",,,,0,0
"ETA","SCH","090","001","Turn/Stop/Hazard Lamps",,,,,,,,,"ETA09001.TIF",,,,0,0
"ETA","SCH","090","002","Turn/Stop/Hazard Lamps",,,,,,,,,"ETA09002.TIF",,,,0,0
"ETA","SCH","090","003","Turn/Stop/Hazard Lamps",,,,,,,,,"ETA09003.TIF",,,,0,0
"ETA","SCH","091","001","Cornering Lamps",,,,,,,,,"ETA09101.TIF",,,,0,0
"ETA","SCH","092","001","Exterior Lamps",,,,,,,,,"ETA09201.TIF",,,,0,0
"ETA","SCH","092","002","Exterior Lamps",,,,,,,,,"ETA09202.TIF",,,,0,0
"ETA","SCH","092","003","Exterior Lamps",,,,,,,,,"ETA09203.TIF",,,,0,0
"ETA","SCH","092","004","Exterior Lamps",,,,,,,,,"ETA09204.TIF",,,,0,0
"ETA","SCH","093","001","Backup Lamps",,,,,,,,,"ETA09301.TIF",,,,0,0
"ETA","SCH","093","002","Backup Lamps",,,,,,,,,"ETA09302.TIF",,,,0,0
"ETA","SCH","095","001","Trailer/Camper Adapter",,,,,,,,,"ETA09501.TIF",,,,0,0
"ETA","SCH","095","002","Trailer/Camper Adapter",,,,,,,,,"ETA09502.TIF",,,,0,0
"ETA","SCH","096","001","Police Option",,,,,,,,,"ETA09601.TIF",,,,0,0
"ETA","SCH","096","002","Police Option",,,,,,,,,"ETA09602.TIF",,,,0,0
"ETA","SCH","096","003","Police Option",,,,,,,,,"ETA09603.TIF",,,,0,0
"ETA","SCH","096","004","Police Option",,,,,,,,,"ETA09604.TIF",,,,0,0
"ETA","SCH","096","005","Police Option",,,,,,,,,"ETA09605.TIF",,,,0,0
"ETA","SCH","096","006","Police Option",,,,,,,,,"ETA09606.TIF",,,,0,0
"ETA","SCH","096","007","Police Option",,,,,,,,,"ETA09607.TIF",,,,0,0
"ETA","SCH","097","001","Daytime Running Lamps (DRL)",,,,,,,,,"ETA09701.TIF",,,,0,0
"ETA","SCH","097","002","Daytime Running Lamps (DRL)",,,,,,,,,"ETA09702.TIF",,,,0,0
"ETA","SCH","100","001","Power Windows",,,,,,,,,"ETA10001.TIF",,,,0,0
"ETA","SCH","100","002","Power Windows",,,,,,,,,"ETA10002.TIF",,,,0,0
"ETA","SCH","100","003","Power Windows",,,,,,,,,"ETA10003.TIF",,,,0,0
"ETA","SCH","110","001","Power Door Locks","without Keyless Entry",,,,,,,,"ETA11001.TIF",,,,0,0
"ETA","SCH","111","001","Keyless Entry","Illuminated Entry",,,,,,,,"ETA11101.TIF",,,,0,0
"ETA","SCH","111","002","Keyless Entry","Illuminated Entry",,,,,,,,"ETA11102.TIF",,,,0,0
"ETA","SCH","111","003","Keyless Entry","Illuminated Entry",,,,,,,,"ETA11103.TIF",,,,0,0
"ETA","SCH","113","001","Trunk Lid Release",,"without Keyless Entry",,,,,,,"ETA11301.TIF",,,,0,0
"ETA","SCH","113","002","Trunk Lid Release",,"with Keyless Entry",,,,,,,"ETA11302.TIF",,,,0,0
"ETA","SCH","116","001","Fuel Door Release",,,,,,,,,"ETA11601.TIF",,,,0,0
"ETA","SCH","120","001","Power Seats",,"with Power Reclining",,,,,,,"ETA12001.TIF",,,,0,0
"ETA","SCH","120","002","Power Seats",,"with Power Reclining",,,,,,,"ETA12002.TIF",,,,0,0
"ETA","SCH","120","003","Power Seats",,"without Power Reclining",,,,,,,"ETA12003.TIF",,,,0,0
"ETA","SCH","121","001","Power Reclining Seats",,,,,,,,,"ETA12101.TIF",,,,0,0
"ETA","SCH","122","001","Power Lumbar Seats",,,,,,,,,"ETA12201.TIF",,,,0,0
"ETA","SCH","123","001","Memory Seats",,,,,,,,,"ETA12301.TIF",,,,0,0
"ETA","SCH","123","002","Memory Seats",,,,,,,,,"ETA12302.TIF",,,,0,0
"ETA","SCH","124","001","Power Mirrors",,,,,,,,,"ETA12401.TIF",,,,0,0
"ETA","SCH","125","001","Automatic Day/Night Mirror",,,,,,,,,"ETA12501.TIF",,,,0,0
"ETA","SCH","130","001","Radio",,"LUX Radio System",,,,,,,"ETA13001.TIF",,,,0,0
"ETA","SCH","130","002","Radio",,"LUX Radio System",,,,,,,"ETA13002.TIF",,,,0,0
"ETA","SCH","130","003","Radio",,"LUX w/JBL",,,,,,,"ETA13003.TIF",,,,0,0
"ETA","SCH","130","004","Radio",,"Midline Radio System",,,,,,,"ETA13004.TIF",,,,0,0
"ETA","SCH","140","001","Vacuum Distribution",,,,,,,,,"ETA14001.TIF",,,,0,0
"ETA","SCH","140","002","Vacuum Distribution",,,,,,,,,"ETA14002.TIF",,,,0,0
"ETA","TST","149","001","Component Testing","Main Light Switch",,,,,,,,"ETA14901.TIF",,,,0,0
"ETA","TST","149","002","Component Testing","Main Light Switch",,,,,,,,"ETA14902.TIF",,,,0,0
"ETA","TST","149","003","Component Testing","Multi-function Switch",,,,,,,,"ETA14903.TIF",,,,0,0
"ETA","TST","149","004","Component Testing","Multi-function Switch",,,,,,,,"ETA14904.TIF",,,,0,0
"ETA","TST","149","005","Component Testing","Multi-function Switch",,,,,,,,"ETA14905.TIF",,,,0,0
"ETA","TST","149","006","Component Testing","Ignition Switch",,,,,,,,"ETA14906.TIF",,,,0,0
"ETA","CON","150","001","Connector Faces/Pinout Charts","C111","4R70W Transmission",,,,,,,"ETACF001.TIF",,"029","004",0,0
"ETA","CON","150","002","Connector Faces/Pinout Charts","C2018","A/C-Heater Mode Switch",,,,,,,"ETACF002.TIF",,"054","004",0,0
"ETA","CON","150","003","Connector Faces/Pinout Charts","C276","Air Bag Diagnostic Monitor",,,,,,,"ETACF003.TIF",,"046","003",0,0
"ETA","CON","150","004","Connector Faces/Pinout Charts","C277","Air Bag Diagnostic Monitor",,,,,,,"ETACF004.TIF",,"046","003",0,0
"ETA","CON","150","005","Connector Faces/Pinout Charts","C459","Air Suspension Test Connector",,,,,,,"ETACF005.TIF",,"041","004",0,0
"ETA","CON","150","006","Connector Faces/Pinout Charts","C215","Air Suspension/EVO Steering Module",,,,,,,"ETACF006.TIF",,"041","003",0,0
"ETA","CON","150","007","Connector Faces/Pinout Charts","C216","Air Suspension/EVO Steering Module",,,,,,,"ETACF007.TIF",,"041","003",0,0
"ETA","CON","150","008","Connector Faces/Pinout Charts","C162","Anti-lock Brake Module",,,,,,,"ETACF008.TIF",,"042","003",0,0
"ETA","CON","150","009","Connector Faces/Pinout Charts","C282","Blend Door Actuator","with EATC",,,,,,"ETACF009.TIF",,"055","006",0,0
"ETA","CON","150","010","Connector Faces/Pinout Charts","C282","Blend Door Actuator","without EATC",,,,,,"ETACF010.TIF",,"054","004",0,0
"ETA","CON","150","011","Connector Faces/Pinout Charts","C169","Blower Motor Speed Controller",,,,,,,"ETACF011.TIF",,"055","006",0,0
"ETA","CON","150","012","Connector Faces/Pinout Charts","C2002","Brake On/Off (BOO) Switch",,,,,,,"ETACF012.TIF",,"090","005",0,0
"ETA","CON","150","013","Connector Faces/Pinout Charts","C2009","Clock",,,,,,,"ETACF013.TIF",,"044","003",0,0
"ETA","CON","150","014","Connector Faces/Pinout Charts","C2021","Data Link Connector (DLC)",,,,,,,"ETACF014.TIF",,"023","010",0,0
"ETA","CON","150","015","Connector Faces/Pinout Charts","C286","Day/Night Sensor/Amplifier",,,,,,,"ETACF015.TIF",,"087","003",0,0
"ETA","CON","150","016","Connector Faces/Pinout Charts","C180","Daytime Running Lamps (DRL) Module","With Daytime Running Lamps (DRL)","Without Daytime Running Lamps (DRL)",,,,,"ETACF016.TIF",,"097","004",0,0
"ETA","CON","150","017","Connector Faces/Pinout Charts","C518","Drivers Door Module",,,,,,,"ETACF017.TIF",,"057","004",0,0
"ETA","CON","150","018","Connector Faces/Pinout Charts","C519","Drivers Door Module",,,,,,,"ETACF018.TIF",,"057","004",0,0
"ETA","CON","150","019","Connector Faces/Pinout Charts","C520","Drivers Door Module",,,,,,,"ETACF019.TIF",,"057","005",0,0
"ETA","CON","150","020","Connector Faces/Pinout Charts","C325","Drivers Power Seat Motor","with Power Recliner/Lumbar",,,,,,"ETACF020.TIF",,"120","005",0,0
"ETA","CON","150","021","Connector Faces/Pinout Charts","C325","Drivers Power Seat Motor","without Power Recliner/Lumbar",,,,,,"ETACF021.TIF",,"120","005",0,0
"ETA","CON","150","022","Connector Faces/Pinout Charts","C327","Drivers Seat Control Switch","W/O Power Recliner",,,,,,"ETACF022.TIF",,"120","004",0,0
"ETA","CON","150","023","Connector Faces/Pinout Charts","C516","Drivers Seat Control Switch","W/Power Recliner",,,,,,"ETACF023.TIF",,"120","004",0,0
"ETA","CON","150","024","Connector Faces/Pinout Charts","C302","Drivers Seat Module",,,,,,,"ETACF024.TIF",,"123","003",0,0
"ETA","CON","150","025","Connector Faces/Pinout Charts","C303","Drivers Seat Module",,,,,,,"ETACF025.TIF",,"123","003",0,0
"ETA","CON","150","026","Connector Faces/Pinout Charts","C318","Drivers Seat Module",,,,,,,"ETACF026.TIF",,"123","004",0,0
"ETA","CON","150","027","Connector Faces/Pinout Charts","C319","Drivers Seat Module",,,,,,,"ETACF027.TIF",,"123","004",0,0
"ETA","CON","150","028","Connector Faces/Pinout Charts","C115","EVAC and Fill Connector",,,,,,,"ETACF028.TIF",,"042","004",0,0
"ETA","CON","150","029","Connector Faces/Pinout Charts","C411","EVO Test Connector",,,,,,,"ETACF029.TIF",,"043","003",0,0
"ETA","CON","150","030","Connector Faces/Pinout Charts","C227","Electronic Automatic Temperature Control (EATC) Module",,,,,,,"ETACF030.TIF",,"055","005",0,0
"ETA","CON","150","031","Connector Faces/Pinout Charts","C228","Electronic Automatic Temperature Control (EATC) Module",,,,,,,"ETACF031.TIF",,"055","005",0,0
"ETA","CON","150","032","Connector Faces/Pinout Charts","C900","Electronic Day/Night Mirror",,,,,,,"ETACF032.TIF",,"125","002",0,0
"ETA","CON","150","033","Connector Faces/Pinout Charts","C214","Electronic Variable Orifice (EVO) Steering Module",,,,,,,"ETACF033.TIF",,"043","003",0,0
"ETA","CON","150","034","Connector Faces/Pinout Charts","C257","Front Control Unit","LUX","M100",,,,,"ETACF034.TIF",,"130","005",0,0
"ETA","CON","150","035","Connector Faces/Pinout Charts","C258","Front Control Unit","M100",,,,,,"ETACF035.TIF",,"130","005",0,0
"ETA","CON","150","036","Connector Faces/Pinout Charts","C259","Front Control Unit","LUX",,,,,,"ETACF036.TIF",,"130","006",0,0
"ETA","CON","150","037","Connector Faces/Pinout Charts","C124","Fuel Indicator Module (FIM)",,,,,,,"ETACF037.TIF",,"024","011",0,0
"ETA","CON","150","038","Connector Faces/Pinout Charts","C124","Fuel Indicator Module (FIM)",,,,,,,"ETACF038.TIF",,"024","012",0,0
"ETA","CON","150","039","Connector Faces/Pinout Charts","C464","Fuel Tank Assembly",,,,,,,"ETACF039.TIF",,"023","011",0,0
"ETA","CON","150","040","Connector Faces/Pinout Charts","C249","Headlamp Switch Assembly",,,,,,,"ETACF040.TIF",,"013","018",0,0
"ETA","CON","150","041","Connector Faces/Pinout Charts","C262","Headlamp Switch Assembly",,,,,,,"ETACF041.TIF",,"013","018",0,0
"ETA","CON","150","042","Connector Faces/Pinout Charts","C292","Ignition Switch",,,,,,,"ETACF042.TIF",,"013","019",0,0
"ETA","CON","150","043","Connector Faces/Pinout Charts","C101","In-Line",,,,,,,"ETACF043.TIF",,"150","001",0,0
"ETA","CON","150","044","Connector Faces/Pinout Charts","C102","In-Line",,,,,,,"ETACF044.TIF",,"150","001",0,0
"ETA","CON","150","045","Connector Faces/Pinout Charts","C103","In-Line",,,,,,,"ETACF045.TIF",,"150","002",0,0
"ETA","CON","150","046","Connector Faces/Pinout Charts","C106","In-Line",,,,,,,"ETACF046.TIF",,"150","002",0,0
"ETA","CON","150","047","Connector Faces/Pinout Charts","C107","In-Line",,,,,,,"ETACF047.TIF",,"150","003",0,0
"ETA","CON","150","048","Connector Faces/Pinout Charts","C119","In-Line",,,,,,,"ETACF048.TIF",,"150","003",0,0
"ETA","CON","150","049","Connector Faces/Pinout Charts","C121","In-Line",,,,,,,"ETACF049.TIF",,"150","004",0,0
"ETA","CON","150","050","Connector Faces/Pinout Charts","C127","In-Line",,,,,,,"ETACF050.TIF",,"150","005",0,0
"ETA","CON","150","051","Connector Faces/Pinout Charts","C203","In-Line",,,,,,,"ETACF051.TIF",,"150","006",0,0
"ETA","CON","150","052","Connector Faces/Pinout Charts","C206","In-Line",,,,,,,"ETACF052.TIF",,"150","006",0,0
"ETA","CON","150","053","Connector Faces/Pinout Charts","C211","In-Line",,,,,,,"ETACF053.TIF",,"150","007",0,0
"ETA","CON","150","054","Connector Faces/Pinout Charts","C212","In-Line",,,,,,,"ETACF054.TIF",,"150","007",0,0
"ETA","CON","150","055","Connector Faces/Pinout Charts","C219","In-Line",,,,,,,"ETACF055.TIF",,"150","008",0,0
"ETA","CON","150","056","Connector Faces/Pinout Charts","C224","In-Line",,,,,,,"ETACF056.TIF",,"150","008",0,0
"ETA","CON","150","057","Connector Faces/Pinout Charts","C243","In-Line",,,,,,,"ETACF057.TIF",,"150","009",0,0
"ETA","CON","150","058","Connector Faces/Pinout Charts","C245","In-Line",,,,,,,"ETACF058.TIF",,"150","009",0,0
"ETA","CON","150","059","Connector Faces/Pinout Charts","C307","In-Line",,,,,,,"ETACF059.TIF",,"150","010",0,0
"ETA","CON","150","060","Connector Faces/Pinout Charts","C308","In-Line",,,,,,,"ETACF060.TIF",,"150","010",0,0
"ETA","CON","150","061","Connector Faces/Pinout Charts","C403","In-Line",,,,,,,"ETACF061.TIF",,"150","011",0,0
"ETA","CON","150","062","Connector Faces/Pinout Charts","C408","In-Line",,,,,,,"ETACF062.TIF",,"150","012",0,0
"ETA","CON","150","063","Connector Faces/Pinout Charts","C421","In-Line",,,,,,,"ETACF063.TIF",,"150","012",0,0
"ETA","CON","150","064","Connector Faces/Pinout Charts","C457","In-Line",,,,,,,"ETACF064.TIF",,"150","013",0,0
"ETA","CON","150","065","Connector Faces/Pinout Charts","C509","In-Line",,,,,,,"ETACF065.TIF",,"150","013",0,0
"ETA","CON","150","066","Connector Faces/Pinout Charts","C514","In-Line",,,,,,,"ETACF066.TIF",,"150","014",0,0
"ETA","CON","150","067","Connector Faces/Pinout Charts","C515","In-Line",,,,,,,"ETACF067.TIF",,"150","014",0,0
"ETA","CON","150","068","Connector Faces/Pinout Charts","C250","Instrument Cluster","Analog",,,,,,"ETACF068.TIF",,"060","008",0,0
"ETA","CON","150","069","Connector Faces/Pinout Charts","C251","Instrument Cluster","Analog",,,,,,"ETACF069.TIF",,"060","008",0,0
"ETA","CON","150","070","Connector Faces/Pinout Charts","C254","Instrument Cluster","Digital",,,,,,"ETACF070.TIF",,"063","005",0,0
"ETA","CON","150","071","Connector Faces/Pinout Charts","C255","Instrument Cluster","Digital",,,,,,"ETACF071.TIF",,"063","005",0,0
"ETA","CON","150","072","Connector Faces/Pinout Charts","C256","Instrument Cluster","Digital",,,,,,"ETACF072.TIF",,"063","005",0,0
"ETA","CON","150","073","Connector Faces/Pinout Charts","C508","Left Power/Heated Mirror",,,,,,,"ETACF073.TIF",,"124","003",0,0
"ETA","CON","150","074","Connector Faces/Pinout Charts","C706","Left Rear Window Control Switch",,,,,,,"ETACF074.TIF",,"100","006",0,0
"ETA","CON","150","075","Connector Faces/Pinout Charts","C2026","Lighting Control Module (LCM)",,,,,,,"ETACF075.TIF",,"058","004",0,0
"ETA","CON","150","076","Connector Faces/Pinout Charts","C2027","Lighting Control Module (LCM)",,,,,,,"ETACF076.TIF",,"058","004",0,0
"ETA","CON","150","077","Connector Faces/Pinout Charts","C2028","Lighting Control Module (LCM)",,,,,,,"ETACF077.TIF",,"058","005",0,0
"ETA","CON","150","078","Connector Faces/Pinout Charts","C2029","Lighting Control Module (LCM)",,,,,,,"ETACF078.TIF",,"058","005",0,0
"ETA","CON","150","079","Connector Faces/Pinout Charts","C1012","Mass Air Flow (MAF) Sensor",,,,,,,"ETACF079.TIF",,"023","012",0,0
"ETA","CON","150","080","Connector Faces/Pinout Charts","C503","Master Window/Door Lock Control Switch",,,,,,,"ETACF080.TIF",,"100","005",0,0
"ETA","CON","150","081","Connector Faces/Pinout Charts","C521","Memory Switch",,,,,,,"ETACF081.TIF",,"123","004",0,0
"ETA","CON","150","082","Connector Faces/Pinout Charts","C264","Message Center Switch Assembly",,,,,,,"ETACF082.TIF",,"063","006",0,0
"ETA","CON","150","083","Connector Faces/Pinout Charts","C268","Multi-function Switch",,,,,,,"ETACF083.TIF",,"090","004",0,0
"ETA","CON","150","084","Connector Faces/Pinout Charts","C269","Multi-function Switch",,,,,,,"ETACF084.TIF",,"087","003",0,0
"ETA","CON","150","085","Connector Faces/Pinout Charts","C507","One Touch Window Down Module",,,,,,,"ETACF085.TIF",,"100","006",0,0
"ETA","CON","150","086","Connector Faces/Pinout Charts","C326","Passengers Power Seat Motor",,,,,,,"ETACF086.TIF",,"120","005",0,0
"ETA","CON","150","087","Connector Faces/Pinout Charts","C616","Passengers Seat Control Switch",,,,,,,"ETACF087.TIF",,"120","004",0,0
"ETA","CON","150","088","Connector Faces/Pinout Charts","C550","Power Mirror Switch",,,,,,,"ETACF088.TIF",,"124","002",0,0
"ETA","CON","150","089","Connector Faces/Pinout Charts","C185","Powertrain Control Module (PCM)","Gasoline",,,,,,"ETACF089.TIF",,"023","008",0,0
"ETA","CON","150","090","Connector Faces/Pinout Charts","C185","Powertrain Control Module (PCM)","Gasoline",,,,,,"ETACF090.TIF",,"023","009",0,0
"ETA","CON","150","091","Connector Faces/Pinout Charts","C185","Powertrain Control Module (PCM)","Natural Gas",,,,,,"ETACF091.TIF",,"024","009",0,0
"ETA","CON","150","092","Connector Faces/Pinout Charts","C185","Powertrain Control Module (PCM)","Natural Gas",,,,,,"ETACF092.TIF",,"024","010",0,0
"ETA","CON","150","093","Connector Faces/Pinout Charts","C451","Rear Chassis Unit",,,,,,,"ETACF093.TIF",,"130","007",0,0
"ETA","CON","150","094","Connector Faces/Pinout Charts","C452","Rear Chassis Unit",,,,,,,"ETACF094.TIF",,"130","006",0,0
"ETA","CON","150","095","Connector Faces/Pinout Charts","C497","Rear Chassis Unit",,,,,,,"ETACF095.TIF",,"130","007",0,0
"ETA","CON","150","096","Connector Faces/Pinout Charts","C2000","Rear Window Defrost Control",,,,,,,"ETACF096.TIF",,"056","002",0,0
"ETA","CON","150","097","Connector Faces/Pinout Charts","C110","Relay Center",,,,,,,"ETACF097.TIF",,"021","003",0,0
"ETA","CON","150","098","Connector Faces/Pinout Charts","C505","Remote Keyless Entry Switch Assembly",,,,,,,"ETACF098.TIF",,"111","004",0,0
"ETA","CON","150","099","Connector Faces/Pinout Charts","C606","Right Front Window/Door Lock Control Switch",,,,,,,"ETACF099.TIF",,"100","004",0,0
"ETA","CON","150","100","Connector Faces/Pinout Charts","C608","Right Power/Heated Mirror",,,,,,,"ETACF100.TIF",,"124","003",0,0
"ETA","CON","150","101","Connector Faces/Pinout Charts","C806","Right Rear Window Control Switch",,,,,,,"ETACF101.TIF",,"100","006",0,0
"ETA","CON","150","102","Connector Faces/Pinout Charts","C234","Speed Control Servo Assembly",,,,,,,"ETACF102.TIF",,"031","003",0,0
"ETA","CON","150","103","Connector Faces/Pinout Charts","C471","Trailer Battery Charging Relay","W/O Police",,,,,,"ETACF103.TIF",,"095","003",0,0
"ETA","CON","150","104","Connector Faces/Pinout Charts","C471","Trailer Exterior Lamps Relay","W/O Police",,,,,,"ETACF104.TIF",,"095","003",0,0
"ETA","CON","150","105","Connector Faces/Pinout Charts","C471","Trailer Left Turn Relay","W/O Police",,,,,,"ETACF105.TIF",,"095","003",0,0
"ETA","CON","150","106","Connector Faces/Pinout Charts","C471","Trailer Right Turn Relay","W/O Police",,,,,,"ETACF106.TIF",,"095","003",0,0
"ETA","CON","150","107","Connector Faces/Pinout Charts","C168","Transmission Range (TR) Sensor",,,,,,,"ETACF107.TIF",,"020","002",0,0
"ETA","CON","150","108","Connector Faces/Pinout Charts","C2004","Warning Lamps Module",,,,,,,"ETACF108.TIF",,"065","003",0,0
"ETA","CON","150","109","Connector Faces/Pinout Charts","C151","Windshield Wiper Motor",,,,,,,"ETACF109.TIF",,"081","003",0,0
"ETA","CON","150","110","Connector Faces/Pinout Charts","C294","Wiper Control Module",,,,,,,"ETACF110.TIF",,"081","003",0,0
"ETA","LOC","151","001","Component Location Views","4.6L Engine",,,,,,,,"ETA15101.TIF",,,,0,0
"ETA","LOC","151","002","Component Location Views","4.6L Engine",,,,,,,,"ETA15102.TIF",,,,0,0
"ETA","LOC","151","003","Component Location Views","4.6L Engine",,,,,,,,"ETA15103.TIF",,,,0,0
"ETA","LOC","151","004","Component Location Views","RH and LH Cowl View",,,,,,,,"ETA15104.TIF",,,,0,0
"ETA","LOC","151","005","Component Location Views","Behind I/P",,,,,,,,"ETA15105.TIF",,,,0,0
"ETA","LOC","151","006","Component Location Views","Behind I/P",,,,,,,,"ETA15106.TIF",,,,0,0
"ETA","LOC","151","007","Component Location Views","Front Seat Assemblies",,,,,,,,"ETA15107.TIF",,,,0,0
"ETA","LOC","151","008","Component Location Views","Full Body View",,,,,,,,"ETA15108.TIF",,,,0,0
"ETA","LOC","151","009","Component Location Views","Full Body View",,,,,,,,"ETA15109.TIF",,,,0,0
"ETA","LOC","151","010","Component Location Views","Full Body View",,,,,,,,"ETA15110.TIF",,,,0,0
"ETA","LOC","151","011","Component Location Views","Partial Views of Engine and Body (NGV only)",,,,,,,,"ETA15111.TIF",,,,0,0
"ETA","IDX","152","001","Location Index","Component",,,,,,,,,,,,0,0
"ETA","IDX","152","002","Location Index","Connector",,,,,,,,,,,,0,0
"ETA","IDX","152","003","Location Index","Ground",,,,,,,,,,,,0,0
"ETA","IDX","152","004","Location Index","Harness Causal Part Number",,,,,,,,,,,,0,0
"ETA","IDX","152","005","Location Index","Splice",,,,,,,,,,,,0,0
"ETA","COD","160","001","Vehicle Repair Location Codes",,,,,,,,,"ETA16001.TIF",,,,0,0
