EVTM,NAME,QUALIFIER,PARTNO,LOCATION,CONN_NAME,LOCPAGE,ZONE,CONN_CELL,CONN_PAGE,HCCF_CELL,HCCF_PAGE,ITEMID_,FREQUENCY
"ETA","4R70W Transmission",,"7000","RH side of transmission","C111","004","F10",,,"29","4",,
"ETA","A/C Clutch Cycling Pressure Switch",,"19E561","RH rear of engine compartment, on A/C accumulator","C155","003","A3",,,,,,
"ETA","A/C Clutch Diode",,"14A604","Lower RH front of engine, taped in fuel charge harness, near A/C compressor clutch",,"001","E1",,,,,,
"ETA","A/C Compressor Clutch",,"19703","Lower RH front of engine","C156","001","E1",,,,,,
"ETA","A/C WOT Cutout Relay",,"14B192","LH side of engine compartment, in relay center","C110","001","B10",,,"23","10",,
"ETA","A/C High Pressure Cut Out Switch",,"19D594","RH side of engine compartment, near fuse box","C150","002","D1",,,,,,
"ETA","A/C-Heater Mode Switch",,"19980","Center of I/P","C2018","005","E1",,,"54","4",,
"ETA","A/C-Heater Mode Switch Illumination",,"13411","Center of I/P","C2012","005","F4",,,,,,
"ETA","Air Bag Diagnostic Connector",,"N/A","Behind RH side of I/P","C213",,,,,,,,
"ETA","Air Bag Diagnostic Monitor",,"14B056","Behind RH side of I/P, above glove box","C277","005","C1",,,"46","3",,
"ETA","Air Bag Diagnostic Monitor",,"14B056","Behind RH side of I/P, above glove box","C276","005","C1",,,"46","3",,
"ETA","Air Suspension Compressor Motor and Vent Solenoid",,"5319","Lower LH front of engine compartment, below air cleaner assembly","C158","003","C10",,,,,,
"ETA","Air Suspension Switch",,"5K761","RH side of trunk, on support","C458","008","C10",,,,,,
"ETA","Air Suspension Test Connector",,"14489","RH side of trunk","C459","008","D10",,,"41","4",,
"ETA","Air Suspension/EVO Steering Module",,"3B494/5A919","Behind RH side of I/P, above glove box","C216","005","B1",,,"41","3",,
"ETA","Air Suspension/EVO Steering Module",,"3B494/5A919","Behind RH side of I/P, above glove box","C215","005","B1",,,"41","3",,
"ETA","Ambient Temperature Sensor",,"19E702","Center front of vehicle, on front of upper radiator support","C160","001","F4",,,,,,
"ETA","Anti-lock Brake Module",,"2C219","LH front of vehicle, on front of upper radiator support","C162","001","F7",,,"42","4",,
"ETA","Auxiliary Power",,"N/A","Behind RH side of I/P","C2006","006","F3",,,,,,
"ETA","Battery",,"N/A","Right front of engine compartment",,,,,,,,,
"ETA","Blend Door Actuator","with EATC","19E616","Behind RH side of I/P, top of A/C plenum","C282","004","A8",,,"55","6",,
"ETA","Blower Motor",,"19805","Top RH side of safety wall","C167","003","A1",,,,,,
"ETA","Blower Motor Resistor Assembly",,"19A706","Top RH center of safety wall, on evaporator assembly","C166","001","A3",,,,,,
"ETA","Blower Motor Speed Controller",,"19E624","Top RH center of safety wall, on evaporator assembly","C169","001","A3",,,"55","6",,
"ETA","Blower Motor Switch",,"18578","Center of I/P","C2019","005","A10",,,,,,
"ETA","Brake Fluid Level Switch",,"2L414","LH rear of engine compartment, on brake fluid reservoir","C170","001","A8",,,,,,
"ETA","Brake On/Off (BOO) Switch",,"13480","Behind I/P, top of brake pedal support","C2002","004","F4",,,"90","5",,
"ETA","Brake Pressure Switch",,"2B264","LH rear of engine compartment, below brake fluid reservoir","C235","003","A7",,,,,,
"ETA","Camshaft Position (CMP) Sensor",,"6B288","LH front of engine, below left ignition coil","C178","002","F7",,,,,,
"ETA","CD Changer",,"N/A","Rear of vehicle, in trunk","C453",,,,,,,,
"ETA","Clock",,"15000","Top center of I/P","C2009","006","A6",,,"44","3",,
"ETA","Clockspring Assembly",,"14A664","Top of steering column, below steering wheel","C283","005","F6",,,,,,
"ETA","Clockspring Assembly",,"14A664","Top of steering column, below steering wheel","C236","005","F6",,,,,,
"ETA","Compressor Relay",,"14N089","RH front of engine compartment, in engine compartment fuse box",,"003","D1",,,,,,
"ETA","Cooling Fan",,"N/A","Front of engine compartment","C109","002","F5",,,,,,
"ETA","Cooling Fan Relay",,"14N089","RH front of engine compartment, in engine compartment fuse panel",,"003","D1",,,,,,
"ETA","Courtesy Lamp Disable Connector","Police Option Only","N/A","Behind RH side of I/P, near grommet","C200","006","F2",,,,,,
"ETA","Crankshaft Position (CKP) Sensor",,"6C315","Lower RH front of engine","C177","003","B1",,,,,,
"ETA","Data Link Connector (DLC)",,"N/A","Behind LH side of I/P","C2021","006","F6",,,"23","10",,
"ETA","Day/Night Sensor/Amplifier",,"13A018","Top LH side of I/P, above instrument cluster","C286","005","A8",,,"87","3",,
"ETA","Daytime Running Lamps (DRL) Module","With Daytime Running Lamps (DRL)","15A272","Center front of vehicle, on front of upper radiator support","C180","001","F5",,,"97","4",,
"ETA","Differential Pressure Feedback EGR (DPFE) Sensor",,"90460","Center rear of engine, near RH side of intake manifold","C181","002","A6",,,,,,
"ETA","Dome Lamp",,"N/A","Center of headliner",,"009","A5",,,,,,
"ETA","Drivers Air Bag",,"043B13","In center of steering wheel","C237","004","A6",,,,,,
"ETA","Drivers Door Module",,"N/A","In center of LH front door","C520","009","F3",,,"57","5",,
"ETA","Drivers Door Module",,"N/A","In center of LH front door","C519","009","F3",,,"57","4",,
"ETA","Drivers Door Module",,"N/A","In center of LH front door","C518","009","F3",,,"57","4",,
"ETA","Drivers Lumbar Switch",,"N/A","In LH front seat assembly","C331",,,,,,,,
"ETA","Drivers Power Lumbar Compressor",,"14547","Under front of LH front seat assembly","C333","007","E1",,,,,,
"ETA","Drivers Power Seat Motor","with Power Recliner/Lumbar","14547","Under LH front seat assembly","C325","007","E10",,,"120","5",,
"ETA","Drivers Recliner Motor",,"54619A74","In rear of LH front seat assembly","C329","007","B10",,,,,,
"ETA","Drivers Seat Control Switch","W/Power Recliner","N/A","In LH front door","C516","008","D1",,,"120","4",,
"ETA","Drivers Seat Control Switch","W/O Power Recliner","N/A","On LH side of LH front seat assembly","C327","007","F10",,,"120","4",,
"ETA","Drivers Seat Module",,"N/A","Below drivers seat","C319","007","E1",,,"123","4",,
"ETA","Drivers Seat Module",,"N/A","Below drivers seat","C318","007","E1",,,"123","4",,
"ETA","Drivers Seat Module",,"N/A","Below drivers seat","C303","007","E1",,,"123","3",,
"ETA","Drivers Seat Module",,"N/A","Below drivers seat","C302","007","E1",,,"123","3",,
"ETA","DRL Module Jumper",,"14A624","Center front of vehicle, on front of upper radiator support","C180","001","F5",,,,,,
"ETA","EGR Vacuum Regulator (EVR) Solenoid",,"9D475","Top center rear of engine","C179","003","A5",,,,,,
"ETA","Electric Brake Controller Connector",,"D-43","Behind I/P, left of steering column","C243","004","A4",,,,,,
"ETA","Electronic Automatic Temperature Control (EATC) Module",,"19980","Center of I/P","C228","006","F4",,,"55","5",,
"ETA","Electronic Automatic Temperature Control (EATC) Module",,"19980","Center of I/P","C227","006","F4",,,"55","5",,
"ETA","Electronic Day/Night Mirror",,"17700","In center of windshield header","C900","004","A3",,,,,,
"ETA","Electronic Variable Orifice (EVO) Steering Module",,"3F712","Behind RH side of I/P, above glove box","C214","010","F7",,,"43","3",,
"ETA","Emergency Flasher Relay #1","W/Police","N/A","LH rear of trunk","C471","010","F8",,,,,,
"ETA","Emergency Flasher Relay #2","W/Police","N/A","LH rear of trunk","C471","010","F9",,,,,,
"ETA","Engine Compartment Fuse Box",,"14290","RH front of engine compartment, behind battery",,"002","D1",,,,,,
"ETA","Engine Coolant Temperature Sender","Natural Gas Vehicle","10884","Top RH front of engine, near fuel injector #1","C189","011","B1",,,,,,
"ETA","Engine Coolant Temperature Sender","Gasoline","10884","Top RH front of engine, near fuel injector #1","C175","001","A6",,,,,,
"ETA","Engine Coolant Temperature (ECT) Sensor",,"12A648","Top LH front of engine","C183","002","F6",,,,,,
"ETA","Engine Oil Pressure Switch",,"9278","Lower LH side of engine, above engine oil filter","C1014","001","E10",,,,,,
"ETA","EVAC and Fill Connector",,"N/A","LH front wheel well","C115","001","C10",,,"42","5",,
"ETA","Evaporative Emission (EVAP) Canister Purge Valve",,"N/A","Rear center of engine compartment","C108","002","A5",,,,,,
"ETA","EVO Actuator",,"3N803","Lower LH front of engine compartment, on power steering assembly","C184","001","C10",,,,,,
"ETA","EVO Test Connector",,"8345","RH side of trunk","C411","008","D10",,,,,,
"ETA","Front Control Unit","LUX","18C852","Center of I/P","C259","006","F7",,,"130","6",,
"ETA","Front Control Unit","LUX","18C852","Center of I/P","C257","006","F7",,,"130","5",,
"ETA","Front Control Unit","M100","19B131/19B132","Center of I/P","C258","006","F7",,,"130","5",,
"ETA","Front Dome/Reading Lamp",,"13776","Center of headliner","C907","009","A5",,,,,,
"ETA","Front Flasher",,"PIA","Right rear of engine compartment","C1038","001","A1",,,,,,
"ETA","Front Height Position Sensor",,"N/A","Under LH front seat","C320","007","E1",,,,,,
"ETA","Fuel Filler Door Release Solenoid",,"9B241","LH side of trunk, near fuel door","C463","010","F7",,,,,,
"ETA","Fuel Filler Door Release Switch",,"9B242","Center of LH front door, on rear of armrest","C506","010","D1",,,,,,
"ETA","Fuel Indicator Module (FIM)",,"N/A","Front of engine compartment","C124","011","F3",,,"24","11",,
"ETA","Fuel Injector #8",,"9F593","Top of cylinder #8","C197","002","C1",,,,,,
"ETA","Fuel Injector #7",,"9F593","Top of cylinder #7","C196","002","C1",,,,,,
"ETA","Fuel Injector #6",,"9F593","Top of cylinder #6","C195","002","C1",,,,,,
"ETA","Fuel Injector #5",,"9F593","Top of cylinder #5","C194","002","C1",,,,,,
"ETA","Fuel Injector #4",,"9F593","Top of cylinder #4","C193","002","C1",,,,,,
"ETA","Fuel Injector #3",,"9F593","Top of cylinder #3","C192","002","C1",,,,,,
"ETA","Fuel Injector #2",,"9F593","Top of cylinder #2","C191","002","C1",,,,,,
"ETA","Fuel Injector #1",,"9F593","Top of cylinder #1","C190","002","C1",,,,,,
"ETA","Fuel Pump Prime Connector",,"14489","LH side of engine compartment, near fender apron","C187","002","D10",,,,,,
"ETA","Fuel Pump Relay",,"14B192","LH side of engine compartment, in relay center","C110","001","B10",,,"23","10",,
"ETA","Fuel Rail Cutoff Solenoid",,"N/A","Top of engine, on fuel rail","C100","011","C1",,,,,,
"ETA","Fuel Rail Pressure Sensor",,"N/A","On top of engine","C116","011","A1",,,,,,
"ETA","Fuel Rail Temperature Sensor #1",,"N/A","On top of engine","C113","011","A3",,,,,,
"ETA","Fuel Rail Temperature Sensor #2",,"N/A","On top of engine","C114","011","A4",,,,,,
"ETA","Fuel Tank Assembly High Pressure Transducer",,"N/A","On fuel tank assembly","C422","011","B10",,,,,,
"ETA","Fuel Tank Assembly Temperature Sensor #1",,"N/A","On fuel tank assembly","C418","011","A8",,,,,,
"ETA","Fuel Tank Assembly Temperature Sensor #2",,"N/A","On fuel tank assembly","C419","011","F8",,,,,,
"ETA","Fuel Tank Solenoid Valve #1",,"N/A","On fuel tank assembly","C414","011","F5",,,,,,
"ETA","Fuel Tank Solenoid Valve #2",,"N/A","On fuel tank assembly","C415","011","F6",,,,,,
"ETA","Fuel Tank Solenoid Valve #3",,"N/A","On fuel tank assembly","C416","011","C10",,,,,,
"ETA","Fuel Tank Solenoid Valve #4",,"N/A","On fuel tank assembly","C417","011","F9",,,,,,
"ETA","Fuel Valve Relay","NGV Only","N/A","In relay center","C110",,,,,,,,
"ETA","Fuse Link",,"14526","RH side of engine compartment, at engine compartment fuse box",,"001","D1",,,,,,
"ETA","Generator/Voltage Regulator",,"10300","Top front of engine","C154","001","F6",,,,,,
"ETA","Generator/Voltage Regulator",,"10300","Top front of engine","C153","001","F6",,,,,,
"ETA","Glove Box Lamp",,"14413","Behind RH side of I/P, in glove box","C2016","005","B1",,,,,,
"ETA","Headlamp Switch Assembly",,"N/A","LH side of I/P, left of steering column","C262","005","D10",,,"13","18",,
"ETA","Headlamp Switch Assembly",,"N/A","LH side of I/P, left of steering column","C249","005","D10",,,"13","18",,
"ETA","High Mount Stop Lamp Assembly",,"13A613","Top center of rear package tray","C324","009","A6",,,,,,
"ETA","Hidden Antenna Module",,"8K891","RH front of trunk","C407","008","B10",,,,,,
"ETA","Horizontal Position Sensor",,"N/A","Under LH front seat","C322","007","D1",,,,,,
"ETA","Horn Assembly",,"13A803","LH front of vehicle, on bumper shock bracket","C1000","001","F8",,,,,,
"ETA","Horn Relay",,"14N089","RH front of engine compartment, in engine compartment fuse box",,"003","D1",,,,,,
"ETA","I/P Cigar Lighter",,"15055","Center of I/P","C2015",,,,,,,,
"ETA","I/P Cigar Lighter",,"15055","Center of I/P","C2013",,,,,,,,
"ETA","I/P Cigar Lighter Lamp",,"N/A","Center of I/P","C2011",,,,,,,,
"ETA","I/P Fuse Panel",,"14A067","Below I/P, left of steering column","C198","006","F10",,,,,,
"ETA","Idle Air Control (IAC) Valve",,"9F715","Center rear of engine, near LH side of intake manifold","C1003","003","F6",,,,,,
"ETA","Ignition Switch",,"11572","RH side of steering column","C292","005","E10",,,"13","19",,
"ETA","In-car Temperature Sensor",,"19C734","Behind top center of I/P","C293","006","A5",,,,,,
"ETA","Inertia Fuel Shut-off Switch",,"9D362","LH side of trunk, on support","C466","008","F7",,,,,,
"ETA","Instrument Cluster","Analog","10849","Top LH side of I/P","C250","005","A6",,,"60","7",,
"ETA","Instrument Cluster","Analog","10849","Top LH side of I/P","C251","006","C10",,,"60","7",,
"ETA","Instrument Cluster","Digital","10849","Top LH side of I/P","C256","006","A8",,,"63","6",,
"ETA","Instrument Cluster","Digital","10849","Top LH side of I/P","C255","006","A8",,,"63","6",,
"ETA","Instrument Cluster","Digital","10849","Top LH side of I/P","C254","006","A8",,,"63","6",,
"ETA","Intake Air Temperature (IAT) Sensor",,"12A697","LH front of engine compartment, on rear of air cleaner assembly","C157","002","E10",,,,,,
"ETA","Key Warning Switch",,"11A127","Top of steering column, part of ignition switch assembly","C283","005","F6",,,,,,
"ETA","Left Backup Lamp","Crown Victoria","13465","Rear of vehicle, on respective side","C484","009","F10",,,,,,
"ETA","Left Backup Lamp","Grand Marquis","13465","Rear of trunk lid, on respective side","C484","009","A8",,,,,,
"ETA","Left Cornering Lamp",,"15A425","Front of vehicle, on left side","C1024","003","F10",,,,,,
"ETA","Left Front Brake Sensor",,"2C204","In LH front brake assembly","C171","001","C10",,,,,,
"ETA","Left Front Door Courtesy Lamp",,"13776","On lower rear of LH front door","C512","009","F2",,,,,,
"ETA","Left Front Door Handle Switch",,"13752","In top rear of LH front door, on side of latch assembly","C504","009","D1",,,,,,
"ETA","Left Front Door Latch Switch",,"14018","In top rear of LH front doors, on rear of latch assembly","C500","010","D1",,,,,,
"ETA","Left Front Door Lock Motor",,"218A43/218A42","In lower rear of LH front door","C502","008","E1",,,,,,
"ETA","Left Front Door Speaker",,"18971/19B140","In lower front of LH front door","C513","010","B1",,,,,,
"ETA","Left Front Park/Turn Lamp","Grand Marquis","15A425","Front of vehicle, on left side","C1036","001","F10",,,,,,
"ETA","Left Front Park/Turn/Side Marker Lamp","Crown Victoria","13201","Front of vehicle, on left side","C1026","001","F8",,,,,,
"ETA","Left Front Side Marker Lamp","Grand Marquis","15A425","Front of vehicle, on left side","C1028","003","E10",,,,,,
"ETA","Left Front Window Motor",,"23394/23395","In lower front of LH front door","C510","010","A4",,,,,,
"ETA","Left Heated Oxygen Sensor #1 (HO2S)",,"9F472","Lower LH rear of engine, in exhaust manifold","C1006","002","C10",,,,,,
"ETA","Left Heated Oxygen Sensor #2 (HO2S)",,"9F472","In exhaust, rear of catalyst","C1039","004","F9",,,,,,
"ETA","Left Hi Beam Headlamp",,"N/A","LH front of vehicle","C1032","003","F8",,,,,,
"ETA","Left I/P Courtesy Lamp",,"13776","Under LH side of I/P","C2007","005","F8",,,,,,
"ETA","Left Ignition Coil",,"12029","Top LH front of engine, forward of valve cover","C1008","002","F7",,,,,,
"ETA","Left License Lamp",,"13550","Rear of car, near license plate","C486","009","E10",,,,,,
"ETA","Left Lock Cylinder Lamp",,"22050","In top rear of LH front door","C511","008","C1",,,,,,
"ETA","Left Lo Beam Headlamp",,"N/A","LH front of vehicle","C1030","003","F9",,,,,,
"ETA","Left Power/Heated Mirror",,"17682","Top front corner of LH front door","C508","010","B1",,,,,,
"ETA","Left Primary Crash Sensor",,"14B004","LH front of vehicle, on front of upper radiator support","C1004","003","F7",,,,,,
"ETA","Left Radio Noise Capacitor",,"18801","LH front of engine, on LH side of left ignition coil","C1010","002","F9",,,,,,
"ETA","Left Rear Air Spring Solenoid",,"5311","Below LH rear of vehicle, top of air spring","C492","008","F5",,,,,,
"ETA","Left Rear Brake Sensor",,"2B190","In LH rear brake assembly","C461","010","E10",,,,,,
"ETA","Left Rear Door Latch Switch",,"14018","In top rear of LH rear door, on rear of latch assembly","C700","010","F3",,,,,,
"ETA","Left Rear Door Lock Motor",,"26595/26594","In rear of LH rear door","C702","008","F2",,,,,,
"ETA","Left Rear Park/Stop/Turn Lamps",,"13404","Rear of vehicle, on left side","C481","009","F7",,,,,,
"ETA","Left Rear Park/Stop/Turn Lamps",,"13404","Rear of vehicle, on left side","C480","009","F7",,,,,,
"ETA","Left Rear Running Lamp",,"13404","Rear of vehicle, on left side","C495","009","F9",,,,,,
"ETA","Left Rear Speaker",,"19B135/18971","Under LH side of rear package tray","C488","010","F6",,,,,,
"ETA","Left Rear Window Control Switch",,"14529","Center of LH rear door, on armrest","C706","010","F3",,,"100","6",,
"ETA","Left Rear Window Motor",,"23394/23395","In lower front of LH rear door","C710","010","F4",,,,,,
"ETA","Left Spotlamp",,"N/A","At base of LH ""A"" pillar","C208",,,,,,,,
"ETA","Left Vanity Lamp",,"17A679","On top LH side of windshield header","C909","009","A3",,,,,,
"ETA","Lighting Control Module (LCM)",,"N/A","Behind LH side of I/P","C2029","005","F5",,,"58","5",,
"ETA","Lighting Control Module (LCM)",,"N/A","Behind LH side of I/P","C2028","005","F5",,,"58","5",,
"ETA","Lighting Control Module (LCM)",,"N/A","Behind LH side of I/P","C2027","005","F5",,,"58","4",,
"ETA","Lighting Control Module (LCM)",,"N/A","Behind LH side of I/P","C2026","005","F5",,,"58","4",,
"ETA","Linear Height Sensor",,"5A955","Below LH rear of vehicle, attached to rear upper control arm","C468","008","F9",,,,,,
"ETA","Mass Air Flow (MAF) Sensor",,"12B579","LH front of engine compartment, behind air cleaner assembly","C1012","002","F10",,,,,,
"ETA","Master Window/Door Lock Control Switch",,"14540","Center of LH front door, on armrest","C503","010","C1",,,"100","5",,
"ETA","Memory Switch",,"N/A","In front of LH front door","C521","008","E1",,,,,,
"ETA","Message Center Switch Assembly",,"10D893","Top LH side of I/P, RH side of instrument cluster","C264","005","A7",,,"63","7",,
"ETA","Multi-function Switch",,"13K359","Top LH side of steering column","C269","005","B10",,,"90","4",,
"ETA","Multi-function Switch",,"13K359","Top LH side of steering column","C268","005","B10",,,"90","4",,
"ETA","Octane Adjust Plug",,"14A464","LH side of engine compartment","C1013","002","D10",,,,,,
"ETA","One Touch Window Down Module",,"N/A","In center of LH front door, near master window/door lock control switch","C507","008","B1",,,"100","6",,
"ETA","Output Shaft Speed (OSS) Sensor",,"7H103","LH rear of transmission","C112","004","F7",,,,,,
"ETA","Park Brake Switch",,"15A851","Behind LH side of I/P, top of park brake assembly","C296","004","D1",,,,,,
"ETA","Passengers Air Bag",,"044A74","Behind RH side of I/P","C2010","006","A3",,,,,,
"ETA","Passengers Lumbar Switch",,"N/A","In RH front seat assembly","C332","007","C1",,,,,,
"ETA","Rear Window Defrost Control",,"19A328","Center of I/P, above radio","C2000","005","C10",,,"56","2",,
"ETA","Recliner Position Sensor",,"N/A","LH rear of LH front seat","C309","007","E10",,,,,,
"ETA","Relay Center",,"N/A","LH side of engine compartment","C110","001","B10",,,"21","3",,
"ETA","Remote Keyless Entry Switch Assembly",,"14A626","On outside of LH front door, above door handle","C505","009","C1",,,"111","4",,
"ETA","Right Backup Lamp","Crown Victoria","13465","Rear of vehicle, on respective side","C485","009","D10",,,,,,
"ETA","Right Backup Lamp","Grand Marquis","13465","Rear of trunk lid, on respective side","C485","009","B10",,,,,,
"ETA","Right Cornering Lamp",,"15A424","Front of vehicle, on right side","C1025","003","F2",,,,,,
"ETA","Right Front Brake Sensor",,"2C204","In RH front brake assembly","C172","002","E1",,,,,,
"ETA","Right Front Door Courtesy Lamp",,"13776","On lower rear of RH front door","C612","010","A8",,,,,,
"ETA","Right Front Door Handle Switch",,"13752","In top rear of RH front door, on side of latch assembly","C604","008","A4",,,,,,
"ETA","Right Front Door Latch Switch",,"14018","In top rear of RH front door, on rear of latch assembly","C600","010","A7",,,,,,
"ETA","Right Front Door Lock Motor",,"218A43/218A42","In lower rear of RH front door","C602","008","A6",,,,,,
"ETA","Right Front Door Speaker",,"18971/19B135","In lower front of RH front door","C613","010","A5",,,,,,
"ETA","Right Front Park/Turn Lamp","Grand Marquis","15A424","Front of vehicle, on right side","C1037","001","F2",,,,,,
"ETA","Right Front Park/Turn/Side Marker Lamp","Crown Victoria","13200","Front of vehicle, on right side","C1027","001","F3",,,,,,
"ETA","Right Front Side Marker Lamp","Grand Marquis","15A424","Front of vehicle, right side","C1029","003","E1",,,,,,
"ETA","Right Front Window/Door Lock Control Switch",,"14529","Center of RH front door, on armrest","C606","010","A6",,,"100","4",,
"ETA","Right Front Window Motor",,"23394/23395","In lower front of RH front door","C610","010","A4",,,,,,
"ETA","Right Heated Oxygen Sensor #1 (HO2S)",,"9F472","Lower RH rear of engine, in exhaust manifold","C1007","002","A3",,,,,,
"ETA","Right Vanity Lamp",,"N/A","On top RH side of windshield header","C910","009","A5",,,,,,
"ETA","Seat Belt Switch",,"10B924","In LH front seat belt buckle assembly","C304","007","A10",,,,,,
"ETA","Seat Switch",,"14A501","Under LH front seat assembly","C311","007","C10",,,,,,
"ETA","Shift Lock Actuator",,"3E723","Bottom of steering column","C201","005","F7",,,,,,
"ETA","Speed Control Servo Assembly",,"9C735","LH rear corner of engine compartment","C234","001","A10",,,"31","3",,
"ETA","Speed Control Switch Assembly",,"9C888","Top of steering column","C238",,,,,,,,
"ETA","Starter Motor/Solenoid",,"11000","Lower RH rear of engine","C1018","002","B1",,,,,,
"ETA","Steering Wheel Rotation Sensor",,"18B015","Bottom of steering column","C2001","005","F7",,,,,,
"ETA","Subwoofer Amplifier",,"18C804","Under LH side of rear package tray","C490","010","B10",,,,,,
"ETA","Subwoofer Amplifier",,"18C804","Under LH side of rear package tray","C470","010","B10",,,,,,
"ETA","Sun Load Sensor",,"19C734","Top RH side of I/P, above glove box","C210","006","A2",,,,,,
"ETA","Temperature Control Potentiometer",,"N/A","Behind center of I/P","C2020","005","F2",,,,,,
"ETA","Throttle Position (TP) Sensor",,"9B989","Top center rear of engine, LH side of throttle body","C1019","002","E10",,,,,,
"ETA","Trailer Battery Charging Relay","W/O Police","14677","LH side of trunk, on support","C471","009","F5",,,"95","3",,
"ETA","Trailer Exterior Lamps Relay","W/O Police","14677","LH side of trunk, on support","C471","009","F5",,,"95","3",,
"ETA","Trailer Left Turn Relay","W/O Police","14677","LH side of trunk, on support","C471","009","F5",,,"95","3",,
"ETA","Trailer Right Turn Relay","W/O Police","14677","LH side of trunk, on support","C471","009","F5",,,"95","3",,
"ETA","Transmission Control Switch (TCS)",,"N/A","Bottom of steering column","C202","006","F8",,,,,,
"ETA","Transmission Range (TR) Sensor",,"7A247","LH side of transmission","C168","004","F6",,,"93","2",,
"ETA","Trunk Lid Lamp",,"17A756","Center rear of trunk lid","C479","010","C10",,,,,,
"ETA","Trunk Lid Release Solenoid/Ajar Switch",,"14030","Center rear of trunk lid, part of latch assembly","C478","010","D10",,,,,,
"ETA","Fuel Tank Assembly",,"9H307","Below rear of vehicle, on rear of fuel tank","C464","008","F9",,,,,,
"ETA","Front Control Unit","M100","18C852","Center of I/P","C257","006","F7",,,"130","5",,
"ETA","Passengers Power Lumbar Compressor",,"14547","Under front of RH front seat assembly","C334","007","C1",,,,,,
"ETA","Passengers Power Seat Motor",,"14547","Under RH front seat assembly","C326","007","C1",,,"120","5",,
"ETA","Passengers Recliner Motor",,"54619A74","In rear of RH front seat assembly","C330","007","A1",,,,,,
"ETA","Passengers Seat Control Switch",,"14B692","In RH front door","C616","007","B1",,,"120","4",,
"ETA","PCM Power Diode",,"14A604","LH side of engine compartment, in relay center","C110","001","B10",,,"23","10",,
"ETA","PCM Power Relay",,"14B192","LH side of engine compartment, in relay center","C110","001","B10",,,"23","10",,
"ETA","Police Map Lamp Assembly",,"N/A","In center of windshield header","C901","008","A1",,,,,,
"ETA","Police Option Fuse Holder",,"N/A","Behind LH side of I/P, on I/P fuse panel",,"004","B10",,,,,,
"ETA","Police Power Relay",,"N/A","RH front of engine compartment, in engine compartment fuse box",,"003","D1",,,,,,
"ETA","Power Mirror Switch",,"17B676","Center of LH front door, on armrest","C550","010","C1",,,"124","2",,
"ETA","Powertrain Control Module (PCM)","Gasoline","12A650","Behind LH side of I/P, on LH side of safety wall","C185","002","A9",,,"23","8",,
"ETA","Radio Noise Capacitor",,"18801","Under right side rear strainer","C410",,,,,,,,
"ETA","Rear Chassis Unit",,"18C851","RH front of trunk, below rear package tray","C497","010","D10",,,"130","7",,
"ETA","Rear Chassis Unit",,"18C851","RH front of trunk, below rear package tray","C452","010","D10",,,"130","6",,
"ETA","Rear Chassis Unit",,"18C851","RH front of trunk, below rear package tray","C451","010","D10",,,"130","7",,
"ETA","Rear Chassis Unit",,"18C851","RH front of trunk, below rear package tray","C450","010","D10",,,,,,
"ETA","Rear Defogger Relay",,"14N089","RH front of engine compartment, in engine compartment fuse box",,"003","D1",,,,,,
"ETA","Rear Dome/Reading Lamp",,"13776","Center rear of headliner","C908","009","F3",,,,,,
"ETA","Rear Flasher",,"N/A","Center rear of trunk","C4001","009","A10",,,,,,
"ETA","Rear Height Position Sensor",,"N/A","Under LH front seat","C321","007","D1",,,,,,
"ETA","Right Heated Oxygen Sensor #2 (HO2S)",,"9F472","In exhaust, rear of catalyst","C1040","004","E10",,,,,,
"ETA","Right Hi Beam Headlamp",,"N/A","RH front of vehicle","C1033","003","F4",,,,,,
"ETA","Right I/P Courtesy Lamp",,"13776","Under RH side of I/P","C2008","004","E10",,,,,,
"ETA","Right Ignition Coil",,"12029","Top RH front of engine, forward of valve cover","C1009","002","F4",,,,,,
"ETA","Right License Lamp",,"13550","Rear of car, near license plate","C487","009","E10",,,,,,
"ETA","Right Lo Beam Headlamp",,"N/A","RH front of vehicle","C1031","003","F3",,,,,,
"ETA","Right Lock Cylinder Lamp",,"22050","In top rear of RH front door","C611","008","A3",,,,,,
"ETA","Right Power/Heated Mirror",,"N/A","Top front corner of LH front door","C608","010","A6",,,,,,
"ETA","Right Primary Crash Sensor",,"14B004","RH front of vehicle, on front of upper radiator support","C1005","003","F6",,,,,,
"ETA","Right Radio Noise Capacitor",,"18801","RH front of engine, on RH side of right ignition coil","C1011","002","F3",,,,,,
"ETA","Right Rear Air Spring Solenoid",,"5311","Below RH rear of vehicle, top of air spring","C467","008","C10",,,,,,
"ETA","Right Rear Brake Sensor",,"2B190","In RH rear brake assembly","C462","010","E10",,,,,,
"ETA","Right Rear Door Latch Switch",,"14018","In top rear of RH rear door, on rear of latch assembly","C800","010","A10",,,,,,
"ETA","Right Rear Door Lock Motor",,"26595/26594","In rear of RH rear door","C802","008","A9",,,,,,
"ETA","Right Rear Park/Stop/Turn Lamps",,"13405","Rear of vehicle, on right side","C483","009","C10",,,,,,
"ETA","Right Rear Park/Stop/Turn Lamps",,"13405","Rear of vehicle, on right side","C482","009","C10",,,,,,
"ETA","Right Rear Running Lamp",,"13405","Rear of vehicle, on right side","C496","009","D10",,,,,,
"ETA","Right Rear Speaker",,"19B135/18971","Under RH side of rear package tray","C489","010","B10",,,,,,
"ETA","Right Rear Window Control Switch",,"14529","Center of RH rear door, on armrest","C806","010","A9",,,"100","6",,
"ETA","Right Rear Window Motor",,"23394/23395","In lower front of RH rear door","C810","010","B10",,,,,,
"ETA","Right Spotlamp",,"N/A","At base of RH ""A"" pillar","C209",,,,,,,,
"ETA","Trunk Lid Release Switch",,"19B514","Center of LH front door, on rear of armrest","C501","010","E1",,,,,,
"ETA","Trunk Lid Release Switch (Police)",,"19B514","Top Center of I/P","C299",,,,,,,,
"ETA","Trunk Lid Switch",,"N/A","Center of trunk lid","C477","009","A7",,,,,,
"ETA","Vehicle Speed Sensor (VSS)",,"9D802","LH rear of transmission","C1020","004","F8",,,,,,
"ETA","Warning Lamps Module",,"N/A","Top of I/P, near LH side of steering column","C2004","005","C10",,,"65","3",,
"ETA","Windshield Washer Low Fluid Switch",,"17B649","LH front of engine compartment, in windshield washer fluid reservoir","C1021","003","D10",,,,,,
"ETA","Windshield Washer Pump",,"17664","LH front of engine compartment, in windshield washer fluid reservoir","C1022","003","D10",,,,,,
"ETA","Windshield Wiper Motor",,"17508","Mounted to wiper module, top center of safety wall","C151","001","A7",,,"81","3",,
"ETA","Wiper Control Module",,"17C476","Behind I/P, near RH side of steering column, above warning lamps module","C294","006","F5",,,"81","3",,
"ETA","Blend Door Actuator","without EATC","19E616","Behind RH side of I/P, top of A/C plenum","C282","004","A8",,,"54","4",,
"ETA","Powertrain Control Module (PCM)","Natural Gas","12A650","Behind LH side of I/P, on LH side of safety wall","C185","002","A9",,,"24","9",,
"ETA","Drivers Power Seat Motor","without Power Recliner/Lumbar","14547","Under LH front seat assembly","C325","007","E10",,,"120","5",,
"ETA","Camshaft Position (CMP) Sensor Shield",,"N/A","In harness 12A522 or 9D930",,,,,,,,,
"ETA","Crankshaft Position (CKP) Sensor Shield",,"N/A","In harness 12A522 or 9D930",,,,,,,,,
"ETA","Horn Switches",,"N/A","Top of steering column",,,,,,,,,
"ETA","Rear Window Defrost Relay",,"14N089","RH front of engine compartment, in engine compartment fuse panel",,,,,,,,,
"ETA","Subwoofer",,"N/A","Under LH side of rear package tray",,,,,,,,,
"ETA","Daytime Running Lamps (DRL) Module","Without Daytime Running Lamps (DRL)","15A272","Center front of vehicle, on front of upper radiator support","C180","001","F5",,,"97","4",,
