EVTM,Name,Qualifier,Location,Locpage,zone
,F1,Heated rear window,"engine compartment, front, LH-side, in Battery Junction Box (BJB)",B1,EXU
,F1,,"engine compartment, front, LH-side, in Battery Junction Box (BJB)",B1,EXU
,F2,Duratec-VE,"engine compartment, front, LH-side, in Battery Junction Box (BJB)",B2,EXU
,F2,ZETEC-VCT,"engine compartment, front, LH-side, in Battery Junction Box (BJB)",B2,EXU
,F2,,"engine compartment, front, LH-side, in Battery Junction Box (BJB)",B2,EXU
,F3,,"engine compartment, front, LH-side, in Battery Junction Box (BJB)",B3,EXU
,F4,with daytime running lamps,"engine compartment, front, LH-side, in Battery Junction Box (BJB)",C1,EXU
,F4,"Duratec-VE, manual transmission","engine compartment, front, LH-side, in Battery Junction Box (BJB)",C1,EXU
,F4,"Duratec-VE, automatic transmission","engine compartment, front, LH-side, in Battery Junction Box (BJB)",C1,EXU
,F4,Duratec-VE,"engine compartment, front, LH-side, in Battery Junction Box (BJB)",C1,EXU
,F4,ZETEC-VCT,"engine compartment, front, LH-side, in Battery Junction Box (BJB)",C1,EXU
,F4,,"engine compartment, front, LH-side, in Battery Junction Box (BJB)",C1,EXU
,F7,Duratec-VE,"engine compartment, front, LH-side, in Battery Junction Box (BJB)",E1,EXU
,F7,ZETEC-VCT,"engine compartment, front, LH-side, in Battery Junction Box (BJB)",E1,EXU
,F7,,"engine compartment, front, LH-side, in Battery Junction Box (BJB)",E1,EXU
,F8,,"engine compartment, front, LH-side, in Battery Junction Box (BJB)",E2,EXU
,F9,"Duratec-VE, manual transmission","engine compartment, front, LH-side, in Battery Junction Box (BJB)",E3,EXU
,F9,"Duratec-VE, automatic transmission","engine compartment, front, LH-side, in Battery Junction Box (BJB)",E3,EXU
,F9,ZETEC-VCT,"engine compartment, front, LH-side, in Battery Junction Box (BJB)",E3,EXU
,F9,,"engine compartment, front, LH-side, in Battery Junction Box (BJB)",E3,EXU
,F10,"without daytime running lamps, higher option content","engine compartment, front, LH-side, in Battery Junction Box (BJB)",E4,EXU
,F10,"lower option content, without daytime running lamps","engine compartment, front, LH-side, in Battery Junction Box (BJB)",E4,EXU
,F10,with daytime running lamps,"engine compartment, front, LH-side, in Battery Junction Box (BJB)",E4,EXU
,F10,,"engine compartment, front, LH-side, in Battery Junction Box (BJB)",E4,EXU
,F11,"Duratec-VE, manual transmission","engine compartment, front, LH-side, in Battery Junction Box (BJB)",B3,EXU
,F11,"Duratec-VE, automatic transmission","engine compartment, front, LH-side, in Battery Junction Box (BJB)",B3,EXU
,F11,ZETEC-VCT,"engine compartment, front, LH-side, in Battery Junction Box (BJB)",B3,EXU
,F11,,"engine compartment, front, LH-side, in Battery Junction Box (BJB)",B3,EXU
,F12,with speed control,"engine compartment, front, LH-side, in Battery Junction Box (BJB)",B2,EXU
,F12,without speed control,"engine compartment, front, LH-side, in Battery Junction Box (BJB)",B2,EXU
,F12,,"engine compartment, front, LH-side, in Battery Junction Box (BJB)",B2,EXU
,F13,"Duratec-VE, manual transmission","engine compartment, front, LH-side, in Battery Junction Box (BJB)",B2,EXU
,F13,"Duratec-VE, automatic transmission","engine compartment, front, LH-side, in Battery Junction Box (BJB)",B2,EXU
,F13,Duratec-VE,"engine compartment, front, LH-side, in Battery Junction Box (BJB)",B2,EXU
,F13,"ZETEC-VCT, manual transmission","engine compartment, front, LH-side, in Battery Junction Box (BJB)",B2,EXU
,F13,"ZETEC-VCT, automatic transmission","engine compartment, front, LH-side, in Battery Junction Box (BJB)",B2,EXU
,F13,ZETEC-VCT,"engine compartment, front, LH-side, in Battery Junction Box (BJB)",B2,EXU
,F13,,"engine compartment, front, LH-side, in Battery Junction Box (BJB)",B2,EXU
,F14,Duratec-VE,"engine compartment, front, LH-side, in Battery Junction Box (BJB)",C1,EXU
,F14,ZETEC-VCT,"engine compartment, front, LH-side, in Battery Junction Box (BJB)",C1,EXU
,F14,,"engine compartment, front, LH-side, in Battery Junction Box (BJB)",C1,EXU
,F15,"with bulb outage warning, without daytime running lamps","engine compartment, front, LH-side, in Battery Junction Box (BJB)",E3,EXU
,F15,"with bulb outage warning, with daytime running lamps","engine compartment, front, LH-side, in Battery Junction Box (BJB)",E3,EXU
,F15,without auxiliary warning,"engine compartment, front, LH-side, in Battery Junction Box (BJB)",E3,EXU
,F15,with auxiliary warning,"engine compartment, front, LH-side, in Battery Junction Box (BJB)",E3,EXU
,F15,,"engine compartment, front, LH-side, in Battery Junction Box (BJB)",E3,EXU
,F16,"with bulb outage warning, without daytime running lamps","engine compartment, front, LH-side, in Battery Junction Box (BJB)",E4,EXU
,F16,"with bulb outage warning, with daytime running lamps","engine compartment, front, LH-side, in Battery Junction Box (BJB)",E4,EXU
,F16,without auxiliary warning,"engine compartment, front, LH-side, in Battery Junction Box (BJB)",E4,EXU
,F16,with auxiliary warning,"engine compartment, front, LH-side, in Battery Junction Box (BJB)",E4,EXU
,F16,,"engine compartment, front, LH-side, in Battery Junction Box (BJB)",E4,EXU
,F17,without auxiliary warning,"engine compartment, front, LH-side, in Battery Junction Box (BJB)",D5,EXU
,F17,with auxiliary warning,"engine compartment, front, LH-side, in Battery Junction Box (BJB)",D5,EXU
,F17,,"engine compartment, front, LH-side, in Battery Junction Box (BJB)",D5,EXU
,F18,without auxiliary warning,"engine compartment, front, LH-side, in Battery Junction Box (BJB)",D5,EXU
,F18,with auxiliary warning,"engine compartment, front, LH-side, in Battery Junction Box (BJB)",D5,EXU
,F18,,"engine compartment, front, LH-side, in Battery Junction Box (BJB)",D5,EXU
,F19,Power mirrors,"under dash panel, LH-side, in Central Junction Box (CJB)",B2,EXU
,F19,,"under dash panel, LH-side, in Central Junction Box (CJB)",B2,EXU
,F20,"with variable intermittent wipers, with rear wiper","under dash panel, LH-side, in Central Junction Box (CJB)",B3,EXU
,F20,with variable intermittent wipers,"under dash panel, LH-side, in Central Junction Box (CJB)",B3,EXU
,F20,,"under dash panel, LH-side, in Central Junction Box (CJB)",B3,EXU
,F21,with double locking,"under dash panel, LH-side, in Central Junction Box (CJB)",B3,EXU
,F21,front power windows,"under dash panel, LH-side, in Central Junction Box (CJB)",B3,EXU
,F21,,"under dash panel, LH-side, in Central Junction Box (CJB)",B3,EXU
,F22,,"under dash panel, LH-side, in Central Junction Box (CJB)",B2,EXU
,F23,manual transmission,"under dash panel, LH-side, in Central Junction Box (CJB)",B4,EXU
,F23,automatic transmission,"under dash panel, LH-side, in Central Junction Box (CJB)",B4,EXU
,F23,with bulb outage warning,"under dash panel, LH-side, in Central Junction Box (CJB)",B4,EXU
,F23,speed control,"under dash panel, LH-side, in Central Junction Box (CJB)",B4,EXU
,F23,,"under dash panel, LH-side, in Central Junction Box (CJB)",B4,EXU
,F24,with bulb outage warning,"under dash panel, LH-side, in Central Junction Box (CJB)",E4,EXU
,F24,"speed control, manual transmission","under dash panel, LH-side, in Central Junction Box (CJB)",E4,EXU
,F24,"speed control, automatic transmission","under dash panel, LH-side, in Central Junction Box (CJB)",E4,EXU
,F24,Duratec-VE,"under dash panel, LH-side, in Central Junction Box (CJB)",E4,EXU
,F24,without auxiliary warning,"under dash panel, LH-side, in Central Junction Box (CJB)",E4,EXU
,F24,with auxiliary warning,"under dash panel, LH-side, in Central Junction Box (CJB)",E4,EXU
,F24,ZETEC-VCT,"under dash panel, LH-side, in Central Junction Box (CJB)",E4,EXU
,F24,,"under dash panel, LH-side, in Central Junction Box (CJB)",E4,EXU
,F25,automatic transmission,"under dash panel, LH-side, in Central Junction Box (CJB)",E2,EXU
,F25,,"under dash panel, LH-side, in Central Junction Box (CJB)",E2,EXU
,F26,"lower option content, without daytime running lamps","under dash panel, LH-side, in Central Junction Box (CJB)",E3,EXU
,F26,higher option content,"under dash panel, LH-side, in Central Junction Box (CJB)",E3,EXU
,F26,without auxiliary warning,"under dash panel, LH-side, in Central Junction Box (CJB)",E3,EXU
,F26,with auxiliary warning,"under dash panel, LH-side, in Central Junction Box (CJB)",E3,EXU
,F26,,"under dash panel, LH-side, in Central Junction Box (CJB)",E3,EXU
,F27,,"under dash panel, LH-side, in Central Junction Box (CJB)",E3,EXU
,F28,seat height adjust only,"under dash panel, LH-side, in Central Junction Box (CJB)",E2,EXU
,F28,8-way power seat,"under dash panel, LH-side, in Central Junction Box (CJB)",E2,EXU
,F28,"Data Link Connector, pins 4, 5 and 16","under dash panel, LH-side, in Central Junction Box (CJB)",E2,EXU
,F28,,"under dash panel, LH-side, in Central Junction Box (CJB)",E2,EXU
,F29,Heated rear window,"under dash panel, LH-side, in Central Junction Box (CJB)",C1,EXU
,F29,,"under dash panel, LH-side, in Central Junction Box (CJB)",C1,EXU
,F30,automatic transmission,"under dash panel, LH-side, in Central Junction Box (CJB)",C1,EXU
,F30,Duratec-VE,"under dash panel, LH-side, in Central Junction Box (CJB)",C1,EXU
,F30,Auxiliary warning,"under dash panel, LH-side, in Central Junction Box (CJB)",C1,EXU
,F30,"ZETEC-VCT, manual transmission","under dash panel, LH-side, in Central Junction Box (CJB)",C1,EXU
,F30,"ZETEC-VCT, automatic transmission","under dash panel, LH-side, in Central Junction Box (CJB)",C1,EXU
,F30,ZETEC-VCT,"under dash panel, LH-side, in Central Junction Box (CJB)",C1,EXU
,F30,,"under dash panel, LH-side, in Central Junction Box (CJB)",C1,EXU
,F31,"without daytime running lamps, higher option content","under dash panel, LH-side, in Central Junction Box (CJB)",C1,EXU
,F31,"lower option content, without daytime running lamps","under dash panel, LH-side, in Central Junction Box (CJB)",C1,EXU
,F31,with daytime running lamps,"under dash panel, LH-side, in Central Junction Box (CJB)",C1,EXU
,F31,,"under dash panel, LH-side, in Central Junction Box (CJB)",C1,EXU
,F32,,"under dash panel, LH-side, in Central Junction Box (CJB)",C1,EXU
,F33,"without daytime running lamps, higher option content","under dash panel, LH-side, in Central Junction Box (CJB)",C1,EXU
,F33,"lower option content, without daytime running lamps","under dash panel, LH-side, in Central Junction Box (CJB)",C1,EXU
,F33,with bulb outage warning,"under dash panel, LH-side, in Central Junction Box (CJB)",C1,EXU
,F33,with daytime running lamps,"under dash panel, LH-side, in Central Junction Box (CJB)",C1,EXU
,F33,"without auxiliary warning, higher option content","under dash panel, LH-side, in Central Junction Box (CJB)",C1,EXU
,F33,without auxiliary warning,"under dash panel, LH-side, in Central Junction Box (CJB)",C1,EXU
,F33,"with auxiliary warning, higher option content","under dash panel, LH-side, in Central Junction Box (CJB)",C1,EXU
,F33,with auxiliary warning,"under dash panel, LH-side, in Central Junction Box (CJB)",C1,EXU
,F33,,"under dash panel, LH-side, in Central Junction Box (CJB)",C1,EXU
,F34,Power mirrors,"under dash panel, LH-side, in Central Junction Box (CJB)",D1,EXU
,F34,,"under dash panel, LH-side, in Central Junction Box (CJB)",D1,EXU
,F35,"without daytime running lamps, higher option content","under dash panel, LH-side, in Central Junction Box (CJB)",D1,EXU
,F35,"lower option content, without daytime running lamps","under dash panel, LH-side, in Central Junction Box (CJB)",D1,EXU
,F35,with bulb outage warning,"under dash panel, LH-side, in Central Junction Box (CJB)",D1,EXU
,F35,with daytime running lamps,"under dash panel, LH-side, in Central Junction Box (CJB)",D1,EXU
,F35,"without auxiliary warning, higher option content","under dash panel, LH-side, in Central Junction Box (CJB)",D1,EXU
,F35,without auxiliary warning,"under dash panel, LH-side, in Central Junction Box (CJB)",D1,EXU
,F35,"with auxiliary warning, higher option content","under dash panel, LH-side, in Central Junction Box (CJB)",D1,EXU
,F35,with auxiliary warning,"under dash panel, LH-side, in Central Junction Box (CJB)",D1,EXU
,F35,,"under dash panel, LH-side, in Central Junction Box (CJB)",D1,EXU
,F36,,"under dash panel, LH-side, in Central Junction Box (CJB)",D1,EXU
,F37,,"under dash panel, LH-side, in Central Junction Box (CJB)",D1,EXU
,F38,,"under dash panel, LH-side, in Central Junction Box (CJB)",D1,EXU
,FB,Duratec-VE,engine,,EXU
,FB,ZETEC-VCT,engine,,EXU
,FB,,engine,,EXU
,FB1,,"behind dash panel, center",D2,EXU
