EVTM,NAME,QUALIFIER,LOCATION,ITEMID_,SORT
EXU,S3,Power mirrors,in driver door,,
EXU,S4,automatic transmission,RH A-pillar,,
EXU,S4,higher option content,RH A-pillar,,
EXU,S4,,RH A-pillar,,
EXU,S6,with double locking,RH A-pillar,,
EXU,S6,,RH A-pillar,,
EXU,S7,with double locking,RH A-pillar,,
EXU,S7,,RH A-pillar,,
EXU,S8,Duratec-VE,"vehicle floor, LH A-pillar, bottom",,
EXU,S8,ZETEC-VCT,"vehicle floor, LH A-pillar, bottom",,
EXU,S8,,"vehicle floor, LH A-pillar, bottom",,
EXU,S34,,"roof, front, center",,
EXU,S36,,"LH A-pillar, bottom",,
EXU,S44,Duratec-VE,"engine compartment, front, center",,
EXU,S44,ZETEC-VCT,"engine compartment, front, center",,
EXU,S44,,"engine compartment, front, center",,
EXU,S46,,"engine compartment, front, center",,
EXU,S47,"ZETEC-VCT, manual transmission",cylinder head,,
EXU,S47,"ZETEC-VCT, automatic transmission",cylinder head,,
EXU,S47,ZETEC-VCT,cylinder head,,
EXU,S48,"Duratec-VE, manual transmission",cylinder head,,
EXU,S48,"Duratec-VE, automatic transmission",cylinder head,,
EXU,S48,Duratec-VE,cylinder head,,
EXU,S48,"ZETEC-VCT, manual transmission",engine,,
EXU,S48,"ZETEC-VCT, automatic transmission",engine,,
EXU,S48,ZETEC-VCT,engine,,
EXU,S50,Duratec-VE,cylinder head,,
EXU,S51,Duratec-VE,cylinder head,,
EXU,S53,"Duratec-VE, manual transmission",engine,,
EXU,S53,Duratec-VE,engine,,
EXU,S53,"ZETEC-VCT, manual transmission",engine,,
EXU,S53,"ZETEC-VCT, automatic transmission",engine,,
EXU,S53,ZETEC-VCT,engine,,
EXU,S54,"Duratec-VE, manual transmission",engine,,
EXU,S54,"Duratec-VE, automatic transmission",engine,,
EXU,S54,"ZETEC-VCT, manual transmission","engine compartment, RH-side",,
EXU,S54,"ZETEC-VCT, automatic transmission","engine compartment, RH-side",,
EXU,S59,"Duratec-VE, manual transmission",engine,,
EXU,S59,"Duratec-VE, automatic transmission",engine,,
EXU,S59,Duratec-VE,engine,,
EXU,S59,"ZETEC-VCT, manual transmission",engine,,
EXU,S59,"ZETEC-VCT, automatic transmission",engine,,
EXU,S59,ZETEC-VCT,engine,,
EXU,S59,,engine,,
EXU,S60,"Duratec-VE, manual transmission",engine,,
EXU,S60,"Duratec-VE, automatic transmission",engine,,
EXU,S60,"ZETEC-VCT, manual transmission",engine,,
EXU,S60,"ZETEC-VCT, automatic transmission",engine,,
EXU,S60,,engine,,
EXU,S62,"Duratec-VE, manual transmission","engine compartment, rear, RH-side",,
EXU,S62,"Duratec-VE, automatic transmission","engine compartment, rear, RH-side",,
EXU,S62,Duratec-VE,"engine compartment, rear, RH-side",,
EXU,S62,"ZETEC-VCT, manual transmission",engine,,
EXU,S62,"ZETEC-VCT, automatic transmission",engine,,
EXU,S62,ZETEC-VCT,engine,,
EXU,S62,,"engine compartment, rear, RH-side",,
EXU,S62,,engine,,
EXU,S66,"ZETEC-VCT, automatic transmission",transmission,,
EXU,S67,"Duratec-VE, automatic transmission",engine,,
EXU,S67,Duratec-VE,engine,,
EXU,S86,front power windows,in driver door,,
EXU,S86,,in driver door,,
EXU,S106,manual transmission,"behind dash panel, LH-side",,
EXU,S106,automatic transmission,"behind dash panel, LH-side",,
EXU,S123,Duratec-VE,"engine bulkhead, LH-side",,
EXU,S123,ZETEC-VCT,"engine bulkhead, LH-side",,
EXU,S123,,"engine bulkhead, LH-side",,
EXU,S130,Duratec-VE,"behind dash panel, LH-side",,
EXU,S130,without auxiliary warning,"behind dash panel, LH-side",,
EXU,S130,with auxiliary warning,"behind dash panel, LH-side",,
EXU,S130,ZETEC-VCT,"behind dash panel, LH-side",,
EXU,S130,,"behind dash panel, LH-side",,
EXU,S136,with bulb outage warning,"behind dash panel, LH-side",,
EXU,S136,speed control,"behind dash panel, LH-side",,
EXU,S136,,"behind dash panel, LH-side",,
EXU,S147,"Duratec-VE, manual transmission","engine compartment, near Battery Junction Box (BJB)",,
EXU,S147,"Duratec-VE, automatic transmission","engine compartment, near Battery Junction Box (BJB)",,
EXU,S147,Duratec-VE,"engine compartment, near Battery Junction Box (BJB)",,
EXU,S147,"ZETEC-VCT, manual transmission","engine compartment, near Battery Junction Box (BJB)",,
EXU,S147,"ZETEC-VCT, automatic transmission","engine compartment, near Battery Junction Box (BJB)",,
EXU,S147,ZETEC-VCT,"engine compartment, near Battery Junction Box (BJB)",,
EXU,S147,,"engine compartment, near Battery Junction Box (BJB)",,
EXU,S164,lower option content,"behind dash panel, center",,
EXU,S164,higher option content,"behind dash panel, center",,
EXU,S164,,"behind dash panel, center",,
EXU,S166,,"behind dash panel, center",,
EXU,S178,"Duratec-VE, automatic transmission",engine,,
EXU,S178,,engine,,
EXU,S232,,"engine compartment, rear, LH-side",,
EXU,S240,,"engine compartment, rear, LH-side",,
EXU,S241,,"roof, front, center",,
EXU,S244,,"behind dash panel, RH-side",,
EXU,S250,Duratec-VE,"engine bulkhead, LH-side",,
EXU,S250,"Data Link Connector, pins 4, 5 and 16","engine bulkhead, LH-side",,
EXU,S250,ZETEC-VCT,"engine bulkhead, LH-side",,
EXU,S250,,"engine bulkhead, LH-side",,
EXU,S257,with double locking,in driver door,,
EXU,S257,front power windows,in driver door,,
EXU,S257,,in driver door,,
EXU,S258,with double locking,in passenger door,,
EXU,S258,,in passenger door,,
EXU,S271,With air conditioning,"engine compartment, front, center",,
EXU,S271,,"engine compartment, front, center",,
EXU,S274,,"behind dash panel, RH-side",,
EXU,S281,Duratec-VE,"behind dash panel, LH-side",,
EXU,S281,"Data Link Connector, pins 2, 10 and 13","behind dash panel, LH-side",,
EXU,S281,ZETEC-VCT,"behind dash panel, LH-side",,
EXU,S281,,"behind dash panel, LH-side",,
EXU,S282,Duratec-VE,"behind dash panel, LH-side",,
EXU,S282,"Data Link Connector, pins 2, 10 and 13","behind dash panel, LH-side",,
EXU,S282,ZETEC-VCT,"behind dash panel, LH-side",,
EXU,S282,,"behind dash panel, LH-side",,
EXU,S312,,"behind dash panel, center",,
EXU,S340,,"behind dash panel, center",,
EXU,S341,,"under dash panel, LH-side",,
EXU,S342,"without daytime running lamps, higher option content","behind dash panel, LH-side",,
EXU,S342,with daytime running lamps,"behind dash panel, LH-side",,
EXU,S342,,"behind dash panel, LH-side",,
EXU,S343,"without daytime running lamps, higher option content","behind dash panel, LH-side",,
EXU,S343,with daytime running lamps,"behind dash panel, LH-side",,
EXU,S343,,"behind dash panel, LH-side",,
EXU,S344,"without daytime running lamps, higher option content","behind dash panel, LH-side",,
EXU,S344,with daytime running lamps,"behind dash panel, LH-side",,
EXU,S344,,"behind dash panel, LH-side",,
EXU,S345,without auxiliary warning,"engine compartment, front, center",,
EXU,S346,without auxiliary warning,"engine compartment, front, center",,
EXU,S347,with bulb outage warning,"behind dash panel, LH-side",,
EXU,S347,without auxiliary warning,"engine compartment, front, center",,
EXU,S348,without auxiliary warning,"engine compartment, front, center",,
EXU,S349,front power windows,"LH A-pillar, bottom",,
EXU,S349,,"LH A-pillar, bottom",,
EXU,S350,with double locking,in passenger door,,
EXU,S350,front power windows,in passenger door,,
EXU,S350,,in passenger door,,
EXU,S351,with bulb outage warning,"behind dash panel, LH-side",,
EXU,S351,,"behind dash panel, LH-side",,
EXU,S352,"lower option content, without daytime running lamps","engine compartment, front, LH-side",,
EXU,S352,"without auxiliary warning, higher option content","engine compartment, front, LH-side",,
EXU,S352,without auxiliary warning,"engine compartment, front, LH-side",,
EXU,S352,,"engine compartment, front, LH-side",,
EXU,S353,"lower option content, without daytime running lamps","engine compartment, front, RH-side",,
EXU,S353,"without auxiliary warning, higher option content","engine compartment, front, RH-side",,
EXU,S353,without auxiliary warning,"engine compartment, front, RH-side",,
EXU,S353,with auxiliary warning,"engine compartment, front, RH-side",,
EXU,S353,,"engine compartment, front, RH-side",,
EXU,S354,manual transmission,"vehicle rear end, RH-side",,
EXU,S354,automatic transmission,"vehicle rear end, RH-side",,
EXU,S354,"lower option content, without daytime running lamps","vehicle rear end, RH-side",,
EXU,S354,lower option content,"vehicle rear end, RH-side",,
EXU,S354,with bulb outage warning,"vehicle rear end, RH-side",,
EXU,S354,higher option content,"vehicle rear end, RH-side",,
EXU,S354,"without auxiliary warning, higher option content","vehicle rear end, RH-side",,
EXU,S354,without auxiliary warning,"vehicle rear end, RH-side",,
EXU,S354,"with auxiliary warning, higher option content","vehicle rear end, RH-side",,
EXU,S354,with auxiliary warning,"vehicle rear end, RH-side",,
EXU,S354,Auxiliary warning,"vehicle rear end, RH-side",,
EXU,S354,,"vehicle rear end, RH-side",,
EXU,S355,manual transmission,"vehicle rear end, LH-side",,
EXU,S355,automatic transmission,"vehicle rear end, LH-side",,
EXU,S355,"lower option content, without daytime running lamps","vehicle rear end, LH-side",,
EXU,S355,lower option content,"vehicle rear end, LH-side",,
EXU,S355,with bulb outage warning,"vehicle rear end, LH-side",,
EXU,S355,higher option content,"vehicle rear end, LH-side",,
EXU,S355,"without auxiliary warning, higher option content","vehicle rear end, LH-side",,
EXU,S355,without auxiliary warning,"vehicle rear end, LH-side",,
EXU,S355,"with auxiliary warning, higher option content","vehicle rear end, LH-side",,
EXU,S355,with auxiliary warning,"vehicle rear end, LH-side",,
EXU,S355,Auxiliary warning,"vehicle rear end, LH-side",,
EXU,S355,,"vehicle rear end, LH-side",,
EXU,S356,seat height adjust only,under LH front seat,,
EXU,S356,8-way power seat,under LH front seat,,
EXU,S356,,under LH front seat,,
EXU,S357,Duratec-VE,"engine compartment, rear, RH-side",,
EXU,S357,ZETEC-VCT,"engine compartment, rear, RH-side",,
EXU,S358,lower option content,"behind dash panel, LH-side",,
EXU,S358,Heated rear window,"behind dash panel, LH-side",,
EXU,S359,lower option content,"behind dash panel, LH-side",,
EXU,S360,,"engine compartment, LH-side, rear",,
EXU,S361,"with bulb outage warning, without daytime running lamps","engine compartment, front, center",,
EXU,S361,"with bulb outage warning, with daytime running lamps","engine compartment, front, center",,
EXU,S361,"without auxiliary warning, higher option content","engine compartment, front, center",,
EXU,S361,without auxiliary warning,"engine compartment, front, center",,
EXU,S361,with auxiliary warning,"engine compartment, front, center",,
EXU,S361,,"engine compartment, front, center",,
EXU,S362,"lower option content, without daytime running lamps","engine compartment, front, center",,
EXU,S362,lower option content,"engine compartment, front, center",,
EXU,S362,"with bulb outage warning, without daytime running lamps","engine compartment, front, center",,
EXU,S362,"with bulb outage warning, with daytime running lamps","engine compartment, front, center",,
EXU,S362,with bulb outage warning,"engine compartment, front, center",,
EXU,S362,higher option content,"engine compartment, front, center",,
EXU,S362,"without auxiliary warning, higher option content","engine compartment, front, center",,
EXU,S362,without auxiliary warning,"engine compartment, front, center",,
EXU,S362,"with auxiliary warning, higher option content","engine compartment, front, center",,
EXU,S362,with auxiliary warning,"engine compartment, front, center",,
EXU,S362,,"engine compartment, front, center",,
EXU,S363,"lower option content, without daytime running lamps","engine bulkhead, LH-side",,
EXU,S363,with bulb outage warning,"engine bulkhead, LH-side",,
EXU,S363,with variable intermittent wipers,"engine bulkhead, LH-side",,
EXU,S363,"without auxiliary warning, higher option content","engine bulkhead, LH-side",,
EXU,S363,without auxiliary warning,"engine bulkhead, LH-side",,
EXU,S363,"with auxiliary warning, higher option content","engine bulkhead, LH-side",,
EXU,S363,with auxiliary warning,"engine bulkhead, LH-side",,
EXU,S363,,"engine bulkhead, LH-side",,
EXU,S364,"Data Link Connector, pin 7","behind dash panel, LH-side",,
EXU,S364,,"behind dash panel, LH-side",,
EXU,S365,,"wheel well, front, LH-side",,
EXU,S366,"Duratec-VE, automatic transmission","engine compartment, rear, RH-side",,
EXU,S366,Duratec-VE,"engine compartment, rear, RH-side",,
EXU,S366,"ZETEC-VCT, automatic transmission","engine compartment, rear, RH-side",,
EXU,S366,ZETEC-VCT,"engine compartment, rear, RH-side",,
EXU,S367,with bulb outage warning,"behind dash panel, LH-side",,
EXU,S367,Duratec-VE,"behind dash panel, LH-side",,
EXU,S367,without auxiliary warning,"behind dash panel, LH-side",,
EXU,S367,with auxiliary warning,"behind dash panel, LH-side",,
EXU,S367,ZETEC-VCT,"behind dash panel, LH-side",,
EXU,S367,,"behind dash panel, LH-side",,
EXU,S369,lower option content,"behind dash panel, center",,
EXU,S369,higher option content,"behind dash panel, center",,
EXU,S370,with double locking,RH A-pillar,,
EXU,S370,,RH A-pillar,,
EXU,S371,with double locking,RH A-pillar,,
EXU,S372,"without daytime running lamps, higher option content","behind dash panel, LH-side",,
EXU,S372,with daytime running lamps,"behind dash panel, LH-side",,
EXU,S372,,"behind dash panel, LH-side",,
EXU,S373,"without daytime running lamps, higher option content","behind dash panel, LH-side",,
EXU,S373,"with bulb outage warning, without daytime running lamps","behind dash panel, LH-side",,
EXU,S373,"with bulb outage warning, with daytime running lamps","behind dash panel, LH-side",,
EXU,S373,with daytime running lamps,"behind dash panel, LH-side",,
EXU,S373,,"behind dash panel, LH-side",,
EXU,S374,,center console,,
EXU,S375,manual transmission,center console,,
EXU,S375,automatic transmission,center console,,
EXU,S376,Auxiliary warning,"wheel well, front, LH-side",,
EXU,S377,,"behind dash panel, LH-side",,
EXU,S405,,"engine bulkhead, LH-side",,
EXU,S406,"Duratec-VE, manual transmission","behind dash panel, LH-side",,
EXU,S406,"Duratec-VE, automatic transmission","behind dash panel, LH-side",,
EXU,S406,"ZETEC-VCT, manual transmission","behind dash panel, LH-side",,
EXU,S406,"ZETEC-VCT, automatic transmission","behind dash panel, LH-side",,
EXU,S407,"Duratec-VE, automatic transmission",engine,,
EXU,S408,Duratec-VE,"engine compartment, rear, RH-side",,
EXU,S408,ZETEC-VCT,"engine compartment, rear, RH-side",,
EXU,S408,,"engine compartment, rear, RH-side",,
EXU,S414,Duratec-VE,cylinder head,,
EXU,S414,ZETEC-VCT,cylinder head,,
EXU,S421,"lower option content, without daytime running lamps","under dash panel, LH-side",,
EXU,S421,,"under dash panel, LH-side",,
EXU,S1002,,"engine compartment, rear, LH-side",,
EXU,S3001,"with bulb outage warning, without daytime running lamps","engine compartment, front, LH-side",,
EXU,S3001,"with bulb outage warning, with daytime running lamps","engine compartment, front, LH-side",,
EXU,S3001,Auxiliary warning,"engine compartment, front, LH-side",,
EXU,S3001,,"engine compartment, front, LH-side",,
EXU,S3005,"Duratec-VE, manual transmission",engine,,
EXU,S3005,"Duratec-VE, automatic transmission",engine,,
EXU,S3005,Duratec-VE,engine,,
EXU,S3005,"ZETEC-VCT, manual transmission",engine,,
EXU,S3005,"ZETEC-VCT, automatic transmission",engine,,
EXU,S3005,ZETEC-VCT,engine,,
EXU,S3010,"Data Link Connector, pins 4, 5 and 16","behind dash panel, LH-side",,
EXU,S3010,,"behind dash panel, LH-side",,
EXU,S3053,"ZETEC-VCT, automatic transmission","engine compartment, RH-side",,
EXU,S3053,ZETEC-VCT,"engine compartment, RH-side",,
