EVTM,CELL,PAGE,NAME,QUALIFIER,ITEMID_,SORT
EWL,010,002,4 Wheel Anti-Lock Brake System (4WABS) Module,2.5L,,
EWL,010,002,4 Wheel Anti-Lock Brake System (4WABS) Module,3.0L,,
EWL,010,002,4 Wheel Anti-Lock Brake System (4WABS) Module,4.0L,,
EWL,013,003,4 Wheel Anti-Lock Brake System (4WABS) Module,2.5L,,
EWL,013,003,4 Wheel Anti-Lock Brake System (4WABS) Module,3.0L,,
EWL,013,003,4 Wheel Anti-Lock Brake System (4WABS) Module,4.0L,,
EWL,013,011,4 Wheel Anti-Lock Brake System (4WABS) Module,2.5L,,
EWL,013,011,4 Wheel Anti-Lock Brake System (4WABS) Module,3.0L,,
EWL,013,011,4 Wheel Anti-Lock Brake System (4WABS) Module,4.0L,,
EWL,023,002,4 Wheel Anti-Lock Brake System (4WABS) Module,2.5L,,
EWL,024,002,4 Wheel Anti-Lock Brake System (4WABS) Module,3.0L,,
EWL,029,002,4 Wheel Anti-Lock Brake System (4WABS) Module,2.5L,,
EWL,030,002,4 Wheel Anti-Lock Brake System (4WABS) Module,4.0L,,
EWL,031,002,4 Wheel Anti-Lock Brake System (4WABS) Module,2.5L,,
EWL,031,002,4 Wheel Anti-Lock Brake System (4WABS) Module,3.0L,,
EWL,031,002,4 Wheel Anti-Lock Brake System (4WABS) Module,4.0L,,
EWL,042,003,4 Wheel Anti-Lock Brake System (4WABS) Module,2.5L,,
EWL,042,003,4 Wheel Anti-Lock Brake System (4WABS) Module,3.0L,,
EWL,042,003,4 Wheel Anti-Lock Brake System (4WABS) Module,4.0L,,
EWL,042,004,4 Wheel Anti-Lock Brake System (4WABS) Module,2.5L,,
EWL,042,004,4 Wheel Anti-Lock Brake System (4WABS) Module,3.0L,,
EWL,042,004,4 Wheel Anti-Lock Brake System (4WABS) Module,4.0L,,
EWL,060,003,4 Wheel Anti-Lock Brake System (4WABS) Module,2.5L,,
EWL,060,003,4 Wheel Anti-Lock Brake System (4WABS) Module,3.0L,,
EWL,060,003,4 Wheel Anti-Lock Brake System (4WABS) Module,4.0L,,
EWL,064,001,4 Wheel Anti-Lock Brake System (4WABS) Module,2.5L,,
EWL,064,001,4 Wheel Anti-Lock Brake System (4WABS) Module,3.0L,,
EWL,064,001,4 Wheel Anti-Lock Brake System (4WABS) Module,4.0L,,
EWL,090,004,4 Wheel Anti-Lock Brake System (4WABS) Module,2.5L,,
EWL,090,004,4 Wheel Anti-Lock Brake System (4WABS) Module,3.0L,,
EWL,090,004,4 Wheel Anti-Lock Brake System (4WABS) Module,4.0L,,
EWL,013,009,4R44E Automatic Transmission,,,
EWL,013,009,4R44E Automatic Transmission,,,
EWL,023,007,4R44E Automatic Transmission,,,
EWL,029,004,4R44E Automatic Transmission,,,
EWL,014,001,4WABS Control Module,,,
EWL,010,005,4WD Mode Switch,,,
EWL,034,002,4WD Mode Switch,,,
EWL,071,002,4WD Mode Switch,,,
EWL,013,009,5R55E Automatic Transmission,,,
EWL,030,004,5R55E Automatic Transmission,,,
EWL,013,005,A/C Clutch Control Relay (ACCR),,,
EWL,013,009,A/C Clutch Control Relay (ACCR),,,
EWL,023,001,A/C Clutch Control Relay (ACCR),,,
EWL,023,007,A/C Clutch Control Relay (ACCR),,,
EWL,024,001,A/C Clutch Control Relay (ACCR),,,
EWL,024,007,A/C Clutch Control Relay (ACCR),,,
EWL,025,001,A/C Clutch Control Relay (ACCR),,,
EWL,025,007,A/C Clutch Control Relay (ACCR),,,
EWL,054,002,A/C Clutch Control Relay (ACCR),,,
EWL,025,007,A/C Clutch Cycling Pressure Switch,4.0L,,
EWL,029,002,A/C Clutch Cycling Pressure Switch,2.5L,,
EWL,029,002,A/C Clutch Cycling Pressure Switch,3.0L,,
EWL,030,002,A/C Clutch Cycling Pressure Switch,4.0L,,
EWL,054,002,A/C Clutch Cycling Pressure Switch,2.5L,,
EWL,054,002,A/C Clutch Cycling Pressure Switch,3.0L,,
EWL,054,002,A/C Clutch Cycling Pressure Switch,4.0L,,
EWL,010,005,A/C Clutch Diode,,,
EWL,054,002,A/C Clutch Diode,,,
EWL,010,005,A/C Clutch Field Coil,2.5L,,
EWL,010,005,A/C Clutch Field Coil,3.0L,,
EWL,010,005,A/C Clutch Field Coil,4.0L,,
EWL,054,002,A/C Clutch Field Coil,2.5L,,
EWL,054,002,A/C Clutch Field Coil,3.0L,,
EWL,054,002,A/C Clutch Field Coil,4.0L,,
EWL,010,001,A/C Pressure Cutoff Switch,2.5L,,
EWL,010,001,A/C Pressure Cutoff Switch,3.0L,,
EWL,010,001,A/C Pressure Cutoff Switch,4.0L,,
EWL,054,002,A/C Pressure Cutoff Switch,2.5L,,
EWL,054,002,A/C Pressure Cutoff Switch,3.0L,,
EWL,054,002,A/C Pressure Cutoff Switch,4.0L,,
EWL,010,005,A/C-Heater Control Assembly,,,
EWL,013,015,A/C-Heater Control Assembly,,,
EWL,025,007,A/C-Heater Control Assembly,,,
EWL,029,002,A/C-Heater Control Assembly,,,
EWL,030,002,A/C-Heater Control Assembly,,,
EWL,053,001,A/C-Heater Control Assembly,,,
EWL,054,001,A/C-Heater Control Assembly,,,
EWL,054,002,A/C-Heater Control Assembly,,,
EWL,071,002,A/C-Heater Control Assembly,,,
EWL,014,001,ABS Evac And Fill Connector,,,
EWL,042,003,Acceleration Sensor,,,
EWL,013,002,Accessory Delay Relay,,,
EWL,100,001,Accessory Delay Relay,,,
EWL,010,002,Air Bag Electronic Crash Sensor (ECS),,,
EWL,013,004,Air Bag Electronic Crash Sensor (ECS),,,
EWL,013,010,Air Bag Electronic Crash Sensor (ECS),,,
EWL,014,001,Air Bag Electronic Crash Sensor (ECS),,,
EWL,046,001,Air Bag Electronic Crash Sensor (ECS),,,
EWL,046,002,Air Bag Electronic Crash Sensor (ECS),,,
EWL,059,003,Air Bag Electronic Crash Sensor (ECS),,,
EWL,060,004,Air Bag Electronic Crash Sensor (ECS),,,
EWL,010,006,All Lock Relay,,,
EWL,013,011,All Lock Relay,,,
EWL,110,001,All Lock Relay,,,
EWL,117,002,All Lock Relay,,,
EWL,010,006,All Unlock Relay,,,
EWL,013,011,All Unlock Relay,,,
EWL,110,001,All Unlock Relay,,,
EWL,117,002,All Unlock Relay,,,
EWL,010,007,Anti-Theft Hood Switch,2.5L,,
EWL,010,007,Anti-Theft Hood Switch,3.0L,,
EWL,010,007,Anti-Theft Hood Switch,4.0L,,
EWL,117,003,Anti-Theft Hood Switch,2.5L,,
EWL,117,003,Anti-Theft Hood Switch,3.0L,,
EWL,117,003,Anti-Theft Hood Switch,4.0L,,
EWL,010,005,Auxiliary Power Socket,,,
EWL,013,016,Auxiliary Power Socket,,,
EWL,044,001,Auxiliary Power Socket,,,
EWL,013,015,Backup Lamp Switch,,,
EWL,093,001,Backup Lamp Switch,,,
EWL,010,001,Battery,2.5L,,
EWL,010,001,Battery,3.0L,,
EWL,010,001,Battery,4.0L,,
EWL,012,001,Battery,2.5L,,
EWL,012,001,Battery,3.0L,,
EWL,012,001,Battery,4.0L,,
EWL,020,001,Battery,2.5L,,
EWL,020,002,Battery,3.0L,,
EWL,020,002,Battery,4.0L,,
EWL,013,016,Battery Saver Relay,w/power equipment or 4x4,,
EWL,013,017,Battery Saver Relay,w/o power equipment or 4x4,,
EWL,034,001,Battery Saver Relay,w/power equipment or 4x4,,
EWL,100,001,Battery Saver Relay,w/power equipment or 4x4,,
EWL,010,006,Blend Door Actuator,,,
EWL,013,015,Blend Door Actuator,,,
EWL,054,002,Blend Door Actuator,,,
EWL,053,001,Blower Motor,2.5L,,
EWL,053,001,Blower Motor,3.0L,,
EWL,053,001,Blower Motor,4.0L,,
EWL,054,001,Blower Motor,2.5L,,
EWL,054,001,Blower Motor,3.0L,,
EWL,054,001,Blower Motor,4.0L,,
EWL,013,003,Blower Motor Relay,2.5L,,
EWL,013,003,Blower Motor Relay,3.0L,,
EWL,013,003,Blower Motor Relay,4.0L,,
EWL,013,010,Blower Motor Relay,2.5L,,
EWL,013,010,Blower Motor Relay,3.0L,,
EWL,013,010,Blower Motor Relay,4.0L,,
EWL,053,001,Blower Motor Relay,2.5L,,
EWL,053,001,Blower Motor Relay,3.0L,,
EWL,053,001,Blower Motor Relay,4.0L,,
EWL,054,001,Blower Motor Relay,2.5L,,
EWL,054,001,Blower Motor Relay,3.0L,,
EWL,054,001,Blower Motor Relay,4.0L,,
EWL,053,001,Blower Motor Resistor Assembly,2.5L,,
EWL,053,001,Blower Motor Resistor Assembly,3.0L,,
EWL,053,001,Blower Motor Resistor Assembly,4.0L,,
EWL,054,001,Blower Motor Resistor Assembly,2.5L,,
EWL,054,001,Blower Motor Resistor Assembly,3.0L,,
EWL,054,001,Blower Motor Resistor Assembly,4.0L,,
EWL,053,001,Blower Switch,,,
EWL,054,001,Blower Switch,,,
EWL,010,005,Brake Fluid Level Switch,2.5L,,
EWL,010,005,Brake Fluid Level Switch,3.0L,,
EWL,010,005,Brake Fluid Level Switch,4.0L,,
EWL,013,001,Brake Fluid Level Switch,2.5L,,
EWL,013,001,Brake Fluid Level Switch,3.0L,,
EWL,013,001,Brake Fluid Level Switch,4.0L,,
EWL,013,019,Brake Fluid Level Switch,2.5L,,
EWL,013,019,Brake Fluid Level Switch,3.0L,,
EWL,013,019,Brake Fluid Level Switch,4.0L,,
EWL,042,001,Brake Fluid Level Switch,2.5L,,
EWL,042,001,Brake Fluid Level Switch,3.0L,,
EWL,042,001,Brake Fluid Level Switch,4.0L,,
EWL,060,005,Brake Fluid Level Switch,2.5L,,
EWL,060,005,Brake Fluid Level Switch,3.0L,,
EWL,060,005,Brake Fluid Level Switch,4.0L,,
EWL,010,004,Brake Pedal Position (BPP) Switch,,,
EWL,013,012,Brake Pedal Position (BPP) Switch,,,
EWL,029,002,Brake Pedal Position (BPP) Switch,,,
EWL,030,002,Brake Pedal Position (BPP) Switch,,,
EWL,031,002,Brake Pedal Position (BPP) Switch,,,
EWL,037,001,Brake Pedal Position (BPP) Switch,,,
EWL,042,001,Brake Pedal Position (BPP) Switch,,,
EWL,042,003,Brake Pedal Position (BPP) Switch,,,
EWL,059,004,Brake Pedal Position (BPP) Switch,,,
EWL,090,004,Brake Pedal Position (BPP) Switch,,,
EWL,013,012,Brake Pressure Switch,2.5L,,
EWL,013,012,Brake Pressure Switch,3.0L,,
EWL,013,012,Brake Pressure Switch,4.0L,,
EWL,031,002,Brake Pressure Switch,2.5L,,
EWL,031,002,Brake Pressure Switch,3.0L,,
EWL,031,002,Brake Pressure Switch,4.0L,,
EWL,010,001,Camshaft Position (CMP) Sensor,2.5L,,
EWL,010,001,Camshaft Position (CMP) Sensor,3.0L,,
EWL,010,001,Camshaft Position (CMP) Sensor,4.0L,,
EWL,013,005,Camshaft Position (CMP) Sensor,2.5L,,
EWL,013,005,Camshaft Position (CMP) Sensor,3.0L,,
EWL,013,005,Camshaft Position (CMP) Sensor,4.0L,,
EWL,023,004,Camshaft Position (CMP) Sensor,2.5L,,
EWL,024,004,Camshaft Position (CMP) Sensor,3.0L,,
EWL,025,004,Camshaft Position (CMP) Sensor,4.0L,,
EWL,025,008,Canister Vent Solenoid,,,
EWL,010,002,Central Timer Module (CTM),,,
EWL,010,005,Central Timer Module (CTM),,,
EWL,013,010,Central Timer Module (CTM),,,
EWL,013,013,Central Timer Module (CTM),,,
EWL,013,016,Central Timer Module (CTM),,,
EWL,013,017,Central Timer Module (CTM),,,
EWL,013,018,Central Timer Module (CTM),,,
EWL,059,001,Central Timer Module (CTM),,,
EWL,059,002,Central Timer Module (CTM),,,
EWL,060,002,Central Timer Module (CTM),,,
EWL,060,003,Central Timer Module (CTM),,,
EWL,064,001,Central Timer Module (CTM),,,
EWL,064,002,Central Timer Module (CTM),,,
EWL,066,001,Central Timer Module (CTM),,,
EWL,071,001,Central Timer Module (CTM),,,
EWL,081,001,Central Timer Module (CTM),,,
EWL,081,002,Central Timer Module (CTM),,,
EWL,089,001,Central Timer Module (CTM),,,
EWL,089,001,Central Timer Module (CTM),,,
EWL,090,004,Central Timer Module (CTM),,,
EWL,010,005,Cigar Lighter,,,
EWL,013,010,Cigar Lighter,,,
EWL,044,001,Cigar Lighter,,,
EWL,010,002,Clockspring Assembly,,,
EWL,031,001,Clockspring Assembly,,,
EWL,044,002,Clockspring Assembly,,,
EWL,046,001,Clockspring Assembly,,,
EWL,059,002,Clockspring Assembly,,,
EWL,066,001,Clockspring Assembly,,,
EWL,071,002,Clockspring Assembly,,,
EWL,013,018,Clutch Pedal Position (CPP) Switch,,,
EWL,020,001,Clutch Pedal Position (CPP) Switch,,,
EWL,020,002,Clutch Pedal Position (CPP) Switch,,,
EWL,023,003,Clutch Pedal Position (CPP) Switch,,,
EWL,024,003,Clutch Pedal Position (CPP) Switch,,,
EWL,025,003,Clutch Pedal Position (CPP) Switch,,,
EWL,031,002,Clutch Pedal Position (CPP) Switch,,,
EWL,090,004,Clutch Pedal Position (CPP) Switch,,,
EWL,020,001,Clutch Pedal Position (CPP) Switch Jumper,,,
EWL,020,002,Clutch Pedal Position (CPP) Switch Jumper,,,
EWL,023,003,Clutch Pedal Position (CPP) Switch Jumper,,,
EWL,024,003,Clutch Pedal Position (CPP) Switch Jumper,,,
EWL,025,003,Clutch Pedal Position (CPP) Switch Jumper,,,
EWL,021,001,Crankshaft Position (CKP) Sensor,2.5L,,
EWL,021,001,Crankshaft Position (CKP) Sensor,3.0L,,
EWL,021,001,Crankshaft Position (CKP) Sensor,4.0L,,
EWL,010,002,Data Link Connector (DLC),2.5L,,
EWL,010,002,Data Link Connector (DLC),3.0L,,
EWL,010,002,Data Link Connector (DLC),4.0L,,
EWL,010,004,Data Link Connector (DLC),2.5L,,
EWL,010,004,Data Link Connector (DLC),3.0L,,
EWL,010,004,Data Link Connector (DLC),4.0L,,
EWL,013,012,Data Link Connector (DLC),2.5L,,
EWL,013,012,Data Link Connector (DLC),3.0L,,
EWL,013,012,Data Link Connector (DLC),4.0L,,
EWL,014,001,Data Link Connector (DLC),2.5L,,
EWL,014,001,Data Link Connector (DLC),3.0L,,
EWL,014,001,Data Link Connector (DLC),4.0L,,
EWL,013,001,Daytime Running Lamps (DRL) Module,2.5L,,
EWL,013,001,Daytime Running Lamps (DRL) Module,3.0L,,
EWL,013,001,Daytime Running Lamps (DRL) Module,4.0L,,
EWL,013,012,Daytime Running Lamps (DRL) Module,2.5L,,
EWL,013,012,Daytime Running Lamps (DRL) Module,3.0L,,
EWL,013,012,Daytime Running Lamps (DRL) Module,4.0L,,
EWL,013,015,Daytime Running Lamps (DRL) Module,2.5L,,
EWL,013,015,Daytime Running Lamps (DRL) Module,3.0L,,
EWL,013,015,Daytime Running Lamps (DRL) Module,4.0L,,
EWL,013,018,Daytime Running Lamps (DRL) Module,2.5L,,
EWL,013,018,Daytime Running Lamps (DRL) Module,3.0L,,
EWL,013,018,Daytime Running Lamps (DRL) Module,4.0L,,
EWL,060,005,Daytime Running Lamps (DRL) Module,2.5L,,
EWL,060,005,Daytime Running Lamps (DRL) Module,3.0L,,
EWL,060,005,Daytime Running Lamps (DRL) Module,4.0L,,
EWL,085,001,Daytime Running Lamps (DRL) Module,2.5L,,
EWL,085,001,Daytime Running Lamps (DRL) Module,3.0L,,
EWL,085,001,Daytime Running Lamps (DRL) Module,4.0L,,
EWL,097,001,Daytime Running Lamps (DRL) Module,2.5L,,
EWL,097,001,Daytime Running Lamps (DRL) Module,3.0L,,
EWL,097,001,Daytime Running Lamps (DRL) Module,4.0L,,
EWL,023,004,Differential Exhaust Pressure Transducer (DEPT),2.5L,,
EWL,024,004,Differential Exhaust Pressure Transducer (DEPT),3.0L,,
EWL,025,004,Differential Exhaust Pressure Transducer (DEPT),4.0L,,
EWL,010,003,Digital Transmission Range (DTR) Sensor,,,
EWL,013,001,Digital Transmission Range (DTR) Sensor,,,
EWL,013,015,Digital Transmission Range (DTR) Sensor,,,
EWL,020,001,Digital Transmission Range (DTR) Sensor,,,
EWL,020,002,Digital Transmission Range (DTR) Sensor,,,
EWL,029,003,Digital Transmission Range (DTR) Sensor,,,
EWL,030,003,Digital Transmission Range (DTR) Sensor,,,
EWL,034,002,Digital Transmission Range (DTR) Sensor,,,
EWL,059,004,Digital Transmission Range (DTR) Sensor,,,
EWL,093,001,Digital Transmission Range (DTR) Sensor,,,
EWL,013,016,Dome/Map Lamp,,,
EWL,013,017,Dome/Map Lamp,,,
EWL,089,001,Dome/Map Lamp,,,
EWL,031,001,Drivers Air Bag,,,
EWL,046,001,Drivers Air Bag,,,
EWL,013,011,Drivers Unlock Relay,,,
EWL,110,002,Drivers Unlock Relay,,,
EWL,117,002,Drivers Unlock Relay,,,
EWL,013,005,EGR Vacuum Regulator (EVR) Solenoid,2.5L,,
EWL,013,005,EGR Vacuum Regulator (EVR) Solenoid,3.0L,,
EWL,013,005,EGR Vacuum Regulator (EVR) Solenoid,4.0L,,
EWL,013,006,EGR Vacuum Regulator (EVR) Solenoid,2.5L,,
EWL,023,002,EGR Vacuum Regulator (EVR) Solenoid,2.5L,,
EWL,024,002,EGR Vacuum Regulator (EVR) Solenoid,3.0L,,
EWL,025,008,EGR Vacuum Regulator (EVR) Solenoid,4.0L,,
EWL,010,005,Electric Shift Control Module,,,
EWL,013,004,Electric Shift Control Module,,,
EWL,013,016,Electric Shift Control Module,,,
EWL,034,001,Electric Shift Control Module,,,
EWL,013,004,Electric Shift Relay,,,
EWL,013,016,Electric Shift Relay,,,
EWL,034,001,Electric Shift Relay,,,
EWL,010,001,Engine Compartment Fuse/Relay Box,2.5L,,
EWL,010,001,Engine Compartment Fuse/Relay Box,3.0L,,
EWL,010,001,Engine Compartment Fuse/Relay Box,4.0L,,
EWL,010,004,Engine Compartment Fuse/Relay Box,2.5L,,
EWL,010,004,Engine Compartment Fuse/Relay Box,3.0L,,
EWL,010,004,Engine Compartment Fuse/Relay Box,4.0L,,
EWL,012,001,Engine Compartment Fuse/Relay Box,2.5L,,
EWL,012,001,Engine Compartment Fuse/Relay Box,3.0L,,
EWL,012,001,Engine Compartment Fuse/Relay Box,4.0L,,
EWL,013,001,Engine Compartment Fuse/Relay Box,2.5L,,
EWL,013,001,Engine Compartment Fuse/Relay Box,3.0L,,
EWL,013,001,Engine Compartment Fuse/Relay Box,4.0L,,
EWL,013,002,Engine Compartment Fuse/Relay Box,2.5L,,
EWL,013,002,Engine Compartment Fuse/Relay Box,3.0L,,
EWL,013,002,Engine Compartment Fuse/Relay Box,4.0L,,
EWL,013,003,Engine Compartment Fuse/Relay Box,2.5L,,
EWL,013,003,Engine Compartment Fuse/Relay Box,3.0L,,
EWL,013,003,Engine Compartment Fuse/Relay Box,4.0L,,
EWL,013,004,Engine Compartment Fuse/Relay Box,2.5L,,
EWL,013,004,Engine Compartment Fuse/Relay Box,3.0L,,
EWL,013,004,Engine Compartment Fuse/Relay Box,4.0L,,
EWL,013,005,Engine Compartment Fuse/Relay Box,2.5L,,
EWL,013,005,Engine Compartment Fuse/Relay Box,3.0L,,
EWL,013,005,Engine Compartment Fuse/Relay Box,4.0L,,
EWL,013,006,Engine Compartment Fuse/Relay Box,2.5L,,
EWL,013,006,Engine Compartment Fuse/Relay Box,3.0L,,
EWL,013,006,Engine Compartment Fuse/Relay Box,4.0L,,
EWL,013,009,Engine Compartment Fuse/Relay Box,2.5L,,
EWL,013,009,Engine Compartment Fuse/Relay Box,3.0L,,
EWL,013,009,Engine Compartment Fuse/Relay Box,4.0L,,
EWL,013,010,Engine Compartment Fuse/Relay Box,2.5L,,
EWL,013,010,Engine Compartment Fuse/Relay Box,3.0L,,
EWL,013,010,Engine Compartment Fuse/Relay Box,4.0L,,
EWL,013,012,Engine Compartment Fuse/Relay Box,2.5L,,
EWL,013,012,Engine Compartment Fuse/Relay Box,3.0L,,
EWL,013,012,Engine Compartment Fuse/Relay Box,4.0L,,
EWL,013,013,Engine Compartment Fuse/Relay Box,2.5L,,
EWL,013,013,Engine Compartment Fuse/Relay Box,3.0L,,
EWL,013,013,Engine Compartment Fuse/Relay Box,4.0L,,
EWL,013,014,Engine Compartment Fuse/Relay Box,2.5L,,
EWL,013,014,Engine Compartment Fuse/Relay Box,3.0L,,
EWL,013,014,Engine Compartment Fuse/Relay Box,4.0L,,
EWL,013,017,Engine Compartment Fuse/Relay Box,2.5L,,
EWL,013,017,Engine Compartment Fuse/Relay Box,3.0L,,
EWL,013,017,Engine Compartment Fuse/Relay Box,4.0L,,
EWL,013,020,Engine Compartment Fuse/Relay Box,2.5L,,
EWL,013,020,Engine Compartment Fuse/Relay Box,3.0L,,
EWL,013,020,Engine Compartment Fuse/Relay Box,4.0L,,
EWL,013,021,Engine Compartment Fuse/Relay Box,2.5L,,
EWL,013,021,Engine Compartment Fuse/Relay Box,3.0L,,
EWL,013,021,Engine Compartment Fuse/Relay Box,4.0L,,
EWL,020,001,Engine Compartment Fuse/Relay Box,2.5L,,
EWL,020,001,Engine Compartment Fuse/Relay Box,3.0L,,
EWL,020,001,Engine Compartment Fuse/Relay Box,4.0L,,
EWL,020,002,Engine Compartment Fuse/Relay Box,2.5L,,
EWL,020,002,Engine Compartment Fuse/Relay Box,3.0L,,
EWL,020,002,Engine Compartment Fuse/Relay Box,4.0L,,
EWL,023,001,Engine Compartment Fuse/Relay Box,2.5L,,
EWL,023,005,Engine Compartment Fuse/Relay Box,2.5L,,
EWL,023,006,Engine Compartment Fuse/Relay Box,2.5L,,
EWL,023,007,Engine Compartment Fuse/Relay Box,2.5L,,
EWL,024,001,Engine Compartment Fuse/Relay Box,3.0L,,
EWL,024,005,Engine Compartment Fuse/Relay Box,3.0L,,
EWL,024,006,Engine Compartment Fuse/Relay Box,3.0L,,
EWL,024,007,Engine Compartment Fuse/Relay Box,3.0L,,
EWL,025,001,Engine Compartment Fuse/Relay Box,4.0L,,
EWL,025,006,Engine Compartment Fuse/Relay Box,4.0L,,
EWL,025,007,Engine Compartment Fuse/Relay Box,4.0L,,
EWL,025,008,Engine Compartment Fuse/Relay Box,4.0L,,
EWL,029,001,Engine Compartment Fuse/Relay Box,2.5L,,
EWL,029,001,Engine Compartment Fuse/Relay Box,3.0L,,
EWL,029,004,Engine Compartment Fuse/Relay Box,2.5L,,
EWL,029,004,Engine Compartment Fuse/Relay Box,3.0L,,
EWL,030,001,Engine Compartment Fuse/Relay Box,4.0L,,
EWL,031,001,Engine Compartment Fuse/Relay Box,2.5L,,
EWL,031,001,Engine Compartment Fuse/Relay Box,3.0L,,
EWL,031,001,Engine Compartment Fuse/Relay Box,4.0L,,
EWL,034,001,Engine Compartment Fuse/Relay Box,2.5L,,
EWL,034,001,Engine Compartment Fuse/Relay Box,3.0L,,
EWL,034,001,Engine Compartment Fuse/Relay Box,4.0L,,
EWL,042,002,Engine Compartment Fuse/Relay Box,2.5L,,
EWL,042,002,Engine Compartment Fuse/Relay Box,3.0L,,
EWL,042,002,Engine Compartment Fuse/Relay Box,4.0L,,
EWL,042,003,Engine Compartment Fuse/Relay Box,2.5L,,
EWL,042,003,Engine Compartment Fuse/Relay Box,3.0L,,
EWL,042,003,Engine Compartment Fuse/Relay Box,4.0L,,
EWL,044,002,Engine Compartment Fuse/Relay Box,2.5L,,
EWL,044,002,Engine Compartment Fuse/Relay Box,3.0L,,
EWL,044,002,Engine Compartment Fuse/Relay Box,4.0L,,
EWL,046,002,Engine Compartment Fuse/Relay Box,2.5L,,
EWL,046,002,Engine Compartment Fuse/Relay Box,3.0L,,
EWL,046,002,Engine Compartment Fuse/Relay Box,4.0L,,
EWL,053,001,Engine Compartment Fuse/Relay Box,2.5L,,
EWL,053,001,Engine Compartment Fuse/Relay Box,3.0L,,
EWL,053,001,Engine Compartment Fuse/Relay Box,4.0L,,
EWL,054,001,Engine Compartment Fuse/Relay Box,2.5L,,
EWL,054,001,Engine Compartment Fuse/Relay Box,3.0L,,
EWL,054,001,Engine Compartment Fuse/Relay Box,4.0L,,
EWL,054,002,Engine Compartment Fuse/Relay Box,2.5L,,
EWL,054,002,Engine Compartment Fuse/Relay Box,3.0L,,
EWL,054,002,Engine Compartment Fuse/Relay Box,4.0L,,
EWL,060,005,Engine Compartment Fuse/Relay Box,2.5L,,
EWL,060,005,Engine Compartment Fuse/Relay Box,3.0L,,
EWL,060,005,Engine Compartment Fuse/Relay Box,4.0L,,
EWL,071,001,Engine Compartment Fuse/Relay Box,2.5L,,
EWL,071,001,Engine Compartment Fuse/Relay Box,3.0L,,
EWL,071,001,Engine Compartment Fuse/Relay Box,4.0L,,
EWL,081,001,Engine Compartment Fuse/Relay Box,2.5L,,
EWL,081,001,Engine Compartment Fuse/Relay Box,3.0L,,
EWL,081,001,Engine Compartment Fuse/Relay Box,4.0L,,
EWL,081,002,Engine Compartment Fuse/Relay Box,2.5L,,
EWL,081,002,Engine Compartment Fuse/Relay Box,3.0L,,
EWL,081,002,Engine Compartment Fuse/Relay Box,4.0L,,
EWL,085,001,Engine Compartment Fuse/Relay Box,2.5L,,
EWL,085,001,Engine Compartment Fuse/Relay Box,3.0L,,
EWL,085,001,Engine Compartment Fuse/Relay Box,4.0L,,
EWL,086,001,Engine Compartment Fuse/Relay Box,2.5L,,
EWL,086,001,Engine Compartment Fuse/Relay Box,3.0L,,
EWL,086,001,Engine Compartment Fuse/Relay Box,4.0L,,
EWL,092,001,Engine Compartment Fuse/Relay Box,2.5L,,
EWL,092,001,Engine Compartment Fuse/Relay Box,3.0L,,
EWL,092,001,Engine Compartment Fuse/Relay Box,4.0L,,
EWL,095,001,Engine Compartment Fuse/Relay Box,2.5L,,
EWL,095,001,Engine Compartment Fuse/Relay Box,3.0L,,
EWL,095,001,Engine Compartment Fuse/Relay Box,4.0L,,
EWL,097,001,Engine Compartment Fuse/Relay Box,2.5L,,
EWL,097,001,Engine Compartment Fuse/Relay Box,3.0L,,
EWL,097,001,Engine Compartment Fuse/Relay Box,4.0L,,
EWL,097,002,Engine Compartment Fuse/Relay Box,2.5L,,
EWL,097,002,Engine Compartment Fuse/Relay Box,3.0L,,
EWL,097,002,Engine Compartment Fuse/Relay Box,4.0L,,
EWL,100,001,Engine Compartment Fuse/Relay Box,2.5L,,
EWL,100,001,Engine Compartment Fuse/Relay Box,3.0L,,
EWL,100,001,Engine Compartment Fuse/Relay Box,4.0L,,
EWL,117,001,Engine Compartment Fuse/Relay Box,2.5L,,
EWL,117,001,Engine Compartment Fuse/Relay Box,3.0L,,
EWL,117,001,Engine Compartment Fuse/Relay Box,4.0L,,
EWL,117,002,Engine Compartment Fuse/Relay Box,2.5L,,
EWL,117,002,Engine Compartment Fuse/Relay Box,3.0L,,
EWL,117,002,Engine Compartment Fuse/Relay Box,4.0L,,
EWL,023,003,Engine Coolant Temperature (ECT) Sensor,2.5L,,
EWL,024,003,Engine Coolant Temperature (ECT) Sensor,3.0L,,
EWL,025,004,Engine Coolant Temperature (ECT) Sensor,4.0L,,
EWL,029,002,Engine Coolant Temperature (ECT) Sensor,2.5L,,
EWL,029,002,Engine Coolant Temperature (ECT) Sensor,3.0L,,
EWL,030,002,Engine Coolant Temperature (ECT) Sensor,4.0L,,
EWL,060,001,Engine Coolant Temperature Sender,2.5L,,
EWL,060,001,Engine Coolant Temperature Sender,3.0L,,
EWL,060,001,Engine Coolant Temperature Sender,4.0L,,
EWL,060,001,Engine Oil Pressure Switch,2.5L,,
EWL,060,001,Engine Oil Pressure Switch,3.0L,,
EWL,060,001,Engine Oil Pressure Switch,4.0L,,
EWL,013,005,Evap Canister Vent Solenoid,,,
EWL,023,005,Evap Canister Vent Solenoid,,,
EWL,024,007,Evap Canister Vent Solenoid,,,
EWL,013,005,Evaporative Emissions (EVAP) Canister Purge Valve,2.5L,,
EWL,013,005,Evaporative Emissions (EVAP) Canister Purge Valve,3.0L,,
EWL,013,005,Evaporative Emissions (EVAP) Canister Purge Valve,4.0L,,
EWL,023,001,Evaporative Emissions (EVAP) Canister Purge Valve,2.5L,,
EWL,024,001,Evaporative Emissions (EVAP) Canister Purge Valve,3.0L,,
EWL,025,001,Evaporative Emissions (EVAP) Canister Purge Valve,4.0L,,
EWL,010,004,Flasher,,,
EWL,013,010,Flasher,,,
EWL,013,015,Flasher,,,
EWL,090,001,Flasher,,,
EWL,013,001,Fog Lamp Relay,3.0L,,
EWL,013,001,Fog Lamp Relay,4.0L,,
EWL,013,012,Fog Lamp Relay,3.0L,,
EWL,013,012,Fog Lamp Relay,4.0L,,
EWL,086,001,Fog Lamp Relay,3.0L,,
EWL,086,001,Fog Lamp Relay,4.0L,,
EWL,010,004,Fog Lamp Switch,,,
EWL,071,002,Fog Lamp Switch,,,
EWL,086,001,Fog Lamp Switch,,,
EWL,013,006,Fuel Injector #1,2.5L,,
EWL,013,007,Fuel Injector #1,3.0L,,
EWL,013,008,Fuel Injector #1,4.0L,,
EWL,023,002,Fuel Injector #1,2.5L,,
EWL,024,002,Fuel Injector #1,3.0L,,
EWL,025,002,Fuel Injector #1,4.0L,,
EWL,013,006,Fuel Injector #2,2.5L,,
EWL,013,007,Fuel Injector #2,3.0L,,
EWL,013,008,Fuel Injector #2,4.0L,,
EWL,023,002,Fuel Injector #2,2.5L,,
EWL,024,002,Fuel Injector #2,3.0L,,
EWL,025,002,Fuel Injector #2,4.0L,,
EWL,013,006,Fuel Injector #3,2.5L,,
EWL,013,007,Fuel Injector #3,3.0L,,
EWL,013,008,Fuel Injector #3,4.0L,,
EWL,023,002,Fuel Injector #3,2.5L,,
EWL,024,002,Fuel Injector #3,3.0L,,
EWL,025,002,Fuel Injector #3,4.0L,,
EWL,013,006,Fuel Injector #4,2.5L,,
EWL,013,007,Fuel Injector #4,3.0L,,
EWL,013,008,Fuel Injector #4,4.0L,,
EWL,023,002,Fuel Injector #4,2.5L,,
EWL,024,002,Fuel Injector #4,3.0L,,
EWL,025,002,Fuel Injector #4,4.0L,,
EWL,013,007,Fuel Injector #5,3.0L,,
EWL,013,008,Fuel Injector #5,4.0L,,
EWL,024,002,Fuel Injector #5,3.0L,,
EWL,025,002,Fuel Injector #5,4.0L,,
EWL,013,007,Fuel Injector #6,3.0L,,
EWL,013,008,Fuel Injector #6,4.0L,,
EWL,024,002,Fuel Injector #6,3.0L,,
EWL,025,002,Fuel Injector #6,4.0L,,
EWL,013,003,Fuel Pump Relay,2.5L,,
EWL,013,003,Fuel Pump Relay,3.0L,,
EWL,013,003,Fuel Pump Relay,4.0L,,
EWL,013,005,Fuel Pump Relay,2.5L,,
EWL,013,005,Fuel Pump Relay,3.0L,,
EWL,013,005,Fuel Pump Relay,4.0L,,
EWL,023,001,Fuel Pump Relay,2.5L,,
EWL,024,001,Fuel Pump Relay,3.0L,,
EWL,025,001,Fuel Pump Relay,4.0L,,
EWL,010,008,Fuel Tank Assembly,,,
EWL,023,007,Fuel Tank Assembly,,,
EWL,024,007,Fuel Tank Assembly,,,
EWL,025,008,Fuel Tank Assembly,,,
EWL,060,001,Fuel Tank Assembly,,,
EWL,012,001,Generator/Voltage Regulator,2.5L,,
EWL,012,001,Generator/Voltage Regulator,3.0L,,
EWL,012,001,Generator/Voltage Regulator,4.0L,,
EWL,060,004,Generator/Voltage Regulator,2.5L,,
EWL,060,004,Generator/Voltage Regulator,3.0L,,
EWL,060,004,Generator/Voltage Regulator,4.0L,,
EWL,010,002,Generic Electronic Module (GEM),,,
EWL,010,003,Generic Electronic Module (GEM),,,
EWL,010,005,Generic Electronic Module (GEM),,,
EWL,013,010,Generic Electronic Module (GEM),,,
EWL,013,013,Generic Electronic Module (GEM),,,
EWL,013,015,Generic Electronic Module (GEM),,,
EWL,013,016,Generic Electronic Module (GEM),,,
EWL,013,017,Generic Electronic Module (GEM),,,
EWL,013,018,Generic Electronic Module (GEM),,,
EWL,013,020,Generic Electronic Module (GEM),,,
EWL,013,021,Generic Electronic Module (GEM),,,
EWL,014,001,Generic Electronic Module (GEM),,,
EWL,023,002,Generic Electronic Module (GEM),,,
EWL,024,002,Generic Electronic Module (GEM),,,
EWL,024,005,Generic Electronic Module (GEM),,,
EWL,025,005,Generic Electronic Module (GEM),,,
EWL,029,002,Generic Electronic Module (GEM),,,
EWL,030,002,Generic Electronic Module (GEM),,,
EWL,031,002,Generic Electronic Module (GEM),,,
EWL,034,001,Generic Electronic Module (GEM),,,
EWL,034,002,Generic Electronic Module (GEM),,,
EWL,034,002,Generic Electronic Module (GEM),,,
EWL,042,004,Generic Electronic Module (GEM),,,
EWL,046,001,Generic Electronic Module (GEM),,,
EWL,059,001,Generic Electronic Module (GEM),,,
EWL,059,002,Generic Electronic Module (GEM),,,
EWL,059,003,Generic Electronic Module (GEM),,,
EWL,059,004,Generic Electronic Module (GEM),,,
EWL,060,002,Generic Electronic Module (GEM),,,
EWL,060,003,Generic Electronic Module (GEM),,,
EWL,060,003,Generic Electronic Module (GEM),,,
EWL,064,001,Generic Electronic Module (GEM),,,
EWL,064,002,Generic Electronic Module (GEM),,,
EWL,066,001,Generic Electronic Module (GEM),,,
EWL,071,001,Generic Electronic Module (GEM),,,
EWL,081,001,Generic Electronic Module (GEM),,,
EWL,081,002,Generic Electronic Module (GEM),,,
EWL,089,001,Generic Electronic Module (GEM),,,
EWL,089,001,Generic Electronic Module (GEM),,,
EWL,090,004,Generic Electronic Module (GEM),,,
EWL,100,001,Generic Electronic Module (GEM),,,
EWL,100,002,Generic Electronic Module (GEM),,,
EWL,117,004,Generic Electronic Module (GEM),,,
EWL,013,005,Heated Oxygen Sensor (HO2S) #1,2.5L,,
EWL,013,005,Heated Oxygen Sensor (HO2S) #1,3.0L,,
EWL,013,005,Heated Oxygen Sensor (HO2S) #1,4.0L,,
EWL,023,005,Heated Oxygen Sensor (HO2S) #1,2.5L,,
EWL,024,005,Heated Oxygen Sensor (HO2S) #1,3.0L,,
EWL,025,005,Heated Oxygen Sensor (HO2S) #1,4.0L,,
EWL,013,005,Heated Oxygen Sensor (HO2S) #2,3.0L,,
EWL,013,005,Heated Oxygen Sensor (HO2S) #2,4.0L,,
EWL,024,005,Heated Oxygen Sensor (HO2S) #2,3.0L,,
EWL,025,005,Heated Oxygen Sensor (HO2S) #2,4.0L,,
EWL,013,009,Heated Oxygen Sensor (HO2S) #3,2.5L,,
EWL,013,009,Heated Oxygen Sensor (HO2S) #3,3.0L,,
EWL,013,009,Heated Oxygen Sensor (HO2S) #3,4.0L,,
EWL,023,005,Heated Oxygen Sensor (HO2S) #3,2.5L,,
EWL,024,005,Heated Oxygen Sensor (HO2S) #3,3.0L,,
EWL,025,005,Heated Oxygen Sensor (HO2S) #3,4.0L,,
EWL,010,005,Heater Control Assembly,,,
EWL,071,002,Heater Control Assembly,,,
EWL,044,002,High Pitch Horn,2.5L,,
EWL,044,002,High Pitch Horn,3.0L,,
EWL,044,002,High Pitch Horn,4.0L,,
EWL,013,004,Horn Relay,,,
EWL,031,001,Horn Relay,,,
EWL,044,002,Horn Relay,,,
EWL,117,002,Horn Relay,,,
EWL,031,001,Horn Switches,,,
EWL,044,002,Horn Switches,,,
EWL,012,001,I/P Fuse Panel,,,
EWL,013,002,I/P Fuse Panel,,,
EWL,013,010,I/P Fuse Panel,,,
EWL,013,011,I/P Fuse Panel,,,
EWL,013,012,I/P Fuse Panel,,,
EWL,013,013,I/P Fuse Panel,,,
EWL,013,014,I/P Fuse Panel,,,
EWL,013,015,I/P Fuse Panel,,,
EWL,013,016,I/P Fuse Panel,,,
EWL,013,017,I/P Fuse Panel,,,
EWL,013,018,I/P Fuse Panel,,,
EWL,013,019,I/P Fuse Panel,,,
EWL,013,020,I/P Fuse Panel,,,
EWL,014,001,I/P Fuse Panel,,,
EWL,020,001,I/P Fuse Panel,,,
EWL,020,002,I/P Fuse Panel,,,
EWL,021,001,I/P Fuse Panel,,,
EWL,023,006,I/P Fuse Panel,,,
EWL,024,006,I/P Fuse Panel,,,
EWL,025,006,I/P Fuse Panel,,,
EWL,029,001,I/P Fuse Panel,,,
EWL,029,002,I/P Fuse Panel,,,
EWL,030,001,I/P Fuse Panel,,,
EWL,030,002,I/P Fuse Panel,,,
EWL,031,002,I/P Fuse Panel,,,
EWL,034,001,I/P Fuse Panel,,,
EWL,034,002,I/P Fuse Panel,,,
EWL,037,001,I/P Fuse Panel,,,
EWL,042,001,I/P Fuse Panel,,,
EWL,042,003,I/P Fuse Panel,,,
EWL,042,003,I/P Fuse Panel,,,
EWL,042,004,I/P Fuse Panel,,,
EWL,044,001,I/P Fuse Panel,,,
EWL,046,001,I/P Fuse Panel,,,
EWL,046,002,I/P Fuse Panel,,,
EWL,053,001,I/P Fuse Panel,,,
EWL,054,001,I/P Fuse Panel,,,
EWL,054,002,I/P Fuse Panel,,,
EWL,059,001,I/P Fuse Panel,,,
EWL,059,003,I/P Fuse Panel,,,
EWL,060,001,I/P Fuse Panel,,,
EWL,060,002,I/P Fuse Panel,,,
EWL,060,004,I/P Fuse Panel,,,
EWL,060,005,I/P Fuse Panel,,,
EWL,081,001,I/P Fuse Panel,,,
EWL,085,001,I/P Fuse Panel,,,
EWL,086,001,I/P Fuse Panel,,,
EWL,090,001,I/P Fuse Panel,,,
EWL,090,004,I/P Fuse Panel,,,
EWL,093,001,I/P Fuse Panel,,,
EWL,095,001,I/P Fuse Panel,,,
EWL,097,001,I/P Fuse Panel,,,
EWL,097,002,I/P Fuse Panel,,,
EWL,110,001,I/P Fuse Panel,,,
EWL,117,001,I/P Fuse Panel,,,
EWL,117,002,I/P Fuse Panel,,,
EWL,124,001,I/P Fuse Panel,,,
EWL,130,001,I/P Fuse Panel,,,
EWL,013,006,Idle Air Control (IAC) Valve,2.5L,,
EWL,013,007,Idle Air Control (IAC) Valve,3.0L,,
EWL,013,008,Idle Air Control (IAC) Valve,4.0L,,
EWL,023,002,Idle Air Control (IAC) Valve,2.5L,,
EWL,024,002,Idle Air Control (IAC) Valve,3.0L,,
EWL,025,002,Idle Air Control (IAC) Valve,4.0L,,
EWL,013,006,Ignition Coil,3.0L,,
EWL,013,006,Ignition Coil,4.0L,,
EWL,021,001,Ignition Coil,3.0L,,
EWL,021,001,Ignition Coil,4.0L,,
EWL,031,001,Ignition Key Warning Switch,,,
EWL,059,002,Ignition Key Warning Switch,,,
EWL,066,001,Ignition Key Warning Switch,,,
EWL,010,004,Ignition Switch,,,
EWL,012,001,Ignition Switch,,,
EWL,013,011,Ignition Switch,,,
EWL,013,013,Ignition Switch,,,
EWL,013,014,Ignition Switch,,,
EWL,013,015,Ignition Switch,,,
EWL,013,018,Ignition Switch,,,
EWL,013,019,Ignition Switch,,,
EWL,042,001,Ignition Switch,,,
EWL,060,005,Ignition Switch,,,
EWL,010,002,Ignition Tamper Switch,,,
EWL,117,003,Ignition Tamper Switch,,,
EWL,023,001,Inertia Fuel Shut-Off (IFS),,,
EWL,024,001,Inertia Fuel Shut-Off (IFS),,,
EWL,025,001,Inertia Fuel Shut-Off (IFS),,,
EWL,060,002,Inertia Fuel Shut-Off (IFS),,,
EWL,010,002,Instrument Cluster,,,
EWL,010,006,Instrument Cluster,,,
EWL,012,001,Instrument Cluster,,,
EWL,013,001,Instrument Cluster,,,
EWL,013,010,Instrument Cluster,,,
EWL,013,014,Instrument Cluster,,,
EWL,013,018,Instrument Cluster,,,
EWL,013,020,Instrument Cluster,,,
EWL,023,005,Instrument Cluster,,,
EWL,023,006,Instrument Cluster,,,
EWL,023,007,Instrument Cluster,,,
EWL,024,005,Instrument Cluster,,,
EWL,024,006,Instrument Cluster,,,
EWL,024,007,Instrument Cluster,,,
EWL,025,005,Instrument Cluster,,,
EWL,025,006,Instrument Cluster,,,
EWL,025,007,Instrument Cluster,,,
EWL,029,002,Instrument Cluster,,,
EWL,030,002,Instrument Cluster,,,
EWL,031,002,Instrument Cluster,,,
EWL,042,001,Instrument Cluster,,,
EWL,042,002,Instrument Cluster,,,
EWL,042,004,Instrument Cluster,,,
EWL,046,001,Instrument Cluster,,,
EWL,060,001,Instrument Cluster,,,
EWL,060,002,Instrument Cluster,,,
EWL,060,003,Instrument Cluster,,,
EWL,060,004,Instrument Cluster,,,
EWL,060,005,Instrument Cluster,,,
EWL,064,001,Instrument Cluster,,,
EWL,064,002,Instrument Cluster,,,
EWL,071,002,Instrument Cluster,,,
EWL,085,001,Instrument Cluster,,,
EWL,090,002,Instrument Cluster,,,
EWL,097,001,Instrument Cluster,,,
EWL,117,004,Instrument Cluster,,,
EWL,013,016,Instrument Illumination Dimming Module,,,
EWL,013,017,Instrument Illumination Dimming Module,,,
EWL,013,020,Instrument Illumination Dimming Module,,,
EWL,013,021,Instrument Illumination Dimming Module,,,
EWL,060,004,Instrument Illumination Dimming Module,,,
EWL,071,001,Instrument Illumination Dimming Module,,,
EWL,089,001,Instrument Illumination Dimming Module,,,
EWL,023,003,Intake Air Temperature (IAT) Sensor,2.5L,,
EWL,024,003,Intake Air Temperature (IAT) Sensor,3.0L,,
EWL,025,004,Intake Air Temperature (IAT) Sensor,4.0L,,
EWL,029,002,Intake Air Temperature (IAT) Sensor,2.5L,,
EWL,029,002,Intake Air Temperature (IAT) Sensor,3.0L,,
EWL,030,002,Intake Air Temperature (IAT) Sensor,4.0L,,
EWL,013,016,Interior Lamp Relay,w/power equipment or 4x4,,
EWL,013,017,Interior Lamp Relay,w/o power equipment or 4x4,,
EWL,010,007,Left Backup Lamp,,,
EWL,093,002,Left Backup Lamp,,,
EWL,010,007,Left Door Ajar Switch,,,
EWL,059,002,Left Door Ajar Switch,,,
EWL,066,001,Left Door Ajar Switch,,,
EWL,010,007,Left Door Disarm Switch,,,
EWL,117,003,Left Door Disarm Switch,,,
EWL,110,002,Left Door Lock Motor,,,
EWL,010,007,Left Door Lock Switch,,,
EWL,110,002,Left Door Lock Switch,,,
EWL,130,001,Left Door Speaker,,,
EWL,010,003,Left Fog Lamp,3.0L,,
EWL,010,003,Left Fog Lamp,4.0L,,
EWL,086,001,Left Fog Lamp,3.0L,,
EWL,086,001,Left Fog Lamp,4.0L,,
EWL,010,003,Left Front Park/Turn Lamp,2.5L,,
EWL,010,003,Left Front Park/Turn Lamp,3.0L,,
EWL,010,003,Left Front Park/Turn Lamp,4.0L,,
EWL,013,021,Left Front Park/Turn Lamp,2.5L,,
EWL,013,021,Left Front Park/Turn Lamp,3.0L,,
EWL,013,021,Left Front Park/Turn Lamp,4.0L,,
EWL,090,003,Left Front Park/Turn Lamp,2.5L,,
EWL,090,003,Left Front Park/Turn Lamp,3.0L,,
EWL,090,003,Left Front Park/Turn Lamp,4.0L,,
EWL,092,002,Left Front Park/Turn Lamp,2.5L,,
EWL,092,002,Left Front Park/Turn Lamp,3.0L,,
EWL,092,002,Left Front Park/Turn Lamp,4.0L,,
EWL,010,003,Left Front Side Marker Lamp,2.5L,,
EWL,010,003,Left Front Side Marker Lamp,3.0L,,
EWL,010,003,Left Front Side Marker Lamp,4.0L,,
EWL,013,021,Left Front Side Marker Lamp,2.5L,,
EWL,013,021,Left Front Side Marker Lamp,3.0L,,
EWL,013,021,Left Front Side Marker Lamp,4.0L,,
EWL,092,002,Left Front Side Marker Lamp,2.5L,,
EWL,092,002,Left Front Side Marker Lamp,3.0L,,
EWL,092,002,Left Front Side Marker Lamp,4.0L,,
EWL,042,004,Left Front Wheel Speed Sensor,2.5L,,
EWL,042,004,Left Front Wheel Speed Sensor,3.0L,,
EWL,042,004,Left Front Wheel Speed Sensor,4.0L,,
EWL,010,003,Left Headlamp,2.5L,,
EWL,010,003,Left Headlamp,3.0L,,
EWL,010,003,Left Headlamp,4.0L,,
EWL,013,012,Left Headlamp,2.5L,,
EWL,013,012,Left Headlamp,3.0L,,
EWL,013,012,Left Headlamp,4.0L,,
EWL,013,018,Left Headlamp,2.5L,,
EWL,013,018,Left Headlamp,3.0L,,
EWL,013,018,Left Headlamp,4.0L,,
EWL,085,001,Left Headlamp,2.5L,,
EWL,085,001,Left Headlamp,3.0L,,
EWL,085,001,Left Headlamp,4.0L,,
EWL,097,002,Left Headlamp,2.5L,,
EWL,097,002,Left Headlamp,3.0L,,
EWL,097,002,Left Headlamp,4.0L,,
EWL,010,008,Left License Lamp,,,
EWL,013,021,Left License Lamp,,,
EWL,092,003,Left License Lamp,,,
EWL,124,001,Left Power Mirror,,,
EWL,100,002,Left Power Window Motor,,,
EWL,046,001,Left Primary Crash Sensor,2.5L,,
EWL,046,001,Left Primary Crash Sensor,3.0L,,
EWL,046,001,Left Primary Crash Sensor,4.0L,,
EWL,010,008,Left Rear Door Ajar Switch,,,
EWL,059,005,Left Rear Door Ajar Switch,,,
EWL,066,002,Left Rear Door Ajar Switch,,,
EWL,130,002,Left Rear Door Speaker,,,
EWL,010,007,Left Rear Park/Stop Lamp,,,
EWL,013,021,Left Rear Park/Stop Lamp,,,
EWL,090,004,Left Rear Park/Stop Lamp,,,
EWL,092,003,Left Rear Park/Stop Lamp,,,
EWL,130,002,Left Rear Speaker,,,
EWL,010,007,Left Rear Turn Lamp,,,
EWL,090,003,Left Rear Turn Lamp,,,
EWL,010,004,Main Light Switch,,,
EWL,013,003,Main Light Switch,,,
EWL,013,012,Main Light Switch,,,
EWL,013,014,Main Light Switch,,,
EWL,013,020,Main Light Switch,,,
EWL,059,002,Main Light Switch,,,
EWL,060,003,Main Light Switch,,,
EWL,066,001,Main Light Switch,,,
EWL,071,001,Main Light Switch,,,
EWL,085,001,Main Light Switch,,,
EWL,092,001,Main Light Switch,,,
EWL,097,002,Main Light Switch,,,
EWL,117,001,Main Light Switch,,,
EWL,010,001,Mass Air Flow (MAF) Sensor,2.5L,,
EWL,010,001,Mass Air Flow (MAF) Sensor,3.0L,,
EWL,010,001,Mass Air Flow (MAF) Sensor,4.0L,,
EWL,013,006,Mass Air Flow (MAF) Sensor,2.5L,,
EWL,013,007,Mass Air Flow (MAF) Sensor,3.0L,,
EWL,013,008,Mass Air Flow (MAF) Sensor,4.0L,,
EWL,023,002,Mass Air Flow (MAF) Sensor,2.5L,,
EWL,024,002,Mass Air Flow (MAF) Sensor,3.0L,,
EWL,025,002,Mass Air Flow (MAF) Sensor,4.0L,,
EWL,029,002,Mass Air Flow (MAF) Sensor,2.5L,,
EWL,029,002,Mass Air Flow (MAF) Sensor,3.0L,,
EWL,030,002,Mass Air Flow (MAF) Sensor,4.0L,,
EWL,010,007,Master Window Control Switch,,,
EWL,100,002,Master Window Control Switch,,,
EWL,013,003,Multi-Function Switch,,,
EWL,013,010,Multi-Function Switch,,,
EWL,013,012,Multi-Function Switch,,,
EWL,013,018,Multi-Function Switch,,,
EWL,013,020,Multi-Function Switch,,,
EWL,034,002,Multi-Function Switch,,,
EWL,060,004,Multi-Function Switch,,,
EWL,081,002,Multi-Function Switch,,,
EWL,085,001,Multi-Function Switch,,,
EWL,090,002,Multi-Function Switch,,,
EWL,097,002,Multi-Function Switch,,,
EWL,100,001,One Touch Down Relay Module,,,
EWL,030,001,Output Shaft Speed (OSS) Sensor,,,
EWL,010,008,Outside Cargo/High Mount Stop Lamp,,,
EWL,089,001,Outside Cargo/High Mount Stop Lamp,,,
EWL,090,004,Outside Cargo/High Mount Stop Lamp,,,
EWL,060,005,Park Brake Switch,,,
EWL,097,001,Park Brake Switch,,,
EWL,010,004,Park Lamp Trailer Tow Relay,,,
EWL,013,021,Park Lamp Trailer Tow Relay,,,
EWL,013,003,Park Lamps Relay,,,
EWL,013,020,Park Lamps Relay,,,
EWL,092,001,Park Lamps Relay,,,
EWL,117,001,Park Lamps Relay,,,
EWL,046,002,Passengers Air Bag,,,
EWL,010,002,Passive De-activation (PAD) Module,,,
EWL,013,010,Passive De-Activation (PAD) Module,,,
EWL,046,002,Passive De-activation (PAD) Module,,,
EWL,013,006,PCM Power Diode,2.5L,,
EWL,023,001,PCM Power Diode,2.5L,,
EWL,024,001,PCM Power Diode,3.0L,,
EWL,025,001,PCM Power Diode,4.0L,,
EWL,029,001,PCM Power Diode,2.5L,,
EWL,029,001,PCM Power Diode,3.0L,,
EWL,030,001,PCM Power Diode,4.0L,,
EWL,010,001,PCM Power Relay,2.5L,,
EWL,010,001,PCM Power Relay,3.0L,,
EWL,010,001,PCM Power Relay,4.0L,,
EWL,013,005,PCM Power Relay,2.5L,,
EWL,013,005,PCM Power Relay,3.0L,,
EWL,013,005,PCM Power Relay,4.0L,,
EWL,023,001,PCM Power Relay,2.5L,,
EWL,024,001,PCM Power Relay,3.0L,,
EWL,025,001,PCM Power Relay,4.0L,,
EWL,029,001,PCM Power Relay,2.5L,,
EWL,029,001,PCM Power Relay,3.0L,,
EWL,030,001,PCM Power Relay,4.0L,,
EWL,010,007,Power Mirror Switch,,,
EWL,013,012,Power Mirror Switch,,,
EWL,124,001,Power Mirror Switch,,,
EWL,023,004,Power Steering Pressure (PSP) Switch,,,
EWL,023,004,Power Steering Pressure (PSP) Switch Jumper,,,
EWL,010,001,Powertrain Control Module (PCM),2.5L,,
EWL,010,001,Powertrain Control Module (PCM),3.0L,,
EWL,010,001,Powertrain Control Module (PCM),4.0L,,
EWL,010,003,Powertrain Control Module (PCM),2.5L,,
EWL,010,003,Powertrain Control Module (PCM),3.0L,,
EWL,010,003,Powertrain Control Module (PCM),4.0L,,
EWL,013,004,Powertrain Control Module (PCM),2.5L,,
EWL,013,004,Powertrain Control Module (PCM),3.0L,,
EWL,013,004,Powertrain Control Module (PCM),4.0L,,
EWL,013,006,Powertrain Control Module (PCM),2.5L,,
EWL,013,007,Powertrain Control Module (PCM),3.0L,,
EWL,013,008,Powertrain Control Module (PCM),4.0L,,
EWL,014,001,Powertrain Control Module (PCM),2.5L,,
EWL,014,001,Powertrain Control Module (PCM),3.0L,,
EWL,014,001,Powertrain Control Module (PCM),4.0L,,
EWL,021,001,Powertrain Control Module (PCM),2.5L,,
EWL,021,001,Powertrain Control Module (PCM),3.0L,,
EWL,021,001,Powertrain Control Module (PCM),4.0L,,
EWL,023,001,Powertrain Control Module (PCM),2.5L,,
EWL,023,002,Powertrain Control Module (PCM),2.5L,,
EWL,023,003,Powertrain Control Module (PCM),2.5L,,
EWL,023,004,Powertrain Control Module (PCM),2.5L,,
EWL,023,005,Powertrain Control Module (PCM),2.5L,,
EWL,023,006,Powertrain Control Module (PCM),2.5L,,
EWL,023,007,Powertrain Control Module (PCM),2.5L,,
EWL,024,001,Powertrain Control Module (PCM),3.0L,,
EWL,024,002,Powertrain Control Module (PCM),3.0L,,
EWL,024,003,Powertrain Control Module (PCM),3.0L,,
EWL,024,004,Powertrain Control Module (PCM),3.0L,,
EWL,024,005,Powertrain Control Module (PCM),3.0L,,
EWL,024,006,Powertrain Control Module (PCM),3.0L,,
EWL,024,007,Powertrain Control Module (PCM),3.0L,,
EWL,025,001,Powertrain Control Module (PCM),4.0L,,
EWL,025,002,Powertrain Control Module (PCM),4.0L,,
EWL,025,003,Powertrain Control Module (PCM),4.0L,,
EWL,025,004,Powertrain Control Module (PCM),4.0L,,
EWL,025,005,Powertrain Control Module (PCM),4.0L,,
EWL,025,006,Powertrain Control Module (PCM),4.0L,,
EWL,025,007,Powertrain Control Module (PCM),4.0L,,
EWL,025,008,Powertrain Control Module (PCM),4.0L,,
EWL,029,001,Powertrain Control Module (PCM),2.5L,,
EWL,029,001,Powertrain Control Module (PCM),3.0L,,
EWL,029,002,Powertrain Control Module (PCM),2.5L,,
EWL,029,002,Powertrain Control Module (PCM),3.0L,,
EWL,029,003,Powertrain Control Module (PCM),2.5L,,
EWL,029,003,Powertrain Control Module (PCM),3.0L,,
EWL,029,004,Powertrain Control Module (PCM),2.5L,,
EWL,029,004,Powertrain Control Module (PCM),3.0L,,
EWL,030,001,Powertrain Control Module (PCM),4.0L,,
EWL,030,002,Powertrain Control Module (PCM),4.0L,,
EWL,030,003,Powertrain Control Module (PCM),4.0L,,
EWL,030,004,Powertrain Control Module (PCM),4.0L,,
EWL,042,004,Powertrain Control Module (PCM),3.0L,,
EWL,042,004,Powertrain Control Module (PCM),4.0L,,
EWL,054,002,Powertrain Control Module (PCM),2.5L,,
EWL,054,002,Powertrain Control Module (PCM),3.0L,,
EWL,054,002,Powertrain Control Module (PCM),4.0L,,
EWL,060,001,Powertrain Control Module (PCM),2.5L,,
EWL,060,001,Powertrain Control Module (PCM),3.0L,,
EWL,060,001,Powertrain Control Module (PCM),4.0L,,
EWL,060,002,Powertrain Control Module (PCM),2.5L,,
EWL,060,002,Powertrain Control Module (PCM),3.0L,,
EWL,060,002,Powertrain Control Module (PCM),4.0L,,
EWL,060,003,Powertrain Control Module (PCM),2.5L,,
EWL,060,003,Powertrain Control Module (PCM),3.0L,,
EWL,060,003,Powertrain Control Module (PCM),4.0L,,
EWL,064,001,Powertrain Control Module (PCM),2.5L,,
EWL,064,001,Powertrain Control Module (PCM),3.0L,,
EWL,064,001,Powertrain Control Module (PCM),4.0L,,
EWL,064,002,Powertrain Control Module (PCM),2.5L,,
EWL,064,002,Powertrain Control Module (PCM),3.0L,,
EWL,064,002,Powertrain Control Module (PCM),4.0L,,
EWL,090,004,Powertrain Control Module (PCM),2.5L,,
EWL,090,004,Powertrain Control Module (PCM),3.0L,,
EWL,090,004,Powertrain Control Module (PCM),4.0L,,
EWL,093,001,Powertrain Control Module (PCM),2.5L,,
EWL,093,001,Powertrain Control Module (PCM),3.0L,,
EWL,093,001,Powertrain Control Module (PCM),4.0L,,
EWL,013,006,Primary Coil,,,
EWL,021,001,Primary Coil,,,
EWL,013,015,Pulse Vacuum Hublock (PVH) Solenoid,3.0L,,
EWL,013,015,Pulse Vacuum Hublock (PVH) Solenoid,4.0L,,
EWL,034,002,Pulse Vacuum Hublock (PVH) Solenoid,3.0L,,
EWL,034,002,Pulse Vacuum Hublock (PVH) Solenoid,4.0L,,
EWL,059,003,Pulse Vacuum Hublock (PVH) Solenoid,3.0L,,
EWL,059,003,Pulse Vacuum Hublock (PVH) Solenoid,4.0L,,
EWL,042,002,RABS Diode,2.5L,,
EWL,042,002,RABS Diode,3.0L,,
EWL,042,002,RABS Diode,4.0L,,
EWL,060,005,RABS Diode,2.5L,,
EWL,060,005,RABS Diode,3.0L,,
EWL,060,005,RABS Diode,4.0L,,
EWL,013,014,RABS Resistor,2.5L,,
EWL,013,014,RABS Resistor,3.0L,,
EWL,013,014,RABS Resistor,4.0L,,
EWL,042,002,RABS Resistor,2.5L,,
EWL,042,002,RABS Resistor,3.0L,,
EWL,042,002,RABS Resistor,4.0L,,
EWL,060,005,RABS Resistor,2.5L,,
EWL,060,005,RABS Resistor,3.0L,,
EWL,060,005,RABS Resistor,4.0L,,
EWL,013,011,RABS Test Connector,,,
EWL,042,001,RABS Test Connector,,,
EWL,042,002,RABS Test Connector,,,
EWL,010,005,Radio,,,
EWL,010,008,Radio,,,
EWL,013,010,Radio,,,
EWL,013,013,Radio,,,
EWL,013,018,Radio,,,
EWL,071,001,Radio,,,
EWL,010,008,Remote Anti-Theft Personality (RAP) Module,,,
EWL,013,003,Remote Anti-Theft Personality (RAP) Module,,,
EWL,013,013,Remote Anti-Theft Personality (RAP) Module,,,
EWL,014,001,Remote Anti-Theft Personality (RAP) Module,,,
EWL,060,004,Remote Anti-Theft Personality (RAP) Module,,,
EWL,071,001,Remote Anti-Theft Personality (RAP) Module,,,
EWL,110,002,Remote Anti-Theft Personality (RAP) Module,,,
EWL,117,001,Remote Anti-Theft Personality (RAP) Module,,,
EWL,117,002,Remote Anti-Theft Personality (RAP) Module,,,
EWL,117,003,Remote Anti-Theft Personality (RAP) Module,,,
EWL,117,004,Remote Anti-Theft Personality (RAP) Module,,,
EWL,010,007,Right Backup Lamp,,,
EWL,093,002,Right Backup Lamp,,,
EWL,010,006,Right Door Ajar Switch,,,
EWL,059,002,Right Door Ajar Switch,,,
EWL,066,001,Right Door Ajar Switch,,,
EWL,010,006,Right Door Disarm Switch,,,
EWL,117,003,Right Door Disarm Switch,,,
EWL,110,001,Right Door Lock Motor,,,
EWL,010,006,Right Door Lock Switch,,,
EWL,110,002,Right Door Lock Switch,,,
EWL,130,001,Right Door Speaker,,,
EWL,010,007,Right Fog Lamp,3.0L,,
EWL,010,007,Right Fog Lamp,4.0L,,
EWL,086,001,Right Fog Lamp,3.0L,,
EWL,086,001,Right Fog Lamp,4.0L,,
EWL,010,007,Right Front Park/Turn Lamp,2.5L,,
EWL,010,007,Right Front Park/Turn Lamp,3.0L,,
EWL,010,007,Right Front Park/Turn Lamp,4.0L,,
EWL,013,021,Right Front Park/Turn Lamp,2.5L,,
EWL,013,021,Right Front Park/Turn Lamp,3.0L,,
EWL,013,021,Right Front Park/Turn Lamp,4.0L,,
EWL,090,003,Right Front Park/Turn Lamp,2.5L,,
EWL,090,003,Right Front Park/Turn Lamp,3.0L,,
EWL,090,003,Right Front Park/Turn Lamp,4.0L,,
EWL,092,002,Right Front Park/Turn Lamp,2.5L,,
EWL,092,002,Right Front Park/Turn Lamp,3.0L,,
EWL,092,002,Right Front Park/Turn Lamp,4.0L,,
EWL,010,007,Right Front Side Marker Lamp,2.5L,,
EWL,090,003,Right Rear Turn Lamp,,,
EWL,100,002,Right Window Switch,,,
EWL,010,008,Seat Belt Switch,,,
EWL,059,002,Seat Belt Switch,,,
EWL,060,003,Seat Belt Switch,,,
EWL,066,001,Seat Belt Switch,,,
EWL,013,006,Secondary Coil,,,
EWL,021,001,Secondary Coil,,,
EWL,010,004,Shift Lock Actuator,,,
EWL,013,015,Shift Lock Actuator,,,
EWL,037,001,Shift Lock Actuator,,,
EWL,090,004,Shift Lock Actuator,,,
EWL,010,007,Speed Control Servo/Amplifier Assembly,2.5L,,
EWL,010,007,Speed Control Servo/Amplifier Assembly,3.0L,,
EWL,010,007,Speed Control Servo/Amplifier Assembly,4.0L,,
EWL,013,015,Speed Control Servo/Amplifier Assembly,2.5L,,
EWL,013,015,Speed Control Servo/Amplifier Assembly,3.0L,,
EWL,013,015,Speed Control Servo/Amplifier Assembly,4.0L,,
EWL,031,002,Speed Control Servo/Amplifier Assembly,2.5L,,
EWL,031,002,Speed Control Servo/Amplifier Assembly,3.0L,,
EWL,031,002,Speed Control Servo/Amplifier Assembly,4.0L,,
EWL,060,003,Speed Control Servo/Amplifier Assembly,2.5L,,
EWL,060,003,Speed Control Servo/Amplifier Assembly,3.0L,,
EWL,060,003,Speed Control Servo/Amplifier Assembly,4.0L,,
EWL,064,001,Speed Control Servo/Amplifier Assembly,2.5L,,
EWL,064,001,Speed Control Servo/Amplifier Assembly,3.0L,,
EWL,064,001,Speed Control Servo/Amplifier Assembly,4.0L,,
EWL,064,002,Speed Control Servo/Amplifier Assembly,2.5L,,
EWL,064,002,Speed Control Servo/Amplifier Assembly,3.0L,,
EWL,064,002,Speed Control Servo/Amplifier Assembly,4.0L,,
EWL,031,001,Speed Control Switch Assembly,,,
EWL,071,002,Speed Control Switch Assembly,,,
EWL,013,018,Starter Interrupt Relay,,,
EWL,020,001,Starter Interrupt Relay,,,
EWL,020,002,Starter Interrupt Relay,,,
EWL,117,002,Starter Interrupt Relay,,,
EWL,020,001,Starter Motor/Solenoid,2.5L,,
EWL,020,002,Starter Motor/Solenoid,3.0L,,
EWL,010,004,Starter Relay,,,
EWL,081,001,Wiper Hi-Lo Relay,3.0L,,
EWL,081,001,Wiper Hi-Lo Relay,4.0L,,
EWL,013,013,Wiper Run/Park Relay,2.5L,,
EWL,013,013,Wiper Run/Park Relay,3.0L,,
EWL,013,013,Wiper Run/Park Relay,4.0L,,
EWL,081,001,Wiper Run/Park Relay,2.5L,,
EWL,081,001,Wiper Run/Park Relay,3.0L,,
EWL,081,001,Wiper Run/Park Relay,4.0L,,
EWL,130,001,Radio,,,
EWL,013,006,Radio Noise Capacitor,2.5L,,
EWL,013,006,Radio Noise Capacitor,3.0L,,
EWL,013,006,Radio Noise Capacitor,4.0L,,
EWL,021,001,Radio Noise Capacitor,2.5L,,
EWL,021,001,Radio Noise Capacitor,3.0L,,
EWL,021,001,Radio Noise Capacitor,4.0L,,
EWL,010,002,Rear Anti-Lock Brake System (RABS) Module,,,
EWL,013,011,Rear Anti-Lock Brake System (RABS) Module,,,
EWL,013,019,Rear Anti-Lock Brake System (RABS) Module,,,
EWL,042,001,Rear Anti-Lock Brake System (RABS) Module,,,
EWL,042,002,Rear Anti-Lock Brake System (RABS) Module,,,
EWL,060,003,Rear Anti-Lock Brake System (RABS) Module,,,
EWL,090,004,Rear Anti-Lock Brake System (RABS) Module,,,
EWL,010,001,Rear Anti-lock Brake System (RABS) Proportioning Valve Switch Assembly,2.5L,,
EWL,010,001,Rear Anti-lock Brake System (RABS) Proportioning Valve Switch Assembly,3.0L,,
EWL,010,001,Rear Anti-lock Brake System (RABS) Proportioning Valve Switch Assembly,4.0L,,
EWL,042,002,Rear Anti-Lock Brake System (RABS) Proportioning Valve Switch Assembly,2.5L,,
EWL,042,002,Rear Anti-Lock Brake System (RABS) Proportioning Valve Switch Assembly,3.0L,,
EWL,042,002,Rear Anti-Lock Brake System (RABS) Proportioning Valve Switch Assembly,4.0L,,
EWL,042,002,Rear Axle Sensor,,,
EWL,042,004,Rear Axle Sensor,,,
EWL,064,001,Rear Axle Sensor,,,
EWL,064,002,Rear Axle Sensor,,,
EWL,010,006,Relay Box,,,
EWL,013,003,Relay Box,,,
EWL,013,004,Relay Box,,,
EWL,013,011,Relay Box,,,
EWL,013,016,Relay Box,,,
EWL,013,018,Relay Box,,,
EWL,013,020,Relay Box,,,
EWL,020,001,Relay Box,,,
EWL,020,002,Relay Box,,,
EWL,034,001,Relay Box,,,
EWL,059,002,Relay Box,,,
EWL,071,001,Relay Box,,,
EWL,089,001,Relay Box,,,
EWL,092,001,Relay Box,,,
EWL,100,001,Relay Box,,,
EWL,110,001,Relay Box,,,
EWL,117,001,Relay Box,,,
EWL,117,002,Relay Box,,,
EWL,010,007,Right Front Side Marker Lamp,3.0L,,
EWL,010,007,Right Front Side Marker Lamp,4.0L,,
EWL,013,021,Right Front Side Marker Lamp,2.5L,,
EWL,013,021,Right Front Side Marker Lamp,3.0L,,
EWL,013,021,Right Front Side Marker Lamp,4.0L,,
EWL,092,002,Right Front Side Marker Lamp,2.5L,,
EWL,092,002,Right Front Side Marker Lamp,3.0L,,
EWL,092,002,Right Front Side Marker Lamp,4.0L,,
EWL,042,004,Right Front Wheel Speed Sensor,2.5L,,
EWL,042,004,Right Front Wheel Speed Sensor,3.0L,,
EWL,042,004,Right Front Wheel Speed Sensor,4.0L,,
EWL,010,007,Right Headlamp,2.5L,,
EWL,010,007,Right Headlamp,3.0L,,
EWL,010,007,Right Headlamp,4.0L,,
EWL,013,012,Right Headlamp,2.5L,,
EWL,013,012,Right Headlamp,3.0L,,
EWL,013,012,Right Headlamp,4.0L,,
EWL,013,018,Right Headlamp,2.5L,,
EWL,013,018,Right Headlamp,3.0L,,
EWL,013,018,Right Headlamp,4.0L,,
EWL,085,001,Right Headlamp,2.5L,,
EWL,085,001,Right Headlamp,3.0L,,
EWL,085,001,Right Headlamp,4.0L,,
EWL,097,002,Right Headlamp,2.5L,,
EWL,097,002,Right Headlamp,3.0L,,
EWL,097,002,Right Headlamp,4.0L,,
EWL,010,008,Right License Lamp,,,
EWL,013,021,Right License Lamp,,,
EWL,092,003,Right License Lamp,,,
EWL,124,001,Right Power Mirror,,,
EWL,100,002,Right Power Window Motor,,,
EWL,046,001,Right Primary Crash Sensor,2.5L,,
EWL,046,001,Right Primary Crash Sensor,3.0L,,
EWL,046,001,Right Primary Crash Sensor,4.0L,,
EWL,010,008,Right Rear Door Ajar Switch,,,
EWL,059,005,Right Rear Door Ajar Switch,,,
EWL,066,002,Right Rear Door Ajar Switch,,,
EWL,130,002,Right Rear Door Speaker,,,
EWL,010,007,Right Rear Park/Stop Lamp,,,
EWL,013,021,Right Rear Park/Stop Lamp,,,
EWL,090,004,Right Rear Park/Stop Lamp,,,
EWL,092,003,Right Rear Park/Stop Lamp,,,
EWL,130,002,Right Rear Speaker,,,
EWL,010,007,Right Rear Turn Lamp,,,
EWL,013,001,Starter Relay,,,
EWL,020,001,Starter Relay,,,
EWL,020,002,Starter Relay,,,
EWL,117,002,Starter Relay,,,
EWL,023,004,Throttle Position (TP) Sensor,2.5L,,
EWL,024,004,Throttle Position (TP) Sensor,3.0L,,
EWL,025,004,Throttle Position (TP) Sensor,4.0L,,
EWL,029,002,Throttle Position (TP) Sensor,2.5L,,
EWL,029,002,Throttle Position (TP) Sensor,3.0L,,
EWL,030,002,Throttle Position (TP) Sensor,4.0L,,
EWL,034,001,Transfer Case Assembly,,,
EWL,034,002,Transfer Case Assembly,,,
EWL,013,015,Transmission Control Switch (TCS),,,
EWL,023,006,Transmission Control Switch (TCS),,,
EWL,024,006,Transmission Control Switch (TCS),,,
EWL,025,006,Transmission Control Switch (TCS),,,
EWL,029,002,Transmission Control Switch (TCS),,,
EWL,030,002,Transmission Control Switch (TCS),,,
EWL,013,013,Washer Pump Relay,2.5L,,
EWL,013,013,Washer Pump Relay,3.0L,,
EWL,013,013,Washer Pump Relay,4.0L,,
EWL,081,002,Washer Pump Relay,2.5L,,
EWL,081,002,Washer Pump Relay,3.0L,,
EWL,081,002,Washer Pump Relay,4.0L,,
EWL,010,007,Windshield Washer Pump,2.5L,,
EWL,010,007,Windshield Washer Pump,3.0L,,
EWL,010,007,Windshield Washer Pump,4.0L,,
EWL,081,002,Windshield Washer Pump,2.5L,,
EWL,081,002,Windshield Washer Pump,3.0L,,
EWL,081,002,Windshield Washer Pump,4.0L,,
EWL,010,005,Windshield Wiper Motor,2.5L,,
EWL,010,005,Windshield Wiper Motor,3.0L,,
EWL,010,005,Windshield Wiper Motor,4.0L,,
EWL,013,013,Windshield Wiper Motor,2.5L,,
EWL,013,013,Windshield Wiper Motor,3.0L,,
EWL,013,013,Windshield Wiper Motor,4.0L,,
EWL,081,001,Windshield Wiper Motor,2.5L,,
EWL,081,001,Windshield Wiper Motor,3.0L,,
EWL,081,001,Windshield Wiper Motor,4.0L,,
EWL,013,013,Wiper Hi-Lo Relay,2.5L,,
EWL,013,013,Wiper Hi-Lo Relay,3.0L,,
EWL,013,013,Wiper Hi-Lo Relay,4.0L,,
EWL,081,001,Wiper Hi-Lo Relay,2.5L,,
